year,race_key,state_po,district,dem_two_party,dem_winner,incumbent_party,lean_rel_dem,inc_dem,midterm_dem,log_ratio_dem,qual_dem,nat_env,holdout,dem_name,rep_name
2010,AL-02,AL,2,0.489062,false,Democrat,-0.034990,1,-1,0.000000,0,-0.019864,false,BOBBY BRIGHT,MARTHA ROBY
2010,AL-03,AL,3,0.405193,false,Republican,-0.079104,-1,-1,0.000000,0,-0.019864,false,STEVE SEGREST,MIKE ROGERS
2010,AL-05,AL,5,0.420643,false,,-0.020098,0,-1,0.000000,0,-0.019864,false,STEVE RABY,MO BROOKS
2010,AL-07,AL,7,0.724847,true,,0.000000,0,-1,0.000000,0,-0.019864,false,TERRI A SEWELL,DON CHAMBERLAIN
2010,AK-00,AK,0,0.306755,false,Republican,-0.065272,-1,-1,0.000000,0,-0.019864,false,HARRY T CRAWFORD JR,DON YOUNG
2010,AZ-01,AZ,1,0.467972,false,Democrat,0.048199,1,-1,0.000000,0,-0.019864,false,ANN KIRKPATRICK,PAUL GOSAR
2010,AZ-02,AZ,2,0.323712,false,Republican,-0.153419,-1,-1,0.000000,0,-0.019864,false,JOHN THRASHER,TRENT FRANKS
2010,AZ-03,AZ,3,0.440610,false,,-0.100555,0,-1,0.000000,0,-0.019864,false,JON HULBURD,BEN QUAYLE
2010,AZ-04,AZ,4,0.708606,true,Democrat,0.234309,1,-1,0.000000,0,-0.019864,false,ED PASTOR,JANET CONTRERAS
2010,AZ-05,AZ,5,0.453927,false,Democrat,0.011426,1,-1,0.000000,0,-0.019864,false,HARRY E MITCHELL,DAVID SCHWEIKERT
2010,AZ-06,AZ,6,0.304767,false,Republican,-0.181803,-1,-1,0.000000,0,-0.019864,false,REBECCA SCHNEIDER,JEFF FLAKE
2010,AZ-07,AZ,7,0.531766,true,Democrat,0.120528,1,-1,0.000000,0,-0.019864,false,RAUL M GRIJALVA,RUTH MCCLUNG
2010,AZ-08,AZ,8,0.507628,true,Democrat,0.022912,1,-1,0.000000,0,-0.019864,false,GABRIELLE GIFFORDS,JESSE KELLY
2010,AR-01,AR,1,0.456391,false,,0.000000,0,-1,0.000000,0,-0.019864,false,CHAD CAUSEY,RICK CRAWFORD
2010,AR-02,AR,2,0.397908,false,,0.000000,0,-1,0.000000,0,-0.019864,false,JOYCE ELLIOTT,TIM GRIFFIN
2010,AR-03,AR,3,0.275649,false,,0.000000,0,-1,0.000000,0,-0.019864,false,DAVID WHITAKER,STEVE WOMACK
2010,AR-04,AR,4,0.588943,true,Democrat,0.000000,1,-1,0.000000,0,-0.019864,false,MIKE ROSS,BETH ANNE RANKIN
2010,CA-01,CA,1,0.669243,true,Democrat,0.206483,1,-1,0.000000,0,-0.019864,false,MIKE THOMPSON,LOREN HANKS
2010,CA-02,CA,2,0.428482,false,Republican,-0.117059,-1,-1,0.000000,0,-0.019864,false,JIM REED,WALLY HERGER
2010,CA-03,CA,3,0.463076,false,Republican,-0.067852,-1,-1,0.000000,0,-0.019864,false,AMI BERA,DANIEL E LUNGREN
2010,CA-04,CA,4,0.339135,false,Republican,-0.040543,-1,-1,0.000000,0,-0.019864,false,CLINT CURTIS,TOM MCCLINTOCK
2010,CA-05,CA,5,0.740299,true,Democrat,0.243088,1,-1,0.000000,0,-0.019864,false,DORIS O MATSUI,PAUL A SMITH
2010,CA-06,CA,6,0.690032,true,Democrat,0.210630,1,-1,0.000000,0,-0.019864,false,LYNN C WOOLSEY,JIM JUDD
2010,CA-07,CA,7,0.683235,true,Democrat,0.231546,1,-1,0.000000,0,-0.019864,false,GEORGE MILLER,RICK TUBBS
2010,CA-08,CA,8,0.841181,true,Democrat,0.343177,1,-1,0.000000,0,-0.019864,false,NANCY PELOSI,JOHN DENNIS
2010,CA-09,CA,9,0.886687,true,Democrat,0.360635,1,-1,0.000000,0,-0.019864,false,BARBARA LEE,GERALD HASHIMOTO
2010,CA-10,CA,10,0.608510,true,,0.138497,0,-1,0.000000,0,-0.019864,false,JOHN GARAMENDI,GARY CLIFT
2010,CA-11,CA,11,0.505827,true,Democrat,0.014639,1,-1,0.000000,0,-0.019864,false,JERRY MCNERNEY,DAVID HARMER
2010,CA-12,CA,12,0.773686,true,Democrat,0.264622,1,-1,0.000000,0,-0.019864,false,JACKIE SPEIER,MIKE MOLONEY
2010,CA-13,CA,13,0.721854,true,Democrat,0.226194,1,-1,0.000000,0,-0.019864,false,FORTNEY PETE STARK,FOREST BAKER
2010,CA-14,CA,14,0.712837,true,Democrat,0.220331,1,-1,0.000000,0,-0.019864,false,ANNA G ESHOO,DAVE CHAPMAN
2010,CA-15,CA,15,0.675975,true,Democrat,0.216869,1,-1,0.000000,0,-0.019864,false,MICHAEL M HONDA,SCOTT KIRKLAND
2010,CA-16,CA,16,0.736265,true,Democrat,0.209701,1,-1,0.000000,0,-0.019864,false,ZOE LOFGREN,DANIEL SAHAGUN
2010,CA-17,CA,17,0.690675,true,Democrat,0.202893,1,-1,0.000000,0,-0.019864,false,SAM FARR,JEFF TAYLOR
2010,CA-18,CA,18,0.584841,true,Democrat,0.000000,1,-1,0.000000,0,-0.019864,false,DENNIS A CARDOZA,MICHAEL CLARE BERRYHILL SR
2010,CA-19,CA,19,0.352546,false,,0.000000,0,-1,0.000000,0,-0.019864,false,LORAINE GOODWIN,JEFF DENHAM
2010,CA-20,CA,20,0.517050,true,Democrat,0.205236,1,-1,0.000000,0,-0.019864,false,JIM COSTA,ANDY VIDAK
2010,CA-23,CA,23,0.605749,true,Democrat,0.142634,1,-1,0.000000,0,-0.019864,false,LOIS CAPPS,TOM WATSON
2010,CA-24,CA,24,0.400605,false,Republican,-0.119648,-1,-1,0.000000,0,-0.019864,false,TIMOTHY J ALLISON,ELTON GALLEGLY
2010,CA-25,CA,25,0.381674,false,Republican,-0.115389,-1,-1,0.000000,0,-0.019864,false,JACKIE CONAWAY,"HOWARD P ""BUCK"" MCKEON"
2010,CA-26,CA,26,0.402892,false,Republican,-0.103614,-1,-1,0.000000,0,-0.019864,false,RUSS WARNER,DAVID DREIER
2010,CA-27,CA,27,0.651507,true,Democrat,0.195854,1,-1,0.000000,0,-0.019864,false,BRAD SHERMAN,MARK REED
2010,CA-28,CA,28,0.756216,true,Democrat,0.000000,1,-1,0.000000,0,-0.019864,false,HOWARD L BERMAN,MERLIN FLOYD
2010,CA-29,CA,29,0.669459,true,Democrat,0.182344,1,-1,0.000000,0,-0.019864,false,ADAM B SCHIFF,JOHN P COLBERT
2010,CA-30,CA,30,0.669232,true,Democrat,0.000000,1,-1,0.000000,0,-0.019864,false,HENRY A WAXMAN,CHARLES E WILKERSON
2010,CA-31,CA,31,0.838205,true,Democrat,0.000000,1,-1,0.000000,0,-0.019864,false,XAVIER BECERRA,STEPHEN C SMITH
2010,CA-32,CA,32,0.710413,true,,0.000000,0,-1,0.000000,0,-0.019864,false,JUDY CHU,"EDWARD ""ED"" SCHMERLING"
2010,CA-33,CA,33,0.860812,true,,0.337577,0,-1,0.000000,0,-0.019864,false,KAREN BASS,JAMES L ANDION
2010,CA-34,CA,34,0.772293,true,Democrat,0.232837,1,-1,0.000000,0,-0.019864,false,LUCILLE ROYBAL-ALLARD,WAYNE MILLER
2010,CA-35,CA,35,0.793350,true,Democrat,0.323740,1,-1,0.000000,0,-0.019864,false,MAXINE WATERS,K BRUCE BROWN
2010,CA-36,CA,36,0.631855,true,Democrat,0.148335,1,-1,0.000000,0,-0.019864,false,JANE HARMAN,MATTIE FEIN
2010,CA-37,CA,37,0.746351,true,Democrat,0.000000,1,-1,0.000000,0,-0.019864,false,LAURA RICHARDSON,STAR PARKER
2010,CA-38,CA,38,0.734550,true,Democrat,0.000000,1,-1,0.000000,0,-0.019864,false,GRACE F NAPOLITANO,ROBERT VAUGHN
2010,CA-39,CA,39,0.659969,true,Democrat,0.158630,1,-1,0.000000,0,-0.019864,false,LINDA T SANCHEZ,LARRY S ANDRE
2010,CA-40,CA,40,0.332113,false,Republican,-0.163600,-1,-1,0.000000,0,-0.019864,false,CHRISTINA AVALOS,EDWARD R ROYCE
2010,CA-41,CA,41,0.367830,false,Republican,-0.154599,-1,-1,0.000000,0,-0.019864,false,PAT MEAGHER,JERRY LEWIS
2010,CA-42,CA,42,0.338678,false,Republican,-0.139690,-1,-1,0.000000,0,-0.019864,false,MICHAEL WILLIAMSON,GARY G MILLER
2010,CA-43,CA,43,0.654963,true,Democrat,0.153328,1,-1,0.000000,0,-0.019864,false,JOE BACA,SCOTT FOLKENS
2010,CA-44,CA,44,0.443865,false,Republican,-0.050021,-1,-1,0.000000,0,-0.019864,false,BILL HEDRICK,KEN CALVERT
2010,CA-45,CA,45,0.450078,false,Republican,-0.121019,-1,-1,0.000000,0,-0.019864,false,STEVE POUGNET,MARY BONO MACK
2010,CA-46,CA,46,0.377911,false,Republican,-0.087479,-1,-1,0.000000,0,-0.019864,false,KEN ARNOLD,DANA ROHRABACHER
2010,CA-47,CA,47,0.574301,true,Democrat,0.193951,1,-1,0.000000,0,-0.019864,false,LORETTA SANCHEZ,VAN TRAN
2010,CA-48,CA,48,0.378143,false,Republican,-0.115703,-1,-1,0.000000,0,-0.019864,false,BETH KROM,JOHN CAMPBELL
2010,CA-49,CA,49,0.333967,false,Republican,-0.146950,-1,-1,0.000000,0,-0.019864,false,HOWARD KATZ,DARRELL E ISSA
2010,CA-50,CA,50,0.407465,false,Republican,-0.064631,-1,-1,0.000000,0,-0.019864,false,FRANCINE BUSBY,BRIAN P BILBRAY
2010,CA-51,CA,51,0.600531,true,Democrat,0.212202,1,-1,0.000000,0,-0.019864,false,BOB FILNER,NICK POPADITCH
2010,CA-52,CA,52,0.336947,false,Republican,-0.129496,-1,-1,0.000000,0,-0.019864,false,RAY LUTZ,DUNCAN HUNTER
2010,CA-53,CA,53,0.646794,true,Democrat,0.175759,1,-1,0.000000,0,-0.019864,false,SUSAN A DAVIS,MICHAEL CRIMMINS
2010,CO-01,CO,1,0.700996,true,Democrat,0.213477,1,-1,0.000000,0,-0.019864,false,DIANA DEGETTE,MIKE FALLON
2010,CO-02,CO,2,0.602371,true,Democrat,0.110884,1,-1,0.000000,0,-0.019864,false,JARED POLIS,STEPHEN BAILEY
2010,CO-03,CO,3,0.477338,false,Democrat,0.078016,1,-1,0.000000,0,-0.019864,false,JOHN T SALAZAR,SCOTT R TIPTIN
2010,CO-04,CO,4,0.440728,false,Democrat,0.023861,1,-1,0.000000,0,-0.019864,false,BETSY MARKEY,CORY GARDNER
2010,CO-05,CO,5,0.308053,false,Republican,-0.156530,-1,-1,0.000000,0,-0.019864,false,KEVIN BRADLEY,DOUG LAMBORN
2010,CO-06,CO,6,0.323835,false,Republican,-0.144802,-1,-1,0.000000,0,-0.019864,false,JOHN FLERLAGE,MIKE COFFMAN
2010,CO-07,CO,7,0.561390,true,Democrat,0.096708,1,-1,0.000000,0,-0.019864,false,ED PERLMUTTER,RYAN FRAZIER
2010,CT-01,CT,1,0.608246,true,Democrat,0.178643,1,-1,0.000000,0,-0.019864,false,JOHN B LARSON,ANN BRICKLEY
2010,CT-02,CT,2,0.595572,true,,0.117396,0,-1,0.000000,0,-0.019864,false,JOE CORTNEY,JANET PECKINPAUGH
2010,CT-03,CT,3,0.644828,true,Democrat,0.239433,1,-1,0.000000,0,-0.019864,false,ROSA L DELAURO,JERRY LABRIOLA JR
2010,CT-04,CT,4,0.520482,true,,-0.033904,0,-1,0.000000,0,-0.019864,false,JAMES A HIMES,DAN DEBICELLA
2010,CT-05,CT,5,0.536626,true,Democrat,0.039399,1,-1,0.000000,0,-0.019864,false,CHRISTOPHER S MURPHY,SAM S F CALIGIURI
2010,DE-00,DE,0,0.580440,true,,-0.154645,0,-1,0.000000,0,-0.019864,false,JOHN C CARNEY,GLEN URQUHART
2010,FL-02,FL,2,0.435508,false,Democrat,0.080963,1,-1,0.000000,0,-0.019864,false,ALLEN BOYD,STEVE SOUTHERLAND
2010,FL-03,FL,3,0.650375,true,Democrat,0.000000,1,-1,0.000000,0,-0.019864,false,CORRINE BROWN,"MICAHEL ""MIKE"" YOST"
2010,FL-05,FL,5,0.325692,false,,-0.149655,0,-1,0.000000,0,-0.019864,false,"JAMES ""JIM"" PICCILLO","RICHARD B ""RICH"" NUGENT"
2010,FL-07,FL,7,0.309689,false,Republican,-0.158143,-1,-1,0.000000,0,-0.019864,false,HEATHER BEAVEN,JOHN L MICA
2010,FL-08,FL,8,0.405130,false,Democrat,-0.018004,1,-1,0.000000,0,-0.019864,false,ALAN GRAYSON,DANIEL WEBSTER
2010,FL-09,FL,9,0.285667,false,Republican,-0.169686,-1,-1,0.000000,0,-0.019864,false,ANITA DE PALMA,GUS M BILIRAKIS
2010,FL-10,FL,10,0.340793,false,Republican,-0.144930,-1,-1,0.000000,0,-0.019864,false,CHARLIE JUSTICE,C W BILL YOUNG
2010,FL-11,FL,11,0.596350,true,Democrat,0.178449,1,-1,0.000000,0,-0.019864,false,KATHY CASTOR,MIKE PRENDERGAST
2010,FL-12,FL,12,0.460795,false,,-0.112736,0,-1,0.000000,0,-0.019864,false,LORI EDWARDS,DENNIS A ROSS
2010,FL-13,FL,13,0.311399,false,Republican,-0.135108,-1,-1,0.000000,0,-0.019864,false,JAMES T GOLDEN,VERN BUCHANAN
2010,FL-14,FL,14,0.283509,false,Republican,-0.243979,-1,-1,0.000000,0,-0.019864,false,JAMES LLOYD ROACH,CONNIE MACK
2010,FL-15,FL,15,0.352716,false,Republican,-0.096522,-1,-1,0.000000,0,-0.019864,false,SHANNON ROBERTS,BILL POSEY
2010,FL-16,FL,16,0.331092,false,,-0.139042,0,-1,0.000000,0,-0.019864,false,JIM HORN,THOMAS J ROONEY
2010,FL-18,FL,18,0.311148,false,Republican,-0.116806,-1,-1,0.000000,0,-0.019864,false,ROLANDO A BANCIELLA,ILEANA ROS-LEHTINEN
2010,FL-19,FL,19,0.626559,true,,0.170251,0,-1,0.000000,0,-0.019864,false,THEODORE E DEUTCH,JOE BUDD
2010,FL-20,FL,20,0.612196,true,Democrat,0.000000,1,-1,0.000000,0,-0.019864,false,DEBBIE WASSERMAN SCHULTZ,KAREN HARRINGTON
2010,FL-22,FL,22,0.456364,false,Democrat,0.008692,1,-1,0.000000,0,-0.019864,false,RON KLEIN,ALLEN WEST
2010,FL-23,FL,23,0.788729,true,Democrat,0.283873,1,-1,0.000000,0,-0.019864,false,ALCEE L HASTINGS,BERNARD SANSARICQ
2010,FL-24,FL,24,0.403351,false,Democrat,0.043705,1,-1,0.000000,0,-0.019864,false,SUZANNE M KOSMAS,"SANDRA ""SANDY"" ADAMS"
2010,FL-25,FL,25,0.449554,false,,-0.068653,0,-1,0.000000,0,-0.019864,false,JOE GARCIA,DAVID RIVERA
2010,GA-01,GA,1,0.283712,false,Republican,-0.203442,-1,-1,0.000000,0,-0.019864,false,OSCAR L HARRIS II,JACK KINGSTON
2010,GA-02,GA,2,0.514409,true,Democrat,0.151380,1,-1,0.000000,0,-0.019864,false,SANFORD D BISHOP JR,MIKE KEOWN
2010,GA-03,GA,3,0.305206,false,Republican,-0.195056,-1,-1,0.000000,0,-0.019864,false,FRANK SAUNDERS,LYNN A WESTMORELAND
2010,GA-04,GA,4,0.746655,true,Democrat,0.000000,1,-1,0.000000,0,-0.019864,false,"HENRY C ""HANK"" JOHNSON JR","LISBETH ""LIZ"" CARTER"
2010,GA-05,GA,5,0.737199,true,Democrat,0.000000,1,-1,0.000000,0,-0.019864,false,JOHN LEWIS,FENN LITTLE
2010,GA-07,GA,7,0.329295,false,,-0.158394,0,-1,0.000000,0,-0.019864,false,DOUG HECKMANN,ROB WOODALL
2010,GA-08,GA,8,0.473028,false,Democrat,0.034328,1,-1,0.000000,0,-0.019864,false,JIM MARSHALL,AUSTIN SCOTT
2010,GA-10,GA,10,0.326418,false,Republican,-0.145383,-1,-1,0.000000,0,-0.019864,false,RUSSELL EDWARDS,PAUL C BROUN
2010,GA-12,GA,12,0.565855,true,Democrat,0.121894,1,-1,0.000000,0,-0.019864,false,JOHN BARROW,RAYMOND MCKINNEY
2010,GA-13,GA,13,0.694301,true,Democrat,0.152340,1,-1,0.000000,0,-0.019864,false,DAVID SCOTT,MIKE CRANE
2010,HI-01,HI,1,0.532276,true,,0.263708,0,-1,0.000000,0,-0.019864,false,COLLEEN HANABUSA,CHARLES DJOU
2010,HI-02,HI,2,0.740316,true,Democrat,0.250517,1,-1,0.000000,0,-0.019864,false,MAZIE K HIRONO,JOHN W WILLOUGHBY
2010,ID-01,ID,1,0.447243,false,Democrat,-0.032052,1,-1,0.000000,0,-0.019864,false,WALT MINNICK,RAUL R LABRADOR
2010,ID-02,ID,2,0.261786,false,Republican,-0.248530,-1,-1,0.000000,0,-0.019864,false,MIKE CRAWFORD,MICHAEL K SIMPSON
2010,IL-01,IL,1,0.835123,true,Democrat,0.320544,1,-1,0.000000,0,-0.019864,false,BOBBY L RUSH,RAYMOND G WARDINGLEY
2010,IL-02,IL,2,0.853395,true,Democrat,0.356037,1,-1,0.000000,0,-0.019864,false,JESSE L JACKSON JR,ISAAC C HAYES
2010,IL-03,IL,3,0.741512,true,Democrat,0.236085,1,-1,0.000000,0,-0.019864,false,DANIEL LIPINSKI,MICHAEL A BENDAS
2010,IL-04,IL,4,0.843820,true,Democrat,0.337242,1,-1,0.000000,0,-0.019864,false,LUIS V GUTIERREZ,ISRAEL VASQUEZ
2010,IL-05,IL,5,0.735667,true,,0.232293,0,-1,0.000000,0,-0.019864,false,MIKE QUIGLEY,DAVID RATOWITZ
2010,IL-06,IL,6,0.363550,false,Republican,-0.113814,-1,-1,0.000000,0,-0.019864,false,BENJAMIN S LOWE,PETER J ROSKAM
2010,IL-07,IL,7,0.835164,true,Democrat,0.312066,1,-1,0.000000,0,-0.019864,false,DANNY K DAVIS,MARK M WEIMAN
2010,IL-08,IL,8,0.499260,false,Democrat,0.069095,1,-1,0.000000,0,-0.019864,false,MELISSA L BEAN,JOE WALSH
2010,IL-09,IL,9,0.680540,true,,0.234359,0,-1,0.000000,0,-0.019864,false,JANICE D SCAKOWSKY,JOEL BARRY POLLAK
2010,IL-10,IL,10,0.489195,false,,-0.063698,0,-1,0.000000,0,-0.019864,false,DANIEL J SEALS,ROBERT DOLD
2010,IL-11,IL,11,0.426510,false,Democrat,0.090665,1,-1,0.000000,0,-0.019864,false,DEBORAH L HALVORSON,ADAM KINZINGER
2010,IL-12,IL,12,0.620895,true,Democrat,0.202966,1,-1,0.000000,0,-0.019864,false,JERRY F COSTELLO,TERI NEWMAN
2010,IL-13,IL,13,0.361897,false,Republican,-0.089063,-1,-1,0.000000,0,-0.019864,false,SCOTT HARPER,JUDY BIGGERT
2010,IL-14,IL,14,0.467481,false,Democrat,0.039371,1,-1,0.000000,0,-0.019864,false,BILL FOSTER,"RANDALL M ""RANDY"" HULTGREN"
2010,IL-15,IL,15,0.356793,false,Republican,-0.180003,-1,-1,0.000000,0,-0.019864,false,DAVID GILL,TIMOTHY V JOHNSON
2010,IL-16,IL,16,0.323178,false,Republican,-0.165949,-1,-1,0.000000,0,-0.019864,false,GEORGE W GAULRAPP,DONALD A MANZULLO
2010,IL-17,IL,17,0.449670,false,Democrat,0.000000,1,-1,0.000000,0,-0.019864,false,PHIL HARE,BOBBY SCHILLING
2010,IL-18,IL,18,0.271759,false,Republican,-0.146271,-1,-1,0.000000,0,-0.019864,false,"DEIRDRE ""D K"" HIRNER",AARON SCHOCK
2010,IL-19,IL,19,0.287752,false,Republican,-0.196958,-1,-1,0.000000,0,-0.019864,false,TIM BAGWELL,JOHN SHIMKUS
2010,IN-01,IN,1,0.602546,true,Democrat,0.184788,1,-1,0.000000,0,-0.019864,false,PETER J VISCLOSKY,MARK LEYVA
2010,IN-02,IN,2,0.507044,true,Democrat,0.151247,1,-1,0.000000,0,-0.019864,false,JOE DONNELLY,JACKIE WALORSKI
2010,IN-03,IN,3,0.345347,false,,-0.119049,0,-1,0.000000,0,-0.019864,false,THOMAS HAYHURST,MARLIN A STUTZMAN
2010,IN-04,IN,4,0.277057,false,,-0.136827,0,-1,0.000000,0,-0.019864,false,DAVID SANDERS,TODD ROKITA
2010,IN-05,IN,5,0.290079,false,Republican,-0.193596,-1,-1,0.000000,0,-0.019864,false,TIM CRAWFORD,DAN BURTON
2010,IN-06,IN,6,0.310099,false,Republican,-0.195169,-1,-1,0.000000,0,-0.019864,false,BARRY WELSH,MIKE PENCE
2010,IN-07,IN,7,0.609040,true,Democrat,0.112676,1,-1,0.000000,0,-0.019864,false,ANDRE CARSON,MARVIN B SCOTT
2010,IN-08,IN,8,0.394085,false,,0.109292,0,-1,0.000000,0,-0.019864,false,W TRENT VANHAAFTEN,LARRY D BUCHSON
2010,IN-09,IN,9,0.446842,false,Democrat,0.062537,1,-1,0.000000,0,-0.019864,false,BARON P HILL,TODD YOUNG
2010,IA-01,IA,1,0.510284,true,Democrat,0.107957,1,-1,0.000000,0,-0.019864,false,BRUCE L BRALEY,BENJAMIN M LANGE
2010,IA-02,IA,2,0.526163,true,Democrat,0.057878,1,-1,0.000000,0,-0.019864,false,DAVID LOEBSACK,MARIANNETTE MILLER-MEEKS
2010,IA-03,IA,3,0.521835,true,Democrat,0.034321,1,-1,0.000000,0,-0.019864,false,LEONARD L BOSWELL,BRAD ZAUN
2010,IA-04,IA,4,0.327474,false,Republican,-0.143777,-1,-1,0.000000,0,-0.019864,false,BILL MASKE,TOM LATHAM
2010,IA-05,IA,5,0.329778,false,Republican,-0.153595,-1,-1,0.000000,0,-0.019864,false,MATTHEW CAMPBELL,STEVE KING
2010,KS-01,KS,1,0.236481,false,,-0.398646,0,-1,0.000000,0,-0.019864,false,ALAN JILKA,TIM HUELSKAMP
2010,KS-02,KS,2,0.338660,false,,-0.060827,0,-1,0.000000,0,-0.019864,false,CHERYL HUDSPETH,LYNN JENKINKS
2010,KS-03,KS,3,0.398310,false,,0.049225,0,-1,0.000000,0,-0.019864,false,STEPHENE MOORE,KEVIN YODER
2010,KS-04,KS,4,0.382737,false,,-0.200061,0,-1,0.000000,0,-0.019864,false,RAJ GOYLE,MIKE POMPEO
2010,KY-01,KY,1,0.287547,false,Republican,-0.181604,-1,-1,0.000000,0,-0.019864,false,CHARLES KENDALL HATCHETT,ED WHITFIELD
2010,KY-02,KY,2,0.321130,false,,-0.063839,0,-1,0.000000,0,-0.019864,false,ED MARKSBERRY,BRETT GUTHRIE
2010,KY-03,KY,3,0.554071,true,Democrat,0.055545,1,-1,0.000000,0,-0.019864,false,JOHN A YARMUTH,TODD LALLY
2010,KY-04,KY,4,0.305226,false,Republican,-0.168447,-1,-1,0.000000,0,-0.019864,false,JOHN WALTZ,GEOFF DAVIS
2010,KY-05,KY,5,0.225754,false,Republican,0.000000,-1,-1,0.000000,0,-0.019864,false,"JAMES E ""JIM"" HOLBERT",HAROLD ROGERS
2010,KY-06,KY,6,0.501356,true,Democrat,0.108469,1,-1,0.000000,0,-0.019864,false,BEN CHANDLER,"GARLAND ""ANDY"" BARR"
2010,LA-01,LA,1,0.196403,false,Republican,-0.194927,-1,-1,0.000000,0,-0.019864,false,MYRON KATZ,STEVE SCALISE
2010,LA-02,LA,2,0.658664,true,Republican,-0.052182,-1,-1,0.000000,0,-0.019864,false,CEDRIC RICHMOND,"ANH ""JOSEPH"" CAO"
2010,LA-03,LA,3,0.362331,false,,0.000000,0,-1,0.000000,0,-0.019864,false,RAVI SANGISETTY,"""JEFF"" LANDRY"
2010,LA-04,LA,4,0.341665,false,Republican,-0.040083,-1,-1,0.000000,0,-0.019864,false,DAVID MELVILLE,JOHN FLEMING
2010,LA-06,LA,6,0.343667,false,,-0.082361,0,-1,0.000000,0,-0.019864,false,MERRITT E MCDONALD SR,BILL CASSIDY
2010,ME-01,ME,1,0.568231,true,Democrat,0.010880,1,-1,0.000000,0,-0.019864,false,CHELLIE PINGREE,DEAN PETER SCONTRAS
2010,ME-02,ME,2,0.551316,true,Democrat,0.136244,1,-1,0.000000,0,-0.019864,false,MICHAEL H MICHAUD,JASON J LEVESQUE
2010,MD-01,MD,1,0.436995,false,Democrat,-0.034050,1,-1,0.000000,0,-0.019864,false,FRANK KRATOVIL JR,ANDY HARRIS
2010,MD-02,MD,2,0.658625,true,Democrat,0.205242,1,-1,0.000000,0,-0.019864,false,C A DUTCH RUPPERSBERGER,MARCELO CARDARELLI
2010,MD-03,MD,3,0.629058,true,Democrat,0.160292,1,-1,0.000000,0,-0.019864,false,JOHN P SARBANES,JIM WILHELM
2010,MD-04,MD,4,0.835849,true,Democrat,0.331651,1,-1,0.000000,0,-0.019864,false,DONNA F EDWARDS,ROBERT BROADUS
2010,MD-05,MD,5,0.649852,true,Democrat,0.216320,1,-1,0.000000,0,-0.019864,false,STENY H HOYER,CHARLES LOLLAR
2010,MD-06,MD,6,0.350910,false,Republican,-0.136374,-1,-1,0.000000,0,-0.019864,false,ANDREW DUCK,ROSCOE G BARTLETT
2010,MD-07,MD,7,0.767011,true,Democrat,0.272436,1,-1,0.000000,0,-0.019864,false,ELIJAH E CUMMINGS,FRANK MIRABILE JR
2010,MD-08,MD,8,0.745571,true,Democrat,0.237801,1,-1,0.000000,0,-0.019864,false,CHRIS VAN HOLLEN,MICHAEL LEE PHILIPS
2010,MA-01,MA,1,0.632375,true,Democrat,0.191177,1,-1,0.000000,0,-0.019864,false,JOHN W OLVER,WILLIAM L GUNN JR
2010,MA-02,MA,2,0.573710,true,Democrat,0.000000,1,-1,0.000000,0,-0.019864,false,RICHARD E NEAL,THOMAS A WESLEY
2010,MA-03,MA,3,0.590419,true,Democrat,0.000000,1,-1,0.000000,0,-0.019864,false,JAMES P MCGOVERN,MARTIN A LAMB
2010,MA-04,MA,4,0.554185,true,Democrat,0.190641,1,-1,0.000000,0,-0.019864,false,BARNEY FRANK,SEAN D M MIELAT
2010,MA-05,MA,5,0.564854,true,Democrat,0.000000,1,-1,0.000000,0,-0.019864,false,NIKI TSONGAS,JONATHAN A GOLNIK
2010,MA-06,MA,6,0.569420,true,Democrat,0.166480,1,-1,0.000000,0,-0.019864,false,JOHN F TIERNEY,BILL HUDAK
2010,MA-07,MA,7,0.664784,true,Democrat,0.219356,1,-1,0.000000,0,-0.019864,false,EDWARD J MARKEY,GERRY DEMBROWSKI
2010,MA-09,MA,9,0.723709,true,Democrat,0.000000,1,-1,0.000000,0,-0.019864,false,STEPHEN F LYNCH,VERNON M HARRISON
2010,MA-10,MA,10,0.525149,true,,0.000000,0,-1,0.000000,0,-0.019864,false,WILLIAM R KEATING,JEFFREY DAVIS PERRY
2010,MI-01,MI,1,0.440331,false,,0.127035,0,-1,0.000000,0,-0.019864,false,GARY MCDOWELL,DAN BENISHEK
2010,MI-02,MI,2,0.326352,false,,-0.179884,0,-1,0.000000,0,-0.019864,false,FRED JOHNSON,BILL HUIZENGA
2010,MI-03,MI,3,0.385695,false,,-0.171498,0,-1,0.000000,0,-0.019864,false,PAT MILES,JUSTIN AMASH
2010,MI-04,MI,4,0.315491,false,Republican,-0.172604,-1,-1,0.000000,0,-0.019864,false,JERRY M CAMPBELL,DAVE CAMP
2010,MI-05,MI,5,0.544693,true,Democrat,0.184834,1,-1,0.000000,0,-0.019864,false,DALE E KILDEE,JOHN KUPIEC
2010,MI-06,MI,6,0.351444,false,Republican,-0.142311,-1,-1,0.000000,0,-0.019864,false,DON COONEY,FRED UPTON
2010,MI-07,MI,7,0.474992,false,Democrat,-0.026005,1,-1,0.000000,-1,-0.019864,false,MARK H SCHAUER,TIM WALBERG
2010,MI-08,MI,8,0.348834,false,Republican,-0.122301,-1,-1,0.000000,0,-0.019864,false,LANCE ENDERLE,MIKE ROGERS
2010,MI-09,MI,9,0.513068,true,Democrat,0.011803,1,-1,0.000000,0,-0.019864,false,GARY C PETERS,ROCKY RACZKOWSKI
2010,MI-10,MI,10,0.257962,false,Republican,-0.218316,-1,-1,0.000000,0,-0.019864,false,HENRY YANEZ,CANDICE S MILLER
2010,MI-11,MI,11,0.393717,false,Republican,-0.069293,-1,-1,0.000000,0,-0.019864,false,NATALIE MOSHER,THADDEUS G MCCOTTER
2010,MI-12,MI,12,0.635937,true,Democrat,0.213058,1,-1,0.000000,0,-0.019864,false,SANDER M LEVIN,DON VOLARIC
2010,MI-13,MI,13,0.811318,true,,0.257226,0,-1,0.000000,0,-0.019864,false,HANSEN CLARKE,JOHN HAULER
2010,MI-14,MI,14,0.794365,true,Democrat,0.000000,1,-1,0.000000,0,-0.019864,false,JOHN CONYERS JR,DON UKRAINEC
2010,MI-15,MI,15,0.586333,true,Democrat,0.201031,1,-1,0.000000,0,-0.019864,false,JOHN D DINGELL,ROB STEELE
2010,MN-01,MN,1,0.528330,true,Democrat,0.116837,1,-1,0.000000,0,-0.019864,false,TIMOTHY J WALZ,RANDY DEMMER
2010,MN-02,MN,2,0.366273,false,Republican,-0.111913,-1,-1,0.000000,0,-0.019864,false,SHELLEY MADORE,JOHN KLINE
2010,MN-03,MN,3,0.383449,false,Republican,-0.080790,-1,-1,0.000000,0,-0.019864,false,JIM MEFFERT,ERIK PAULSEN
2010,MN-04,MN,4,0.630494,true,Democrat,0.148010,1,-1,0.000000,0,-0.019864,false,BETTY MCCOLLUM,TERESA COLLETT
2010,MN-05,MN,5,0.737107,true,Democrat,0.224996,1,-1,0.000000,0,-0.019864,false,KEITH ELLISON,JOEL DEMOS
2010,MN-06,MN,6,0.431097,false,Republican,-0.054653,-1,-1,0.000000,0,-0.019864,false,TARRYL CLARK,MICHELE BACHMANN
2010,MN-07,MN,7,0.594848,true,Democrat,0.184843,1,-1,0.000000,0,-0.019864,false,COLLIN C PETERSON,LEE BYBERG
2010,MN-08,MN,8,0.491624,false,Democrat,0.139854,1,-1,0.000000,0,-0.019864,false,JAMES L OBERSTAR,CHIP CRAVAACK
2010,MS-01,MS,1,0.424723,false,Democrat,0.015708,1,-1,0.000000,0,-0.019864,false,TRAVIS W CHILDERS,ALAN NUNELEE
2010,MS-02,MS,2,0.620205,true,Democrat,0.152393,1,-1,0.000000,0,-0.019864,false,BENNIE G THOMPSON,BILL MARCY
2010,MS-03,MS,3,0.314488,false,Republican,-0.163484,-1,-1,0.000000,0,-0.019864,false,JEOL L GILL,GREGG HARPER
2010,MS-04,MS,4,0.474185,false,Democrat,0.207253,1,-1,0.000000,0,-0.019864,false,GENE TAYLOR,STEVEN PALAZZO
2010,MO-01,MO,1,0.756906,true,Democrat,0.000000,1,-1,0.000000,0,-0.019864,false,WM LACY CLAY,ROBYN HAMLIN
2010,MO-02,MO,2,0.300320,false,Republican,-0.175628,-1,-1,0.000000,0,-0.019864,false,ARTHUR LIEBER,W TODD AKIN
2010,MO-03,MO,3,0.511952,true,Democrat,0.147697,1,-1,0.000000,0,-0.019864,false,RUSS CARNAHAN,ED MARTIN
2010,MO-04,MO,4,0.472196,false,Democrat,0.120997,1,-1,0.000000,0,-0.019864,false,IKE SKELTON,VICKY HARTZLER
2010,MO-05,MO,5,0.546873,true,Democrat,0.105622,1,-1,0.000000,0,-0.019864,false,EMANUEL CLEAVER,JACOB TURK
2010,MO-06,MO,6,0.305420,false,Republican,-0.155300,-1,-1,0.000000,0,-0.019864,false,CLINT HYLTON,SAM GRAVES
2010,MO-07,MO,7,0.323871,false,,-0.244553,0,-1,0.000000,0,-0.019864,false,SCOTT ECKERSLEY,BILLY LONG
2010,MO-08,MO,8,0.304945,false,Republican,-0.270093,-1,-1,0.000000,0,-0.019864,false,TOMMY SOWERS,JO ANN EMERSON
2010,MT-00,MT,0,0.359058,false,,-0.202343,0,-1,0.000000,0,-0.019864,false,DENNIS MCDONALD,DENNY REHBERG
2010,NE-01,NE,1,0.287272,false,Republican,-0.241720,-1,-1,0.000000,0,-0.019864,false,IVY HARPER,JEFF FORTENBERRY
2010,NE-02,NE,2,0.391937,false,Republican,-0.057375,-1,-1,0.000000,0,-0.019864,false,TOM WHITE,LEE TERRY
2010,NE-03,NE,3,0.203333,false,Republican,-0.306850,-1,-1,0.000000,0,-0.019864,false,REBEKAH DAVIS,ADRIAN SMITH
2010,NV-01,NV,1,0.636374,true,Democrat,0.166771,1,-1,0.000000,0,-0.019864,false,SHELLEY BERKLEY,KENNETH A WEGNER
2010,NV-02,NV,2,0.340320,false,Republican,-0.093789,-1,-1,0.000000,0,-0.019864,false,NANCY PRICE,DEAN HELLER
2010,NV-03,NV,3,0.496587,false,Democrat,-0.009478,1,-1,0.000000,0,-0.019864,false,DINA TITUS,JOSEPH JOHN HECK
2010,NH-01,NH,1,0.439786,false,Democrat,-0.007913,1,-1,0.000000,0,-0.019864,false,CAROL SHEA-PORTER,FRANK C GUINTA
2010,NH-02,NH,2,0.491693,false,,0.038616,0,-1,0.000000,-1,-0.019864,false,ANN MCLANE KUSTER,CHARLES BASS
2010,NJ-01,NJ,1,0.644855,true,Democrat,0.198029,1,-1,0.000000,0,-0.019864,false,ROBERT E ANDREWS,DALE GLADING
2010,NJ-02,NJ,2,0.320757,false,Republican,-0.139855,-1,-1,0.000000,0,-0.019864,false,GARY STEIN,FRANK A LOBIONDO
2010,NJ-03,NJ,3,0.486098,false,,-0.017346,0,-1,0.000000,0,-0.019864,false,JOHN H ALDER,JON RUNYAN
2010,NJ-04,NJ,4,0.286567,false,Republican,-0.207966,-1,-1,0.000000,0,-0.019864,false,HOWARD KLEINHENDLER,CHRISTOPHER H SMITH
2010,NJ-05,NJ,5,0.335544,false,Republican,-0.106634,-1,-1,0.000000,0,-0.019864,false,TOD THEISE,SCOTT GARRETT
2010,NJ-06,NJ,6,0.556059,true,Democrat,0.141169,1,-1,0.000000,0,-0.019864,false,FRANK PALLONE JR,ANNA C LITTLE
2010,NJ-07,NJ,7,0.406258,false,Republican,-0.081367,-1,-1,0.000000,0,-0.019864,false,ED POTOSNAK,LEONARD LANCE
2010,NJ-08,NJ,8,0.634246,true,,0.178118,0,-1,0.000000,0,-0.019864,false,BILL BASCRELL JR,ROLAND STRATEN
2010,NJ-09,NJ,9,0.616045,true,Democrat,0.146949,1,-1,0.000000,0,-0.019864,false,STEVEN R ROTHMAN,MICHAEL A AGOSTA
2010,NJ-10,NJ,10,0.869072,true,Democrat,0.000000,1,-1,0.000000,0,-0.019864,false,DONALD M PAYNE,MICHAEL J ALONSO
2010,NJ-11,NJ,11,0.312305,false,Republican,-0.163743,-1,-1,0.000000,0,-0.019864,false,DOUGLAS HERBERT,RODNEY P FRELINGHUYSEN
2010,NJ-12,NJ,12,0.536116,true,Democrat,0.103107,1,-1,0.000000,0,-0.019864,false,RUSH D HOLT,SCOTT SIPPRELLE
2010,NJ-13,NJ,13,0.762825,true,Democrat,0.237963,1,-1,0.000000,0,-0.019864,false,ALBIO SIRES,HENRIETTA DWYER
2010,NM-01,NM,1,0.518025,true,Democrat,0.018435,1,-1,0.000000,0,-0.019864,false,MARTIN HEINRICH,JONATHAN L BARELA
2010,NM-02,NM,2,0.445968,false,Democrat,0.021471,1,-1,0.000000,-1,-0.019864,false,HARRY TEAGUE,STEVE PEARCE
2010,NM-03,NM,3,0.569853,true,Democrat,0.112498,1,-1,0.000000,0,-0.019864,false,BEN RAY LUJAN,THOMAS E MULLINS
2010,NY-01,NY,1,0.556665,true,Democrat,0.048114,1,-1,0.000000,0,-0.019864,false,TIMOTHY H BISHOP,RANDY ALTSCHULER
2010,NY-02,NY,2,0.617781,true,Democrat,0.133963,1,-1,0.000000,0,-0.019864,false,STEVE ISRAEL,JOHN B GOMEZ
2010,NY-03,NY,3,0.280549,false,Republican,-0.153137,-1,-1,0.000000,0,-0.019864,false,HOWARD A KUDLER,PETER T KING
2010,NY-04,NY,4,0.576798,true,Democrat,0.104435,1,-1,0.000000,0,-0.019864,false,CAROLYN MCCARTHY,FRANCIS X BECKER
2010,NY-05,NY,5,0.662136,true,Democrat,0.172796,1,-1,0.000000,0,-0.019864,false,GARY L ACKERMAN,JAMES MILANO
2010,NY-06,NY,6,0.894307,true,Democrat,0.000000,1,-1,0.000000,0,-0.019864,false,GREGORY W MEEKS,ASHER E TAUB
2010,NY-07,NY,7,0.838220,true,Democrat,0.316623,1,-1,0.000000,0,-0.019864,false,JOSEPH CROWLEY,KENNETH A REYNOLDS
2010,NY-08,NY,8,0.770056,true,Democrat,0.266720,1,-1,0.000000,0,-0.019864,false,JERROLD NADLER,SUSAN L KONE
2010,NY-09,NY,9,0.639656,true,Democrat,0.000000,1,-1,0.000000,0,-0.019864,false,ANTHONY D WEINER,ROBERT L TURNER
2010,NY-10,NY,10,0.927904,true,Democrat,0.411650,1,-1,0.000000,0,-0.019864,false,EDOLPHUS TOWNS,DIANA MUNIZ
2010,NY-11,NY,11,0.919597,true,Democrat,0.393348,1,-1,0.000000,0,-0.019864,false,YVETTE D CLARKE,HUGH C CARR
2010,NY-13,NY,13,0.521236,true,Democrat,0.094766,1,-1,0.000000,0,-0.019864,false,MICHAEL E MCMAHON,MICHAEL G GRIMM
2010,NY-14,NY,14,0.769965,true,Democrat,0.264517,1,-1,0.000000,0,-0.019864,false,CAROLYN B MALONEY,DAVID RYAN BRUMBERG
2010,NY-15,NY,15,0.895214,true,Democrat,0.377633,1,-1,0.000000,0,-0.019864,false,CHARLES B RANGEL,MICHEL J FAULKNER
2010,NY-16,NY,16,0.964679,true,Democrat,0.430921,1,-1,0.000000,0,-0.019864,false,JOSE E SERRANO,FRANK DELLA VALLE
2010,NY-17,NY,17,0.761927,true,Democrat,0.268031,1,-1,0.000000,0,-0.019864,false,ELIOT L ENGEL,ANTHONY MELE
2010,NY-18,NY,18,0.656434,true,Democrat,0.157500,1,-1,0.000000,0,-0.019864,false,NITA M LOWEY,JIM RUSSELL
2010,NY-19,NY,19,0.526752,true,Democrat,0.038140,1,-1,0.000000,0,-0.019864,false,JOHN J HALL,NAN HAYMORTH
2010,NY-20,NY,20,0.491422,false,,0.103624,0,-1,0.000000,0,-0.019864,false,SCOTT MURPHY,CHRISTOPHER P GIBSON
2010,NY-21,NY,21,0.640128,true,Democrat,0.114027,1,-1,0.000000,0,-0.019864,false,PAUL TONKO,THEODORE J DANZ JR
2010,NY-22,NY,22,0.566304,true,Democrat,0.119770,1,-1,0.000000,0,-0.019864,false,MAURICE D HINCHEY,GEORGE K PHILLIPS
2010,NY-23,NY,23,0.527541,true,,-0.171068,0,-1,0.000000,0,-0.019864,false,WILLIAM L OWENS,MATTHEW A DOHENY
2010,NY-24,NY,24,0.511700,true,Democrat,0.001864,1,-1,0.000000,0,-0.019864,false,MICHAEL A ARCURI,RICHARD L HANNA
2010,NY-25,NY,25,0.560901,true,Democrat,0.043550,1,-1,0.000000,0,-0.019864,false,DANIEL B MAFFEI,ANN MARIE BUERKLE
2010,NY-26,NY,26,0.263939,false,Republican,-0.070588,-1,-1,0.000000,0,-0.019864,false,PHILIP A FEDELE,CHRISTOPHER JOHN LEE
2010,NY-27,NY,27,0.653954,true,,0.232308,0,-1,0.000000,0,-0.019864,false,BRIAN HIGGINGS,LEONARD A ROBERTO
2010,NY-28,NY,28,0.691989,true,Democrat,0.249071,1,-1,0.000000,0,-0.019864,false,LOUISE MCINTOSH SLAUGHTER,JILL A ROWLAND
2010,NY-29,NY,29,0.480286,false,,-0.007041,0,-1,0.000000,0,-0.019864,false,MATTHEW C ZELLER,THOMAS W REED II
2010,NC-01,NC,1,0.593095,true,Democrat,0.164717,1,-1,0.000000,0,-0.019864,false,G K BUTTERFIELD,ASHLEY WOOLARD
2010,NC-02,NC,2,0.496019,false,Democrat,0.143440,1,-1,0.000000,0,-0.019864,false,BOB ETHERIDGE,RENEE ELLMERS
2010,NC-03,NC,3,0.263784,false,Republican,-0.197106,-1,-1,0.000000,0,-0.019864,false,JOHNNY G ROUSE,WALTER B JONES
2010,NC-04,NC,4,0.571618,true,Democrat,0.095086,1,-1,0.000000,0,-0.019864,false,DAVID E PRICE,"WILLIAM ""B J"" LAWSON"
2010,NC-05,NC,5,0.341146,false,Republican,-0.121794,-1,-1,0.000000,0,-0.019864,false,BILLY KENNEDY,VIRGINIA FOXX
2010,NC-06,NC,6,0.247917,false,Republican,-0.208082,-1,-1,0.000000,0,-0.019864,false,SAM TURNER,HOWARD COBLE
2010,NC-07,NC,7,0.536811,true,Democrat,0.150334,1,-1,0.000000,0,-0.019864,false,MIKE MCINTYRE,ILARIO GREGORY PANTANO
2010,NC-08,NC,8,0.548322,true,Democrat,0.015712,1,-1,0.000000,-1,-0.019864,false,LARRY KISSELL,HAROLD JOHNSON
2010,NC-09,NC,9,0.310328,false,Republican,-0.172840,-1,-1,0.000000,0,-0.019864,false,JEFF DOCTOR,SUE WILKINS MYRICK
2010,NC-10,NC,10,0.288228,false,Republican,-0.113619,-1,-1,0.000000,0,-0.019864,false,JEFF GREGORY,PATRICK T MCHENRY
2010,NC-11,NC,11,0.543440,true,Democrat,0.095482,1,-1,0.000000,0,-0.019864,false,HEATH SHULER,JEFF MILLER
2010,NC-12,NC,12,0.651691,true,Democrat,0.177477,1,-1,0.000000,0,-0.019864,false,MELVIN L WATT,GREG DORITY
2010,NC-13,NC,13,0.554980,true,Democrat,0.121224,1,-1,0.000000,0,-0.019864,false,BRAD MILLER,"WILLIAM ""BILL"" RANDALL"
2010,ND-00,ND,0,0.450792,false,Democrat,0.081632,1,-1,0.000000,0,-0.019864,false,EARL POMEROY,RICK BERG
2010,OH-01,OH,1,0.471752,false,Democrat,-0.013168,1,-1,0.000000,-1,-0.019864,false,STEVE DRIEHAUS,STEVE CHABOT
2010,OH-02,OH,2,0.372220,false,Republican,-0.082923,-1,-1,0.000000,0,-0.019864,false,SURYA YALAMANCHILI,JEAN SCHMIDT
2010,OH-03,OH,3,0.318876,false,Republican,-0.171306,-1,-1,0.000000,0,-0.019864,false,JOE ROBERTS,MICHAEL R TURNER
2010,OH-04,OH,4,0.257084,false,Republican,-0.189788,-1,-1,0.000000,0,-0.019864,false,DOUG LITT,JIM JORDAN
2010,OH-05,OH,5,0.280740,false,Republican,-0.179019,-1,-1,0.000000,0,-0.019864,false,CALEB FINKENBINER,ROBERT E LATTA
2010,OH-06,OH,6,0.473604,false,Democrat,0.116667,1,-1,0.000000,0,-0.019864,false,CHARLES A WILSON,BILL JOHNSON
2010,OH-07,OH,7,0.341547,false,Republican,-0.120263,-1,-1,0.000000,0,-0.019864,false,BILL CONNER,STEVE AUSTRIA
2010,OH-08,OH,8,0.315813,false,Republican,-0.217146,-1,-1,0.000000,0,-0.019864,false,JUSTIN A COUSSOULE,JOHN A BOEHNER
2010,OH-09,OH,9,0.593538,true,Democrat,0.205626,1,-1,0.000000,0,-0.019864,false,MARCY KAPTUR,RICH IOTT
2010,OH-10,OH,10,0.547350,true,Democrat,0.054939,1,-1,0.000000,0,-0.019864,false,DENNIS J KUCINICH,PETER J CORRIGAN
2010,OH-11,OH,11,0.829299,true,Democrat,0.314691,1,-1,0.000000,0,-0.019864,false,MARCIA L FUDGE,THOMAS PEKAREK
2010,OH-12,OH,12,0.423492,false,Republican,-0.102758,-1,-1,0.000000,0,-0.019864,false,PAULA BROOKS,PATRICK J TIBERI
2010,OH-13,OH,13,0.557322,true,Democrat,0.108951,1,-1,0.000000,0,-0.019864,false,BETTY SUTTON,ROM GANLEY
2010,OH-14,OH,14,0.326337,false,Republican,-0.138960,-1,-1,0.000000,0,-0.019864,false,BILL O'NEILL,STEVEN C LATOURETTE
2010,OH-15,OH,15,0.432571,false,Democrat,-0.033934,1,-1,0.000000,0,-0.019864,false,MARY JO KILROY,STEVE STIVERS
2010,OH-16,OH,16,0.442042,false,Democrat,0.015522,1,-1,0.000000,0,-0.019864,false,JOHN A BOCCIERI,JIM RENACCI
2010,OH-17,OH,17,0.641796,true,Democrat,0.243350,1,-1,0.000000,0,-0.019864,false,TIM RYAN,JIM GRAHAM
2010,OH-18,OH,18,0.429138,false,Democrat,0.060637,1,-1,0.000000,0,-0.019864,false,ZACHARY T SPACE,BOB GIBBS
2010,OK-02,OK,2,0.565238,true,Democrat,0.166581,1,-1,0.000000,0,-0.019864,false,DAN BOREN,CHARLES THOMPSON
2010,OK-03,OK,3,0.220065,false,Republican,-0.285489,-1,-1,0.000000,0,-0.019864,false,FRANKIE ROBBINS,FRANK D LUCAS
2010,OK-05,OK,5,0.355831,false,,-0.197025,0,-1,0.000000,0,-0.019864,false,BILLY COYLE,JAMES LANKFORD
2010,OR-01,OR,1,0.566202,true,Democrat,0.000000,1,-1,0.000000,0,-0.019864,false,DAVID WU,ROB CORNILLES
2010,OR-02,OR,2,0.259225,false,Republican,-0.267762,-1,-1,0.000000,0,-0.019864,false,JOYCE B SEGERS,GREG WALDEN
2010,OR-03,OR,3,0.740378,true,Democrat,0.243436,1,-1,0.000000,0,-0.019864,false,EARL BLUMENAUER,DELIA LOPEZ
2010,OR-04,OR,4,0.555662,true,Democrat,0.000000,1,-1,0.000000,0,-0.019864,false,PETER A DEFAZIO,ART ROBINSON
2010,OR-05,OR,5,0.527221,true,Democrat,0.047861,1,-1,0.000000,0,-0.019864,false,KURT SCHRADER,SCOTT BRUUN
2010,PA-02,PA,2,0.892984,true,Democrat,0.351187,1,-1,0.000000,0,-0.019864,false,CHAKA FATTAH,RICK HELLBERG
2010,PA-03,PA,3,0.442776,false,,-0.025653,0,-1,0.000000,0,-0.019864,false,KATHLEEN A DAHLKEMPER,MIKE KELLY
2010,PA-04,PA,4,0.508136,true,Democrat,0.020470,1,-1,0.000000,0,-0.019864,false,JASON ALTMIRE,KEITH ROTHFUS
2010,PA-05,PA,5,0.291293,false,Republican,-0.118334,-1,-1,0.000000,0,-0.019864,false,MICHAEL PIPE,GLENN THOMPSON
2010,PA-06,PA,6,0.428975,false,Republican,-0.059120,-1,-1,0.000000,0,-0.019864,false,MANAN TRIVEDI,JIM GERLACH
2010,PA-07,PA,7,0.444565,false,,0.057817,0,-1,0.000000,0,-0.019864,false,BRYAN LENTZ,PATRICK MEEHAN
2010,PA-08,PA,8,0.464774,false,Democrat,0.038815,1,-1,0.000000,-1,-0.019864,false,PATRICK J MURPHY,MICHAEL G FITZPATRICK
2010,PA-09,PA,9,0.269387,false,Republican,-0.177349,-1,-1,0.000000,0,-0.019864,false,TOM CONNERS,BILL SHUSTER
2010,PA-10,PA,10,0.448233,false,Democrat,0.025207,1,-1,0.000000,0,-0.019864,false,CHRISTOPHER P CARNEY,THOMAS A MARINO
2010,PA-11,PA,11,0.452994,false,Democrat,-0.021836,1,-1,0.000000,0,-0.019864,false,PAUL E KANJORSKI,LOUIS J BARLETTA
2010,PA-12,PA,12,0.507790,true,,0.040411,0,-1,0.000000,0,-0.019864,false,MARK S CRITZ,TIM BURNS
2010,PA-13,PA,13,0.563416,true,Democrat,0.107066,1,-1,0.000000,0,-0.019864,false,ALLYSON Y SCHWARTZ,CARSON DEE ADCOCK
2010,PA-14,PA,14,0.709438,true,Democrat,0.000000,1,-1,0.000000,0,-0.019864,false,MICHAEL F DOYLE,MELISSA HALUSZCZAK
2010,PA-15,PA,15,0.421373,false,Republican,-0.123819,-1,-1,0.000000,0,-0.019864,false,JOHN B CALLAHAN,CHARLES W DENT
2010,PA-16,PA,16,0.346132,false,Republican,-0.124395,-1,-1,0.000000,0,-0.019864,false,LOIS HERR,JOSEPH R PITTS
2010,PA-17,PA,17,0.555006,true,Democrat,0.098685,1,-1,0.000000,0,-0.019864,false,TIM HOLDEN,DAVE ARGALL
2010,PA-18,PA,18,0.326718,false,Republican,-0.178778,-1,-1,0.000000,0,-0.019864,false,DAN CONNOLLY,TIM MURPHY
2010,PA-19,PA,19,0.244775,false,,-0.204569,0,-1,0.000000,0,-0.019864,false,RYAN S SANDERS,RODD RUSSELL PLATTS
2010,RI-01,RI,1,0.531827,true,,0.200743,0,-1,0.000000,0,-0.019864,false,DAVID N CICILLINE,JOHN J LOUGHLIN II
2010,RI-02,RI,2,0.653371,true,Democrat,0.163315,1,-1,0.000000,0,-0.019864,false,JAMES R LANGEVIN,MARK S ZACCARIA
2010,SC-01,SC,1,0.304910,false,,-0.058352,0,-1,0.000000,0,-0.019864,false,BEN FRASIER,TIM SCOTT
2010,SC-02,SC,2,0.450025,false,Republican,-0.075923,-1,-1,0.000000,0,-0.019864,false,ROB MILLER,JOE WILSON
2010,SC-03,SC,3,0.345023,false,,-0.185541,0,-1,0.000000,0,-0.019864,false,JANE BALLARD DYER,JEFF DUNCAN
2010,SC-04,SC,4,0.312153,false,,-0.157595,0,-1,0.000000,0,-0.019864,false,PAUL CORDEN,TREY GOWDY
2010,SC-05,SC,5,0.448411,false,Democrat,0.086868,1,-1,0.000000,0,-0.019864,false,JOHN M SPRATT JR,MICK MULVANEY
2010,SC-06,SC,6,0.633248,true,Democrat,0.137006,1,-1,0.000000,0,-0.019864,false,JAMES E CLYBURN,JIM PRATT
2010,SD-00,SD,0,0.488155,false,Democrat,0.137448,1,-1,0.000000,0,-0.019864,false,STEPHANIE HERSETH SANDLIN,KRISTI NOEM
2010,TN-01,TN,1,0.174739,false,,-0.283425,0,-1,0.000000,0,-0.019864,false,MICHAEL EDWARD CLARK,DAVID P ROE
2010,TN-02,TN,2,0.151918,false,Republican,-0.319237,-1,-1,0.000000,0,-0.019864,false,DAVE HANCOCK,JOHN J DUNCAN JR
2010,TN-03,TN,3,0.330282,false,,-0.254960,0,-1,0.000000,0,-0.019864,false,JOHN WOLFE,CHUCK FLEISCHMANN
2010,TN-04,TN,4,0.403242,false,Democrat,0.070357,1,-1,0.000000,0,-0.019864,false,LINCOLN DAVIS,SCOTT DESJARLAIS
2010,TN-05,TN,5,0.571981,true,Democrat,0.141700,1,-1,0.000000,0,-0.019864,false,JIM COOPER,DAVID HALL
2010,TN-06,TN,6,0.304042,false,,0.000000,0,-1,0.000000,0,-0.019864,false,BRETT CARTER,DIANE BLACK
2010,TN-07,TN,7,0.254836,false,Republican,-0.223957,-1,-1,0.000000,0,-0.019864,false,GREG RABIDOUX,MARSHA BLACKBURN
2010,TN-08,TN,8,0.396777,false,,0.000000,0,-1,0.000000,0,-0.019864,false,ROY HERRON,STEPHEN LEE FINCHER
2010,TN-09,TN,9,0.746616,true,Democrat,0.000000,1,-1,0.000000,0,-0.019864,false,STEVE COHEN,CHARLOTTE BERGMANN
2010,TX-03,TX,3,0.321067,false,Republican,-0.149135,-1,-1,0.000000,0,-0.019864,false,JOHN LINGENFELDER,SAM JOHNSON
2010,TX-04,TX,4,0.231089,false,Republican,-0.239550,-1,-1,0.000000,0,-0.019864,false,VALINDA HATHCOX,RALPH M HALL
2010,TX-05,TX,5,0.280671,false,Republican,0.000000,-1,-1,0.000000,0,-0.019864,false,TOM BERRY,JEB HENSARLING
2010,TX-06,TX,6,0.321284,false,Republican,-0.173344,-1,-1,0.000000,0,-0.019864,false,DAVID E COZAD,JOE BARTON
2010,TX-08,TX,8,0.176910,false,Republican,-0.283480,-1,-1,0.000000,0,-0.019864,false,KENT HARGETT,KEVIN BRADY
2010,TX-09,TX,9,0.767985,true,Democrat,0.000000,1,-1,0.000000,0,-0.019864,false,AL GREEN,STEVE MUELLER
2010,TX-10,TX,10,0.338190,false,Republican,-0.093451,-1,-1,0.000000,0,-0.019864,false,TED ANKRUM,MICHAEL T MCCAUL
2010,TX-11,TX,11,0.160386,false,Republican,0.000000,-1,-1,0.000000,0,-0.019864,false,JAMES QUILLIAN,K MICHAEL CONAWAY
2010,TX-12,TX,12,0.259136,false,Republican,-0.226452,-1,-1,0.000000,0,-0.019864,false,TRACEY SMITH,KAY GRANGER
2010,TX-14,TX,14,0.240097,false,Republican,0.000000,-1,-1,0.000000,0,-0.019864,false,ROBERT PRUETT,RON PAUL
2010,TX-15,TX,15,0.572623,true,Democrat,0.134754,1,-1,0.000000,0,-0.019864,false,RUBEN HINOJOSA,EDDIE ZAMORA
2010,TX-16,TX,16,0.613563,true,Democrat,0.000000,1,-1,0.000000,0,-0.019864,false,SILVESTRE REYES,TIM BESCO
2010,TX-17,TX,17,0.371763,false,Democrat,-0.000114,1,-1,0.000000,0,-0.019864,false,CHET EDWARDS,BILL FLORES
2010,TX-18,TX,18,0.720186,true,Democrat,0.253620,1,-1,0.000000,0,-0.019864,false,SHEILA JACKSON LEE,JOHN FAULK
2010,TX-19,TX,19,0.196784,false,Republican,-0.281941,-1,-1,0.000000,0,-0.019864,false,ANDY WILSON,RANDY NEUGEBAUER
2010,TX-20,TX,20,0.648714,true,Democrat,0.202499,1,-1,0.000000,0,-0.019864,false,CHARLES A GONZALEZ,CLAYTON TROTTER
2010,TX-21,TX,21,0.288078,false,Republican,0.000000,-1,-1,0.000000,0,-0.019864,false,LAINEY MELNICK,LAMAR SMITH
2010,TX-22,TX,22,0.306398,false,Republican,-0.074243,-1,-1,0.000000,0,-0.019864,false,KESHA ROGERS,PETE OLSON
2010,TX-23,TX,23,0.473611,false,Democrat,0.032756,1,-1,0.000000,0,-0.019864,false,CIRO D RODRIGUEZ,"FRANCISCO ""QUICO"" CANSECO"
2010,TX-25,TX,25,0.540900,true,Democrat,0.145636,1,-1,0.000000,0,-0.019864,false,LLOYD DOGGETT,DONNA CAMPBELL
2010,TX-26,TX,26,0.314029,false,Republican,-0.160998,-1,-1,0.000000,0,-0.019864,false,NEIL L DURRANCE,MICHAEL C BURGESS
2010,TX-27,TX,27,0.496061,false,Democrat,0.063444,1,-1,0.000000,0,-0.019864,false,SOLOMON P ORTIZ,R BLAKE FARENTHOLD
2010,TX-28,TX,28,0.573201,true,Democrat,0.163489,1,-1,0.000000,0,-0.019864,false,HENRY CUELLAR,BRYAN UNDERWOOD
2010,TX-29,TX,29,0.654596,true,Democrat,0.219450,1,-1,0.000000,0,-0.019864,false,GENE GREEN,ROY MORALES
2010,TX-30,TX,30,0.777746,true,Democrat,0.300578,1,-1,0.000000,0,-0.019864,false,EDDIE BERNICE JOHNSON,STEPHEN E BRODEN
2010,TX-32,TX,32,0.357811,false,Republican,-0.123361,-1,-1,0.000000,0,-0.019864,false,GRIER RAGGIO,PETE SESSIONS
2010,UT-01,UT,1,0.256934,false,Republican,-0.218444,-1,-1,0.000000,0,-0.019864,false,MORGAN E BOWEN,ROB BISHOP
2010,UT-02,UT,2,0.522928,true,Democrat,0.109482,1,-1,0.000000,0,-0.019864,false,JIM MATHESON,MORGAN PHILPOT
2010,UT-03,UT,3,0.240816,false,Republican,-0.236885,-1,-1,0.000000,0,-0.019864,false,KAREN HYER,JASON CHAFFETZ
2010,VT-00,VT,0,0.668403,true,Democrat,0.000000,1,-1,0.000000,0,-0.019864,false,PETER WELCH,PAUL D BEAUDRY
2010,VA-01,VA,1,0.352570,false,Republican,-0.113485,-1,-1,0.000000,0,-0.019864,false,KRYSTAL M BALL,ROBERT J WITTMAN
2010,VA-02,VA,2,0.444161,false,Democrat,-0.013380,1,-1,0.000000,0,-0.019864,false,GLENN C NYE,E SCOTT RIGELL
2010,VA-03,VA,3,0.720332,true,Democrat,0.000000,1,-1,0.000000,0,-0.019864,false,"ROBERT C ""BOBBY"" SCOTT","C L ""CHUCK"" SMITH JR"
2010,VA-04,VA,4,0.375324,false,Republican,-0.133935,-1,-1,0.000000,0,-0.019864,false,WYNNE V E LEGROW,J RANDY FORBES
2010,VA-05,VA,5,0.480450,false,,-0.036962,0,-1,0.000000,0,-0.019864,false,THOMAS S P PERRIELLO,ROBERT HURT
2010,VA-07,VA,7,0.365504,false,Republican,-0.166465,-1,-1,0.000000,0,-0.019864,false,RICK E WAUGH,ERIC CANTOR
2010,VA-08,VA,8,0.620659,true,Democrat,0.157828,1,-1,0.000000,0,-0.019864,false,JAMES P MORAN,J PATRICK MURRAY
2010,VA-09,VA,9,0.475385,false,Democrat,0.000000,1,-1,0.000000,0,-0.019864,false,RICK BOUCHER,H MORGAN GRIFFITH
2010,VA-10,VA,10,0.356391,false,Republican,-0.140381,-1,-1,0.000000,0,-0.019864,false,JEFFERY R BARNETT,FRANK R WOLF
2010,VA-11,VA,11,0.502205,true,Democrat,0.021431,1,-1,0.000000,0,-0.019864,false,GERALD E CONNOLLY,KEITH S FIMIAN
2010,WA-01,WA,1,0.576667,true,Democrat,0.139475,1,-1,0.000000,0,-0.019864,false,JAY INSLEE,JAMES WATKINS
2010,WA-02,WA,2,0.510723,true,Democrat,0.085812,1,-1,0.000000,0,-0.019864,false,RICK LARSEN,JOHN KOSTER
2010,WA-03,WA,3,0.470281,false,,0.102016,0,-1,0.000000,0,-0.019864,false,DENNY HECK,JAIME HERRERA
2010,WA-04,WA,4,0.323579,false,Republican,-0.168989,-1,-1,0.000000,0,-0.019864,false,JAY CLOUGH,DOC HASTINGS
2010,WA-05,WA,5,0.363337,false,Republican,-0.190916,-1,-1,0.000000,0,-0.019864,false,DARYL ROMEYN,CATHY MCMORRIS
2010,WA-06,WA,6,0.580392,true,Democrat,0.130536,1,-1,0.000000,0,-0.019864,false,NORMAN D DICKS,DOUG CLOUD
2010,WA-08,WA,8,0.479484,false,Republican,-0.065952,-1,-1,0.000000,0,-0.019864,false,SUZAN DELBENE,DAVID G REICHERT
2010,WA-09,WA,9,0.548521,true,Democrat,0.116350,1,-1,0.000000,0,-0.019864,false,ADAM SMITH,"RICHARD ""DICK"" MURI"
2010,WV-01,WV,1,0.495997,false,,0.000000,0,-1,0.000000,0,-0.019864,false,MIKE OLIVERIO,DAVID B MCKINLEY
2010,WV-02,WV,2,0.302511,false,Republican,-0.108833,-1,-1,0.000000,0,-0.019864,false,VIRGINIA LYNCH GRAF,SHELLEY MOORE CAPITO
2010,WV-03,WV,3,0.560386,true,Democrat,0.131083,1,-1,0.000000,0,-0.019864,false,NICK J RAHALL II,"ELLIOTT E ""SPIKE"" MAYNARD"
2010,WI-01,WI,1,0.306206,false,Republican,-0.186506,-1,-1,0.000000,0,-0.019864,false,JOHN HECKENLIVELY,PAUL RYAN
2010,WI-02,WI,2,0.618128,true,Democrat,0.155935,1,-1,0.000000,0,-0.019864,false,TAMMY BALDWIN,CHAD LEE
2010,WI-03,WI,3,0.519616,true,Democrat,0.109100,1,-1,0.000000,0,-0.019864,false,RON KIND,DAN KAPANKE
2010,WI-04,WI,4,0.699940,true,Democrat,0.000000,1,-1,0.000000,0,-0.019864,false,GWEN MOORE,DAN SEBRING
2010,WI-05,WI,5,0.282987,false,Republican,0.000000,-1,-1,0.000000,0,-0.019864,false,TODD P KOLOSSO,F JAMES SENSENBRENNER
2010,WI-06,WI,6,0.292928,false,Republican,-0.175745,-1,-1,0.000000,0,-0.019864,false,JOSEPH C KALLAS,THOMAS E PETRI
2010,WI-07,WI,7,0.460229,false,,0.070196,0,-1,0.000000,0,-0.019864,false,JULIE M LASSA,SEAN DUFFY
2010,WI-08,WI,8,0.451737,false,Democrat,0.002419,1,-1,0.000000,0,-0.019864,false,STEVE KAGEN,REID J RIBBLE
2010,WY-00,WY,0,0.257951,false,Republican,-0.089550,-1,-1,0.000000,0,-0.019864,false,DAVID WENDT,CYNTHIA M LUMMIS
2014,AL-01,AL,1,0.317543,false,,0.000000,0,-1,0.000000,0,-0.032848,false,BURTON R LEFLORE,BRADLEY BYRNE
2014,AL-02,AL,2,0.325945,false,Republican,-0.147930,-1,-1,0.000000,0,-0.032848,false,ERICK WRIGHT,MARTHA ROBY
2014,AL-03,AL,3,0.337754,false,Republican,-0.152432,-1,-1,0.000000,0,-0.032848,false,JESSE T SMITH,MIKE ROGERS
2014,AL-06,AL,6,0.237275,false,,-0.224316,0,-1,0.000000,0,-0.032848,false,MARK LESTER,GARY PALMER
2014,AK-00,AK,0,0.445620,false,Republican,-0.202164,-1,-1,0.000000,0,-0.032848,false,FORREST DUNBAR,DON YOUNG
2014,AZ-01,AZ,1,0.526114,true,Democrat,0.008083,1,-1,0.000000,0,-0.032848,false,ANN KIRKPATRICK,ANDY TOBIN
2014,AZ-02,AZ,2,0.499633,false,Democrat,-0.007137,1,-1,0.000000,0,-0.032848,false,RON BARBER,MARTHA MCSALLY
2014,AZ-03,AZ,3,0.557517,true,Democrat,0.099770,1,-1,0.000000,0,-0.032848,false,RAUL M GRIJALVA,GABBY SAUCEDO
2014,AZ-04,AZ,4,0.269341,false,Republican,-0.213336,-1,-1,0.000000,0,-0.032848,false,MIKE WEISSER,PAUL A GOSAR
2014,AZ-05,AZ,5,0.304219,false,Republican,-0.183242,-1,-1,0.000000,0,-0.032848,false,JAMES WOODS,MATT SALMON
2014,AZ-06,AZ,6,0.351384,false,Republican,-0.159224,-1,-1,0.000000,0,-0.032848,false,W JOHN WILLIAMSON,DAVID SCHWEIKERT
2014,AZ-09,AZ,9,0.566373,true,Democrat,0.010614,1,-1,0.000000,0,-0.032848,false,KYRSTEN SINEMA,WENDY ROGERS
2014,AR-01,AR,1,0.338610,false,Republican,-0.100968,-1,-1,0.000000,0,-0.032848,false,JACKIE MCPHERSON,"ERIC A ""RICK"" CRAWFORD"
2014,AR-02,AR,2,0.456751,false,,-0.094295,0,-1,0.000000,0,-0.032848,false,PATRICK HENRY HAYS,FRENCH HILL
2014,AR-04,AR,4,0.441956,false,,-0.130005,0,-1,0.000000,0,-0.032848,false,JAMES LEE WITT,BRUCE WESTERMAN
2014,CA-01,CA,1,0.389699,false,,-0.085161,0,-1,0.000000,0,-0.032848,false,HEIDI HALL,DOUG LAMALFA
2014,CA-02,CA,2,0.749913,true,Democrat,0.201097,1,-1,0.000000,0,-0.032848,false,JARED HUFFMAN,DALE K MENSING
2014,CA-03,CA,3,0.527246,true,Democrat,0.030969,1,-1,0.000000,0,-0.032848,false,JOHN GARAMENDI,DAN LOGUE
2014,CA-06,CA,6,0.726891,true,Democrat,0.239189,1,-1,0.000000,0,-0.032848,false,DORIS O MATSUI,JOSEPH MCCRAY SR
2014,CA-07,CA,7,0.503963,true,Democrat,0.005480,1,-1,0.000000,-1,-0.032848,false,AMI BERA,DOUG OSE
2014,CA-08,CA,8,0.323531,false,Republican,0.000000,-1,-1,0.000000,0,-0.032848,false,BOB CONAWAY,PAUL COOK
2014,CA-09,CA,9,0.523704,true,Democrat,0.044205,1,-1,0.000000,0,-0.032848,false,JERRY MCNERNEY,"ANTONIO C ""TONY"" AMADOR"
2014,CA-10,CA,10,0.438511,false,,-0.038418,0,-1,0.000000,0,-0.032848,false,MICHAEL EGGMAN,JEFF DENHEM
2014,CA-11,CA,11,0.672739,true,,0.185982,0,-1,0.000000,0,-0.032848,false,MARK DESAULNIER,TUE PHAN
2014,CA-12,CA,12,0.832538,true,Democrat,0.339503,1,-1,0.000000,0,-0.032848,false,NANCY PELOSI,JOHN DENNIS
2014,CA-13,CA,13,0.884788,true,Democrat,0.000000,1,-1,0.000000,0,-0.032848,false,BARBARA LEE,DAKIN SUNDEEN
2014,CA-14,CA,14,0.766960,true,Democrat,0.277830,1,-1,0.000000,0,-0.032848,false,JACKIE SPEIER,ROBIN CHEW
2014,CA-15,CA,15,0.698053,true,Democrat,0.000000,1,-1,0.000000,0,-0.032848,false,ERIC SWALWELL,HUGH BUSSELL
2014,CA-16,CA,16,0.507312,true,Democrat,0.062750,1,-1,0.000000,0,-0.032848,false,JIM COSTA,JOHNNY TACHERRA
2014,CA-18,CA,18,0.677543,true,Democrat,0.193557,1,-1,0.000000,0,-0.032848,false,ANNA G ESHOO,RICHARD B FOX
2014,CA-21,CA,21,0.421659,false,Republican,-0.088927,-1,-1,0.000000,0,-0.032848,false,AMANDA RENTERIA,DAVID G VALADAO
2014,CA-22,CA,22,0.279649,false,Republican,-0.130132,-1,-1,0.000000,0,-0.032848,false,"SUZANNA ""SAM"" AGUILERA-MARRERO",DEVIN NUNES
2014,CA-23,CA,23,0.251606,false,Republican,0.000000,-1,-1,0.000000,0,-0.032848,false,RAUL GARCIA,KEVIN MCCARTHY
2014,CA-24,CA,24,0.519271,true,Democrat,0.039637,1,-1,0.000000,0,-0.032848,false,LOIS CAPPS,CHRIS MITCHUM
2014,CA-26,CA,26,0.513316,true,Democrat,0.015582,1,-1,0.000000,0,-0.032848,false,JULIA BROWNLEY,JEFF GORELL
2014,CA-27,CA,27,0.593573,true,Democrat,0.128440,1,-1,0.000000,0,-0.032848,false,JUDY CHU,JACK ORSWELL
2014,CA-29,CA,29,0.746131,true,Democrat,0.000000,1,-1,0.000000,0,-0.032848,false,TONY CARDENAS,WILLIAM O'CALLAGHAN LEADER
2014,CA-30,CA,30,0.656400,true,Democrat,0.000000,1,-1,0.000000,0,-0.032848,false,BRAD SHERMAN,MARK S REED
2014,CA-31,CA,31,0.517337,true,,0.000000,0,-1,0.000000,0,-0.032848,false,PETE AGUILAR,PAUL CHABOT
2014,CA-32,CA,32,0.596557,true,Democrat,0.145665,1,-1,0.000000,0,-0.032848,false,GRACE F NAPOLITANO,ARTURO ENRIQUE ALAS
2014,CA-33,CA,33,0.591872,true,,0.000000,0,-1,0.000000,0,-0.032848,false,TED LIEU,ELAN CARR
2014,CA-36,CA,36,0.541841,true,Democrat,0.018058,1,-1,0.000000,0,-0.032848,false,RAUL RUIZ,BRIAN NESTANDE
2014,CA-37,CA,37,0.842813,true,Democrat,0.352839,1,-1,0.000000,0,-0.032848,false,KAREN BASS,R ADAM KING
2014,CA-38,CA,38,0.590902,true,Democrat,0.164112,1,-1,0.000000,0,-0.032848,false,LINDA T SANCHEZ,BENJAMIN CAMPOS
2014,CA-39,CA,39,0.314551,false,Republican,-0.089217,-1,-1,0.000000,0,-0.032848,false,PETER O ANDERSON,EDWARD R ROYCE
2014,CA-41,CA,41,0.566430,true,Democrat,0.078342,1,-1,0.000000,0,-0.032848,false,MARK TAKANO,STEVE ADAMS
2014,CA-42,CA,42,0.342623,false,Republican,-0.117276,-1,-1,0.000000,0,-0.032848,false,TIM SHERIDAN,KEN CALVERT
2014,CA-43,CA,43,0.709568,true,Democrat,0.000000,1,-1,0.000000,0,-0.032848,false,MAXINE WATERS,JOHN WOOD JR
2014,CA-45,CA,45,0.348793,false,,-0.095916,0,-1,0.000000,0,-0.032848,false,DREW E LEAVENS,MIMI WALTERS
2014,CA-46,CA,46,0.596987,true,Democrat,0.127412,1,-1,0.000000,0,-0.032848,false,LORETTA SANCHEZ,ADAM NICK
2014,CA-47,CA,47,0.559895,true,Democrat,0.054257,1,-1,0.000000,0,-0.032848,false,ALAN S LOWENTHAL,ANDY WHALLON
2014,CA-48,CA,48,0.358780,false,,-0.121121,0,-1,0.000000,0,-0.032848,false,SUZANNE JOYCE SAVARY,DANA ROHRACHER
2014,CA-49,CA,49,0.398309,false,Republican,-0.092962,-1,-1,0.000000,0,-0.032848,false,DAVE PEISER,DARRELL E ISSA
2014,CA-50,CA,50,0.287999,false,Republican,-0.188234,-1,-1,0.000000,0,-0.032848,false,JAMES H KIMBER,DUNCAN HUNTER
2014,CA-51,CA,51,0.687895,true,Democrat,0.203441,1,-1,0.000000,0,-0.032848,false,JUAN VARGAS,STEPHEN MEADE
2014,CA-52,CA,52,0.515869,true,Democrat,0.000479,1,-1,0.000000,0,-0.032848,false,SCOTT H PETERS,CARL DEMAIO
2014,CA-53,CA,53,0.588366,true,Democrat,0.102979,1,-1,0.000000,0,-0.032848,false,SUSAN A DAVIS,LARRY A WILSKE
2014,CO-01,CO,1,0.694344,true,Democrat,0.206868,1,-1,0.000000,0,-0.032848,false,DIANA DEGETTE,MARTIN WALSH
2014,CO-02,CO,2,0.567431,true,Democrat,0.079404,1,-1,0.000000,0,-0.032848,false,JARED POLIS,GEORGE LEING
2014,CO-03,CO,3,0.381069,false,Republican,-0.076402,-1,-1,0.000000,0,-0.032848,false,ABEL J TAPIA,SCOTT R TIPTON
2014,CO-04,CO,4,0.311231,false,,-0.125216,0,-1,0.000000,0,-0.032848,false,VIC MEYERS,KEN BUCK
2014,CO-05,CO,5,0.402020,false,Republican,0.000000,-1,-1,0.000000,0,-0.032848,false,IRV HALTER,DOUG LAMBORN
2014,CO-06,CO,6,0.453072,false,Republican,-0.022245,-1,-1,0.000000,0,-0.032848,false,ANDREW ROMANOFF,MIKE COFFMAN
2014,CO-07,CO,7,0.550730,true,Democrat,0.056146,1,-1,0.000000,0,-0.032848,false,ED PERLMUTTER,DON YTTERBERG
2014,CT-01,CT,1,0.618475,true,Democrat,0.189490,1,-1,0.000000,0,-0.032848,false,JOHN B LARSON,MATTHEW M COREY
2014,CT-02,CT,2,0.618929,true,Democrat,0.171230,1,-1,0.000000,0,-0.032848,false,JOE COURTNEY,LORI HOPKINS-CAVANAGH
2014,CT-03,CT,3,0.651795,true,Democrat,0.216501,1,-1,0.000000,0,-0.032848,false,ROSA L DELAURO,JAMES E BROWN
2014,CT-04,CT,4,0.534787,true,Democrat,0.076117,1,-1,0.000000,0,-0.032848,false,JAMES A HIMES,DAN DEBICELLA
2014,CT-05,CT,5,0.534864,true,Democrat,0.004991,1,-1,0.000000,0,-0.032848,false,ELIZABETH H ESTY,MARK GREENBERG
2014,DE-00,DE,0,0.617144,true,Democrat,0.146920,1,-1,0.000000,0,-0.032848,false,JOHN C CARNEY JR,ROSE IZZO
2014,FL-01,FL,1,0.249821,false,Republican,-0.230827,-1,-1,0.000000,0,-0.032848,false,JIM BRYAN,JEFF MILLER
2014,FL-02,FL,2,0.505683,true,Republican,-0.038656,-1,-1,0.000000,0,-0.032848,false,GWEN GRAHAM,STEVE SOUTHERLAND II
2014,FL-03,FL,3,0.332029,false,Republican,-0.177345,-1,-1,0.000000,0,-0.032848,false,MARIHELEN WHEELER,TED S YOHO
2014,FL-05,FL,5,0.654750,true,Democrat,0.217961,1,-1,0.000000,0,-0.032848,false,CORRINE BROWN,GLO SMITH
2014,FL-06,FL,6,0.374555,false,Republican,-0.083569,-1,-1,0.000000,0,-0.032848,false,DAVID COX,RON DESANTIS
2014,FL-07,FL,7,0.335706,false,Republican,-0.098424,-1,-1,0.000000,0,-0.032848,false,WES NEUMAN,JOHN L MICA
2014,FL-08,FL,8,0.341495,false,Republican,-0.122191,-1,-1,0.000000,0,-0.032848,false,GABRIEL ROTHBLATT,BILL POSEY
2014,FL-09,FL,9,0.555941,true,Democrat,0.113851,1,-1,0.000000,0,-0.032848,false,ALAN GRAYSON,CAROL PLATT
2014,FL-10,FL,10,0.384539,false,Republican,-0.028737,-1,-1,0.000000,0,-0.032848,false,MICHAEL MCKENNA,DANIEL WEBSTER
2014,FL-11,FL,11,0.333412,false,Republican,-0.156106,-1,-1,0.000000,0,-0.032848,false,DAVE KOLLER,RICHARD B NUGENT
2014,FL-15,FL,15,0.397187,false,Republican,0.000000,-1,-1,0.000000,0,-0.032848,false,ALAN M COHN,DENNIS A ROSS
2014,FL-16,FL,16,0.384121,false,Republican,-0.047457,-1,-1,0.000000,0,-0.032848,false,HENRY LAWRENCE,VERN BUCHANAN
2014,FL-17,FL,17,0.367646,false,Republican,-0.097644,-1,-1,0.000000,0,-0.032848,false,WILL BRONSON,THOMAS J ROONEY
2014,FL-18,FL,18,0.597844,true,Democrat,-0.008456,1,-1,0.000000,0,-0.032848,false,PATRICK MURPHY,CARL J DOMINO
2014,FL-19,FL,19,0.336517,false,,-0.145002,0,-1,0.000000,0,-0.032848,false,APRIL FREEMAN,CURT CLAWSON
2014,FL-20,FL,20,0.816036,true,Democrat,0.000000,1,-1,0.000000,0,-0.032848,false,ALCEE L HASTINGS,JAY BONNER
2014,FL-22,FL,22,0.580335,true,Democrat,0.034933,1,-1,0.000000,0,-0.032848,false,LOIS FRANKEL,PAUL SPAIN
2014,FL-23,FL,23,0.626678,true,Democrat,0.128416,1,-1,0.000000,0,-0.032848,false,DEBBIE WASSERMAN SCHULTZ,"JOSEPH ""JOE"" KAUFMAN"
2014,FL-24,FL,24,0.894489,true,Democrat,0.000000,1,-1,0.000000,0,-0.032848,false,FREDERICA S WILSON,DUFIRSTON JULIO NEREE
2014,FL-26,FL,26,0.485357,false,Democrat,0.043618,1,-1,0.000000,0,-0.032848,false,JOE GARCIA,CARLOS CURBELO
2014,GA-01,GA,1,0.390865,false,,-0.141118,0,-1,0.000000,0,-0.032848,false,BRIAN CORWIN REESE,"E L ""BUDDY"" CARTER"
2014,GA-02,GA,2,0.591547,true,Democrat,0.126501,1,-1,0.000000,0,-0.032848,false,SANFORD D BISHOP JR,"GREGORY P ""GREG"" DUKE"
2014,GA-06,GA,6,0.339594,false,Republican,-0.156394,-1,-1,0.000000,0,-0.032848,false,ROBERT G MONTIGEL,TOM PRICE
2014,GA-07,GA,7,0.346130,false,Republican,-0.132955,-1,-1,0.000000,0,-0.032848,false,THOMAS D WRIGHT,ROB WOODALL
2014,GA-09,GA,9,0.193254,false,Republican,-0.273179,-1,-1,0.000000,0,-0.032848,false,DAVID D VOGEL,DOUG COLLINS
2014,GA-10,GA,10,0.334777,false,,0.000000,0,-1,0.000000,0,-0.032848,false,"I K ""KENNETH"" DIOUS",JODY B HICE
2014,GA-12,GA,12,0.452468,false,Democrat,0.025664,1,-1,0.000000,0,-0.032848,false,JOHN BARROW,"R W ""RICK"" ALLEN"
2014,HI-01,HI,1,0.519283,true,,0.034793,0,-1,0.000000,0,-0.032848,false,MARK TAKAI,CHARLES DJOU
2014,HI-02,HI,2,0.808529,true,Democrat,0.294089,1,-1,0.000000,0,-0.032848,false,TULSI GABBARD,KAWIKA CROWLEY
2014,ID-01,ID,1,0.349896,false,Republican,-0.183058,-1,-1,0.000000,0,-0.032848,false,SHIRLEY G RINGO,RAUL R LABRADOR
2014,ID-02,ID,2,0.386392,false,Republican,-0.163044,-1,-1,0.000000,1,-0.032848,false,RICHARD STALLINGS,MICHAEL K SIMPSON
2014,IL-01,IL,1,0.730881,true,Democrat,0.226888,1,-1,0.000000,0,-0.032848,false,BOBBY L RUSH,JIMMY LEE TILLMAN
2014,IL-02,IL,2,0.785442,true,,0.220171,0,-1,0.000000,0,-0.032848,false,ROBIN L KELLY,ERIC M WALLACE
2014,IL-03,IL,3,0.645622,true,Democrat,0.173503,1,-1,0.000000,0,-0.032848,false,DANIEL LIPINSKI,SHARON M BRANNIGAN
2014,IL-04,IL,4,0.781468,true,Democrat,0.318707,1,-1,0.000000,0,-0.032848,false,LUIS V GUTIERREZ,HECTOR CONCEPCION
2014,IL-05,IL,5,0.673738,true,Democrat,0.185592,1,-1,0.000000,0,-0.032848,false,MIKE QUIGLEY,VINCE KOLBER
2014,IL-06,IL,6,0.328646,false,Republican,-0.103549,-1,-1,0.000000,0,-0.032848,false,MICHAEL MASON,PETER J ROSKAM
2014,IL-07,IL,7,0.850953,true,Democrat,0.373785,1,-1,0.000000,0,-0.032848,false,DANNY K DAVIS,ROBERT L BUMPERS
2014,IL-08,IL,8,0.557264,true,Democrat,0.036086,1,-1,0.000000,0,-0.032848,false,TAMMY DUCKWORTH,LARRY KAIFESH
2014,IL-09,IL,9,0.660781,true,Democrat,0.151951,1,-1,0.000000,0,-0.032848,false,JANICE D SCHAKOWSKY,SUSANNE ATANUS
2014,IL-10,IL,10,0.487025,false,,-0.005047,0,-1,0.000000,-1,-0.032848,false,BRADLEY S SCHNEIDER,ROBERT DOLD
2014,IL-11,IL,11,0.534620,true,Democrat,0.074359,1,-1,0.000000,0,-0.032848,false,BILL FOSTER,DARLENE SENGER
2014,IL-12,IL,12,0.443966,false,Democrat,0.035890,1,-1,0.000000,0,-0.032848,false,WILLIAM L ENYART,MIKE BOST
2014,IL-13,IL,13,0.413441,false,Republican,-0.013170,-1,-1,0.000000,0,-0.032848,false,ANN E CALLIS,RODNEY DAVIS
2014,IL-14,IL,14,0.345862,false,Republican,-0.099515,-1,-1,0.000000,0,-0.032848,false,DENNIS ANDERSON,RANDY HULTGREN
2014,IL-15,IL,15,0.250768,false,Republican,-0.197396,-1,-1,0.000000,0,-0.032848,false,ERIC THORSLAND,JOHN SHIMKUS
2014,IL-16,IL,16,0.293787,false,Republican,-0.129476,-1,-1,0.000000,0,-0.032848,false,RANDALL WAYNE OLSEN,ADAM KINZINGER
2014,IL-17,IL,17,0.554616,true,Democrat,0.021454,1,-1,0.000000,-1,-0.032848,false,CHERI BUSTOS,BOBBY SCHILLING
2014,IL-18,IL,18,0.252805,false,Republican,-0.252974,-1,-1,0.000000,0,-0.032848,false,DARREL MILLER,AARON SCHOCK
2014,IN-01,IN,1,0.629304,true,Democrat,0.161496,1,-1,0.000000,0,-0.032848,false,PETER J VISCLOSKY,MARK LEYVA
2014,IN-02,IN,2,0.393772,false,Republican,-0.018756,-1,-1,0.000000,0,-0.032848,false,JOE BOCK,JACKIE WALORSKI
2014,IN-03,IN,3,0.288901,false,Republican,-0.181744,-1,-1,0.000000,0,-0.032848,false,JUSTIN KUHNLE,MARLIN A STUTZMAN
2014,IN-04,IN,4,0.331254,false,Republican,-0.155914,-1,-1,0.000000,0,-0.032848,false,JOHN DALE,TODD ROKITA
2014,IN-05,IN,5,0.320938,false,Republican,-0.119525,-1,-1,0.000000,0,-0.032848,false,SHAWN A DENNEY,SUSAN W BROOKS
2014,IN-06,IN,6,0.308126,false,Republican,-0.138480,-1,-1,0.000000,0,-0.032848,false,SUSAN HALL HEITZMAN,LUKE MESSER
2014,IN-07,IN,7,0.567184,true,Democrat,0.117166,1,-1,0.000000,0,-0.032848,false,ANDRE CARSON,"CATHERINE ""CAT"" PING"
2014,IN-08,IN,8,0.372639,false,Republican,-0.064663,-1,-1,0.000000,0,-0.032848,false,TOM SPANGLER,LARRY BUCSHON
2014,IN-09,IN,9,0.351293,false,Republican,-0.065806,-1,-1,0.000000,0,-0.032848,false,BILL BAILEY,TODD C YOUNG
2014,IA-01,IA,1,0.488548,false,,0.066553,0,-1,0.000000,0,-0.032848,false,PAT MURPHY,ROD BLUM
2014,IA-02,IA,2,0.525608,true,Democrat,0.055385,1,-1,0.000000,0,-0.032848,false,DAVID LOEBSACK,MARIANNETTE MILLER-MEEKS
2014,IA-03,IA,3,0.444564,false,,-0.056351,0,-1,0.000000,0,-0.032848,false,STACI APPEL,DAVID YOUNG
2014,IA-04,IA,4,0.383180,false,Republican,-0.052730,-1,-1,0.000000,0,-0.032848,false,JIM MOWRER,STEVE KING
2014,KS-01,KS,1,0.320321,false,Republican,0.000000,-1,-1,0.000000,0,-0.032848,false,JAMES E SHEROW,TIM HUELSKAMP
2014,KS-02,KS,2,0.403682,false,Republican,-0.106870,-1,-1,0.000000,0,-0.032848,false,MARGIE WAKEFIELD,LYNN JENKINS
2014,KS-03,KS,3,0.399791,false,Republican,0.000000,-1,-1,0.000000,0,-0.032848,false,KELLY KULTALA,KEVIN YODER
2014,KS-04,KS,4,0.333389,false,Republican,-0.174645,-1,-1,0.000000,0,-0.032848,false,PERRY L SCHUCKMAN,MIKE POMPEO
2014,KY-01,KY,1,0.268771,false,Republican,-0.207670,-1,-1,0.000000,0,-0.032848,false,CHARLES KENDALL HATCHETT,ED WHITFIELD
2014,KY-02,KY,2,0.308146,false,Republican,-0.180986,-1,-1,0.000000,0,-0.032848,false,RON LEACH,BRETT GUTHRIE
2014,KY-03,KY,3,0.640948,true,Democrat,0.138007,1,-1,0.000000,0,-0.032848,false,JOHN A YARMUTH,MICHAEL MACFARLANE
2014,KY-04,KY,4,0.322716,false,Republican,-0.151140,-1,-1,0.000000,0,-0.032848,false,PETER NEWBERRY,THOMAS MASSIE
2014,KY-05,KY,5,0.217462,false,Republican,-0.290304,-1,-1,0.000000,0,-0.032848,false,KENNTH S STEPP,HAROLD ROGERS
2014,KY-06,KY,6,0.400050,false,,-0.031332,0,-1,0.000000,0,-0.032848,false,ELIZABETH JENSEN,ANDY BARR
2014,LA-01,LA,1,0.195697,false,Republican,-0.291002,-1,-1,0.000000,0,-0.032848,false,"M V ""VINNY"" MENDOZA",STEVE SCALISE
2014,LA-05,LA,5,0.232781,false,,0.000000,0,-1,0.000000,0,-0.032848,false,"""JAMIE"" MAYO",RALPH LEE ABRAHAM
2014,LA-06,LA,6,0.288853,false,,0.000000,0,-1,0.000000,0,-0.032848,false,EDWIN EDWARDS,GARRET GRAVES
2014,ME-01,ME,1,0.663317,true,Democrat,0.136584,1,-1,0.000000,0,-0.032848,false,CHELLIE PINGREE,ISAAC J MISIUK
2014,ME-02,ME,2,0.470717,false,,0.070601,0,-1,0.000000,0,-0.032848,false,EMILY ANN CAIN,BRUCE POLIQUIN
2014,MD-01,MD,1,0.295154,false,Republican,-0.209032,-1,-1,0.000000,0,-0.032848,false,BILL TILGHMAN,ANDY HARRIS
2014,MD-02,MD,2,0.631014,true,Democrat,0.166917,1,-1,0.000000,0,-0.032848,false,C A DUTCH RUPPERSBERGER,DAVID BANACH
2014,MD-03,MD,3,0.596384,true,Democrat,0.181982,1,-1,0.000000,0,-0.032848,false,JOHN P SARBANES,CHARLES A LONG
2014,MD-04,MD,4,0.712902,true,Democrat,0.276954,1,-1,0.000000,0,-0.032848,false,DONNA F EDWARDS,NANCY HOYT
2014,MD-05,MD,5,0.641861,true,Democrat,0.203327,1,-1,0.000000,0,-0.032848,false,STENY H HOYER,CHRIS CHAFFEE
2014,MD-06,MD,6,0.507432,true,Democrat,0.096620,1,-1,0.000000,0,-0.032848,false,JOHN K DELANEY,DAN BONGINO
2014,MD-07,MD,7,0.721395,true,Democrat,0.274799,1,-1,0.000000,0,-0.032848,false,ELIJAH E CUMMINGS,CORROGAN R VAUGHN
2014,MD-08,MD,8,0.608787,true,Democrat,0.146724,1,-1,0.000000,0,-0.032848,false,CHRIS VAN HOLLEN,DAVE WALLACE
2014,MA-03,MA,3,0.630166,true,Democrat,0.148462,1,-1,0.000000,0,-0.032848,false,NIKI TSONGAS,ROSEANN L EHRHARD WOFFORD
2014,MA-06,MA,6,0.571952,true,,-0.005281,0,-1,0.000000,0,-0.032848,false,SETH W MOULTON,RICHARD R TISEI
2014,MA-09,MA,9,0.549811,true,Democrat,0.134773,1,-1,0.000000,0,-0.032848,false,WILLIAM R KEATING,JOHN C CHAPMAN
2014,MI-01,MI,1,0.464808,false,Republican,-0.014166,-1,-1,0.000000,0,-0.032848,false,JERRY CANNON,DAN BENISHEK
2014,MI-02,MI,2,0.343239,false,Republican,-0.152430,-1,-1,0.000000,0,-0.032848,false,DEAN VANDERSTELT,BILL HUIZENGA
2014,MI-03,MI,3,0.402520,false,Republican,-0.054984,-1,-1,0.000000,0,-0.032848,false,BOB GOODRICH,JUSTIN AMASH
2014,MI-04,MI,4,0.408970,false,,-0.164106,0,-1,0.000000,0,-0.032848,false,JEFF HOLMES,JOHN MOOLENAAR
2014,MI-05,MI,5,0.681597,true,Democrat,0.162311,1,-1,0.000000,0,-0.032848,false,DANIEL T KILDEE,ALLEN HARDWICK
2014,MI-06,MI,6,0.419455,false,Republican,-0.072957,-1,-1,0.000000,0,-0.032848,false,PAUL CLEMENTS,FRED UPTON
2014,MI-07,MI,7,0.435078,false,Republican,-0.064871,-1,-1,0.000000,0,-0.032848,false,PAM BYRNES,TIM WALBERG
2014,MI-08,MI,8,0.435172,false,,-0.122496,0,-1,0.000000,0,-0.032848,false,ERIC SHERTZING,MIKE BISHOP
2014,MI-09,MI,9,0.625962,true,Democrat,0.134036,1,-1,0.000000,0,-0.032848,false,SANDER M LEVIN,GEORGE BRIKHO
2014,MI-10,MI,10,0.299462,false,Republican,-0.209510,-1,-1,0.000000,0,-0.032848,false,CHUCK STADLER,CANDICE S MILLER
2014,MI-11,MI,11,0.419968,false,,-0.044959,0,-1,0.000000,0,-0.032848,false,BOBBY MCKENZIE,DAVE TROTT
2014,MI-12,MI,12,0.674895,true,,0.189747,0,-1,0.000000,0,-0.032848,false,DEBBIE DINGELL,TERRY BOWMAN
2014,MI-13,MI,13,0.829728,true,Democrat,0.347226,1,-1,0.000000,0,-0.032848,false,JOHN CONYERS JR,JEFF GORMAN
2014,MI-14,MI,14,0.798134,true,,0.328976,0,-1,0.000000,0,-0.032848,false,BRENDA LAWRENCE,CHRISTINA L BARR
2014,MN-01,MN,1,0.542659,true,Democrat,0.064769,1,-1,0.000000,0,-0.032848,false,TIMOTHY J WALZ,JIM HAGEDORN
2014,MN-02,MN,2,0.409547,false,Republican,-0.052195,-1,-1,0.000000,0,-0.032848,false,MIKE OBERMUELLER,JOHN KLINE
2014,MN-03,MN,3,0.378102,false,Republican,-0.092950,-1,-1,0.000000,0,-0.032848,false,SHARON SUND,ERIK PAULSEN
2014,MN-04,MN,4,0.650353,true,Democrat,0.152642,1,-1,0.000000,0,-0.032848,false,BETTY MCCOLLUM,SHARNA WAHLGREN
2014,MN-05,MN,5,0.747036,true,Democrat,0.235702,1,-1,0.000000,0,-0.032848,false,KEITH ELLISON,DOUG DAGGETT
2014,MN-06,MN,6,0.405460,false,,-0.017400,0,-1,0.000000,0,-0.032848,false,JOE PERSKE,TOM EMMER
2014,MN-07,MN,7,0.542809,true,Democrat,0.122728,1,-1,0.000000,0,-0.032848,false,COLLIN C PETERSON,TORREY WESTROM
2014,MN-08,MN,8,0.507334,true,Democrat,0.033283,1,-1,0.000000,0,-0.032848,false,RICHARD M NOLAN,STEWART MILLS
2014,MS-01,MS,1,0.298719,false,Republican,-0.132139,-1,-1,0.000000,0,-0.032848,false,RON E DICKEY,ALAN NUNNELEE
2014,MS-03,MS,3,0.288457,false,Republican,0.000000,-1,-1,0.000000,0,-0.032848,false,"DOUGLAS MACARTHUR ""DOUG"" MAGEE",GREGG HARPER
2014,MS-04,MS,4,0.258236,false,Republican,-0.201004,-1,-1,0.000000,0,-0.032848,false,MATT MOORE,STEVEN M PALAZZO
2014,MO-01,MO,1,0.771826,true,Democrat,0.303629,1,-1,0.000000,0,-0.032848,false,WM LACY CLAY,DANIEL J ELDER
2014,MO-02,MO,2,0.337175,false,Republican,-0.129667,-1,-1,0.000000,0,-0.032848,false,ARTHUR LIEBER,ANN WAGNER
2014,MO-03,MO,3,0.284328,false,Republican,-0.170299,-1,-1,0.000000,0,-0.032848,false,COURTNEY DENTON,BLAINE LUETKEMEYER
2014,MO-04,MO,4,0.279100,false,Republican,-0.140884,-1,-1,0.000000,0,-0.032848,false,NATE IRVIN,VICKY HARTZLER
2014,MO-05,MO,5,0.534333,true,Democrat,0.109836,1,-1,0.000000,0,-0.032848,false,EMANUEL CLEAVER,JACOB TURK
2014,MO-06,MO,6,0.306815,false,Republican,-0.177900,-1,-1,0.000000,0,-0.032848,false,"W A ""BILL"" HEDGE",SAM GRAVES
2014,MO-07,MO,7,0.312431,false,Republican,-0.185251,-1,-1,0.000000,0,-0.032848,false,JIM EVANS,BILLY LONG
2014,MO-08,MO,8,0.267327,false,,-0.256866,0,-1,0.000000,0,-0.032848,false,BARBARA STOCKER,JASON T SMITH
2014,MT-00,MT,0,0.421743,false,,-0.066210,0,-1,0.000000,0,-0.032848,false,JOHN LEWIS,RYAN ZINKE
2014,NE-01,NE,1,0.311845,false,Republican,-0.194242,-1,-1,0.000000,0,-0.032848,false,DENNIS P CRAWFORD,JEFF FORTENBERRY
2014,NE-02,NE,2,0.517636,true,Republican,-0.019293,-1,-1,0.000000,0,-0.032848,false,BRAD ASHFORD,LEE TERRY
2014,NE-03,NE,3,0.246124,false,Republican,-0.253050,-1,-1,0.000000,0,-0.032848,false,MARK SULLIVAN,ADRIAN SMITH
2014,NV-01,NV,1,0.600124,true,Democrat,0.157140,1,-1,0.000000,0,-0.032848,false,DINA TITUS,ANNETTE TEIJEIRO
2014,NV-02,NV,2,0.298226,false,Republican,-0.125239,-1,-1,0.000000,0,-0.032848,false,KRISTEN SPEES,MARK E AMODEI
2014,NV-03,NV,3,0.372907,false,Republican,-0.051524,-1,-1,0.000000,0,-0.032848,false,ERIN BILBRAY,JOSEPH J HECK
2014,NV-04,NV,4,0.485313,false,Democrat,0.032044,1,-1,0.000000,0,-0.032848,false,STEVEN A HORSFORD,CRESENT HARDY
2014,NH-01,NH,1,0.481965,false,Democrat,0.008329,1,-1,0.000000,-1,-0.032848,false,CAROL SHEA-PORTER,FRANK C GUINTA
2014,NH-02,NH,2,0.550151,true,Democrat,0.013952,1,-1,0.000000,0,-0.032848,false,ANN M KUSTER,MARILINDA GARCIA
2014,NJ-01,NJ,1,0.592898,true,,0.183448,0,-1,0.000000,0,-0.032848,false,DONALD W NORCROSS,GARRY W COBB
2014,NJ-02,NJ,2,0.377505,false,Republican,-0.100011,-1,-1,0.000000,1,-0.032848,false,WILLIAM J HUGHES JR,FRANK A LOBIONDO
2014,NJ-03,NJ,3,0.451002,false,,-0.056287,0,-1,0.000000,0,-0.032848,false,AIMEE BELGARD,TOM MACARTHUR
2014,NJ-04,NJ,4,0.314100,false,Republican,-0.155090,-1,-1,0.000000,0,-0.032848,false,RUBEN M SCOLAVINO,CHRISTOPHER H SMITH
2014,NJ-05,NJ,5,0.438682,false,Republican,-0.074173,-1,-1,0.000000,0,-0.032848,false,ROY CHO,SCOTT GARRETT
2014,NJ-06,NJ,6,0.606226,true,Democrat,0.131422,1,-1,0.000000,0,-0.032848,false,FRANK PALLONE JR,ANTHONY E WILKINSON
2014,NJ-07,NJ,7,0.395504,false,Republican,-0.099387,-1,-1,0.000000,0,-0.032848,false,JANICE KOVACH,LEONARD LANCE
2014,NJ-08,NJ,8,0.802468,true,Democrat,0.293339,1,-1,0.000000,0,-0.032848,false,ALBIO SIRES,JUDE ANTHONY TISCORNIA
2014,NJ-09,NJ,9,0.694755,true,Democrat,0.235852,1,-1,0.000000,0,-0.032848,false,BILL PASCRELL,DIERDRE G PAUL
2014,NJ-10,NJ,10,0.871196,true,Democrat,0.381131,1,-1,0.000000,0,-0.032848,false,DONALD M PAYNE JR,YOLANDA DENTLEY
2014,NJ-11,NJ,11,0.374300,false,Republican,-0.106621,-1,-1,0.000000,0,-0.032848,false,MARK DUNEC,RODNEY P FRELINGHUYSEN
2014,NJ-12,NJ,12,0.625389,true,,0.189933,0,-1,0.000000,0,-0.032848,false,BONNIE WATSON,ALIETA ECK
2014,NM-01,NM,1,0.585863,true,Democrat,0.080261,1,-1,0.000000,0,-0.032848,false,MICHELLE LUJAN GRISHAM,MICHAEL H FRESE
2014,NM-02,NM,2,0.355424,false,Republican,-0.102348,-1,-1,0.000000,0,-0.032848,false,"ROXANNE ""ROCKY"" LARA",STEVEN PEARCE
2014,NM-03,NM,3,0.615403,true,Democrat,0.119911,1,-1,0.000000,0,-0.032848,false,BEN RAY LUJAN,JEFFERSON L BYRD
2014,NY-01,NY,1,0.470179,false,Democrat,0.045802,1,-1,0.000000,0,-0.032848,false,TIMOTHY H BISHOP,LEE M ZELDIN
2014,NY-02,NY,2,0.352941,false,Republican,-0.065542,-1,-1,0.000000,0,-0.032848,false,PATRICIA MAHER,PETER T KING
2014,NY-03,NY,3,0.559793,true,Democrat,0.085938,1,-1,0.000000,0,-0.032848,false,STEVE ISRAEL,GRANT M LALLY
2014,NY-04,NY,4,0.552648,true,,0.130954,0,-1,0.000000,0,-0.032848,false,KATHLEEN M RICE,BRUCE A BLAKEMAN
2014,NY-07,NY,7,0.891912,true,Democrat,0.000000,1,-1,0.000000,0,-0.032848,false,NYDIA M VELAZQUEZ,JOSE LUIS FERNANDEZ
2014,NY-11,NY,11,0.461759,false,Republican,-0.020600,-1,-1,0.000000,0,-0.032848,false,DOMENIC M RECCHIA JR,MICHAEL G GRIMM
2014,NY-12,NY,12,0.800375,true,Democrat,0.303643,1,-1,0.000000,0,-0.032848,false,CAROLYN B MALONEY,NICHOLAS S DI IORIO
2014,NY-17,NY,17,0.584223,true,Democrat,0.126177,1,-1,0.000000,0,-0.032848,false,NITA M LOWEY,CHRISTOPHER E DAY
2014,NY-18,NY,18,0.534016,true,Democrat,0.027449,1,-1,0.000000,0,-0.032848,false,SEAN PATRICK MALONEY,NAN HAYWORTH
2014,NY-19,NY,19,0.372165,false,Republican,-0.016176,-1,-1,0.000000,0,-0.032848,false,SEAN S ELDRIDGE,CHRISTOPHER P GIBSON
2014,NY-20,NY,20,0.625916,true,Democrat,0.184653,1,-1,0.000000,0,-0.032848,false,PAUL TONKO,JAMES M FISCHER
2014,NY-21,NY,21,0.400286,false,,0.019012,0,-1,0.000000,0,-0.032848,false,AARON G WOOLF,ELISE M STEFANIK
2014,NY-23,NY,23,0.389585,false,Republican,-0.017905,-1,-1,0.000000,0,-0.032848,false,MARTHA ROBERTSON,TOM REED
2014,NY-24,NY,24,0.436191,false,Democrat,0.047798,1,-1,0.000000,0,-0.032848,false,DANIEL B MAFFEI,JOHN M KATKO
2014,NY-25,NY,25,0.534529,true,Democrat,0.095603,1,-1,0.000000,0,-0.032848,false,LOUISE MCINTOSH SLAUGHTER,MARK W ASSINI
2014,NY-26,NY,26,0.723436,true,Democrat,0.261556,1,-1,0.000000,0,-0.032848,false,BRIAN HIGGINS,KATHLEEN A WEPPNER
2014,NY-27,NY,27,0.318150,false,Republican,-0.006362,-1,-1,0.000000,0,-0.032848,false,JAMES D O'DONNELL,CHRIS COLLINS
2014,NC-01,NC,1,0.733790,true,Democrat,0.255821,1,-1,0.000000,0,-0.032848,false,G K BUTTERFIELD,ARTHUR RICH
2014,NC-02,NC,2,0.411735,false,Republican,-0.085737,-1,-1,0.000000,0,-0.032848,false,CLAY AIKEN,RENEE L ELLMERS
2014,NC-03,NC,3,0.321902,false,Republican,-0.142444,-1,-1,0.000000,0,-0.032848,false,MARSHALL ADAME,WALTER B JONES
2014,NC-04,NC,4,0.747469,true,Democrat,0.233414,1,-1,0.000000,0,-0.032848,false,DAVID E PRICE,PAUL WRIGHT
2014,NC-05,NC,5,0.389802,false,Republican,-0.086784,-1,-1,0.000000,0,-0.032848,false,"JOSHUA ""JOSH"" BRANNON",VIRGINIA FOXX
2014,NC-06,NC,6,0.413263,false,,-0.120569,0,-1,0.000000,0,-0.032848,false,LAURA FJELD,MARK WALKER
2014,NC-07,NC,7,0.384713,false,,-0.010365,0,-1,0.000000,0,-0.032848,false,JONATHAN BARFIELD JR,DAVID ROUZER
2014,NC-08,NC,8,0.351368,false,Republican,-0.050881,-1,-1,0.000000,0,-0.032848,false,ANTONIO BLUE,RICHARD HUDSON
2014,NC-10,NC,10,0.389824,false,Republican,-0.081222,-1,-1,0.000000,0,-0.032848,false,TATE MACQUEEN,PATRICK T MCHENRY
2014,NC-11,NC,11,0.371013,false,Republican,-0.085578,-1,-1,0.000000,0,-0.032848,false,TOM HILL,MARK MEADOWS
2014,NC-12,NC,12,0.753463,true,,0.285012,0,-1,0.000000,0,-0.032848,false,ALMA ADAMS,VINCE COAKLEY
2014,NC-13,NC,13,0.426923,false,Republican,-0.079305,-1,-1,0.000000,0,-0.032848,false,BRENDA CLEARY,GEORGE HOLDING
2014,OH-01,OH,1,0.367833,false,Republican,-0.116941,-1,-1,0.000000,0,-0.032848,false,FRED KUNDRATA,STEVE CHABOT
2014,OH-02,OH,2,0.340374,false,Republican,-0.097672,-1,-1,0.000000,0,-0.032848,false,MAREK TYSZKIEWICZ,BRAD R WENSTRUP
2014,OH-03,OH,3,0.640648,true,Democrat,0.210246,1,-1,0.000000,0,-0.032848,false,JOYCE BEATTY,JOHN ADAMS
2014,OH-04,OH,4,0.323343,false,Republican,-0.126592,-1,-1,0.000000,0,-0.032848,false,JANET GARRETT,JIM JORDAN
2014,OH-05,OH,5,0.303214,false,Republican,-0.105212,-1,-1,0.000000,0,-0.032848,false,ROBERT L FRY,ROBERT E LATTA
2014,OH-06,OH,6,0.398517,false,Republican,-0.043849,-1,-1,0.000000,0,-0.032848,false,JENNIFER GARRISON,BILL JOHNSON
2014,OH-08,OH,8,0.289398,false,Republican,0.000000,-1,-1,0.000000,0,-0.032848,false,TOM POETTER,JOHN A BOEHNER
2014,OH-09,OH,9,0.678005,true,Democrat,0.248934,1,-1,0.000000,0,-0.032848,false,MARCY KAPTUR,RICHARD MAY
2014,OH-10,OH,10,0.326024,false,Republican,-0.124959,-1,-1,0.000000,0,-0.032848,false,ROBERT KLEPINGER,MICHAEL R TURNER
2014,OH-11,OH,11,0.794508,true,Democrat,0.000000,1,-1,0.000000,0,-0.032848,false,MARCIA L FUDGE,MARK ZETZER
2014,OH-12,OH,12,0.289525,false,Republican,-0.146032,-1,-1,0.000000,0,-0.032848,false,DAVID ARTHUR TIBBS,PATRICK J TIBERI
2014,OH-13,OH,13,0.685216,true,Democrat,0.216363,1,-1,0.000000,0,-0.032848,false,TIM RYAN,THOMAS PEKAREK
2014,OH-14,OH,14,0.342976,false,Republican,-0.093830,-1,-1,0.000000,0,-0.032848,false,MICHAEL WAGER,DAVID P JOYCE
2014,OH-15,OH,15,0.339763,false,Republican,-0.126920,-1,-1,0.000000,0,-0.032848,false,SCOTT WHARTON,STEVE STIVERS
2014,OH-16,OH,16,0.362623,false,Republican,-0.031806,-1,-1,0.000000,0,-0.032848,false,PETE CROSSLAND,JAMES B RENACCI
2014,OK-02,OK,2,0.259952,false,Republican,-0.110634,-1,-1,0.000000,0,-0.032848,false,EARL E EVERETT,MARKWAYNE MULLIN
2014,OK-03,OK,3,0.213850,false,Republican,-0.301819,-1,-1,0.000000,0,-0.032848,false,FRANKIE ROBBINS,FRANK D LUCAS
2014,OK-04,OK,4,0.258306,false,Republican,-0.222317,-1,-1,0.000000,0,-0.032848,false,BERT SMITH,TOM COLE
2014,OK-05,OK,5,0.376673,false,,-0.123039,0,-1,0.000000,0,-0.032848,false,AL MCAFFREY,STEVE RUSSELL
2014,OR-01,OR,1,0.624458,true,Democrat,0.131971,1,-1,0.000000,0,-0.032848,false,SUZANNE BONAMICI,JASON YATES
2014,OR-02,OR,2,0.267183,false,Republican,-0.213473,-1,-1,0.000000,0,-0.032848,false,AELEA CHRISTOFFERSON,GREG WALDEN
2014,OR-03,OR,3,0.786664,true,Democrat,0.278929,1,-1,0.000000,0,-0.032848,false,EARL BLUMENAUER,JAMES BUCHAL
2014,OR-04,OR,4,0.609154,true,Democrat,0.090976,1,-1,0.000000,0,-0.032848,false,PETER A DEFAZIO,ART ROBINSON
2014,OR-05,OR,5,0.577719,true,Democrat,0.048715,1,-1,0.000000,0,-0.032848,false,KURT SCHRADER,TOOTIE SMITH
2014,PA-01,PA,1,0.828371,true,Democrat,0.338149,1,-1,0.000000,0,-0.032848,false,ROBERT A BRADY,MEGAN RATH
2014,PA-02,PA,2,0.877035,true,Democrat,0.393712,1,-1,0.000000,0,-0.032848,false,CHAKA FATTAH,ARMOND JAMES
2014,PA-03,PA,3,0.393690,false,Republican,-0.083625,-1,-1,0.000000,0,-0.032848,false,DAN LAVALLEE,MIKE KELLY
2014,PA-04,PA,4,0.254637,false,Republican,-0.145765,-1,-1,0.000000,0,-0.032848,false,LINDA DELIAH THOMPSON,SCOTT PERRY
2014,PA-05,PA,5,0.364039,false,Republican,-0.140582,-1,-1,0.000000,0,-0.032848,false,KERITH STRANO TAYLOR,GLENN THOMPSON
2014,PA-06,PA,6,0.437091,false,,-0.082748,0,-1,0.000000,0,-0.032848,false,MANAN TRIVEDI,RYAN COSTELLO
2014,PA-07,PA,7,0.379611,false,Republican,-0.105313,-1,-1,0.000000,0,-0.032848,false,MARY ELLEN BALCHUNIS,PATRICK MEEHAN
2014,PA-08,PA,8,0.380979,false,Republican,-0.077371,-1,-1,0.000000,0,-0.032848,false,KEVIN STROUSE,MICHAEL G FITZPATRICK
2014,PA-09,PA,9,0.364782,false,Republican,-0.128083,-1,-1,0.000000,0,-0.032848,false,ALANNA HARTZOK,BILL SHUSTER
2014,PA-10,PA,10,0.283886,false,Republican,-0.167178,-1,-1,0.000000,0,-0.032848,false,SCOTT F BRION,TOM MARINO
2014,PA-11,PA,11,0.336929,false,Republican,-0.096778,-1,-1,0.000000,0,-0.032848,false,ANDY OSTROWSKI,LOU BARLETTA
2014,PA-12,PA,12,0.407223,false,Republican,-0.028688,-1,-1,0.000000,0,-0.032848,false,ERIN MCCLELLAND,KEITH J ROTHFUS
2014,PA-13,PA,13,0.671197,true,,0.179539,0,-1,0.000000,0,-0.032848,false,BRENDAN F BOYLE,CARSON DEE ADCOCK
2014,PA-16,PA,16,0.422805,false,Republican,-0.095500,-1,-1,0.000000,0,-0.032848,false,TOM HOUGHTON,JOSEPH R PITTS
2014,PA-17,PA,17,0.567582,true,,0.091775,0,-1,0.000000,0,-0.032848,false,MATT CARTWRIGHT,DAVID J MOYLAN
2014,RI-01,RI,1,0.596559,true,Democrat,0.053325,1,-1,0.000000,0,-0.032848,false,DAVID N CICILLINE,COMICK BRENDAN LYNCH
2014,RI-02,RI,2,0.623473,true,Democrat,0.102080,1,-1,0.000000,0,-0.032848,false,JAMES R LANGEVIN,RHUE R REIS
2014,SC-02,SC,2,0.360980,false,Republican,0.000000,-1,-1,0.000000,0,-0.032848,false,PHIL BLACK,JOE WILSON
2014,SC-03,SC,3,0.287826,false,Republican,-0.178057,-1,-1,0.000000,0,-0.032848,false,BARBARA JO MULLIS,JEFF DUNCAN
2014,SC-05,SC,5,0.393231,false,Republican,-0.086682,-1,-1,0.000000,0,-0.032848,false,TOM ADAMS,MICK MULVANEY
2014,SC-06,SC,6,0.739436,true,Democrat,0.000000,1,-1,0.000000,0,-0.032848,false,JAMES E CLYBURN,ANTHONY CULLER
2014,SC-07,SC,7,0.400072,false,Republican,-0.083206,-1,-1,0.000000,0,-0.032848,false,GLORIA BROMELL-TINUBU,TOM RICE
2014,SD-00,SD,0,0.334704,false,Republican,-0.085833,-1,-1,0.000000,0,-0.032848,false,CORINNA ROBINSON,KRISTI L NOEM
2014,TN-02,TN,2,0.237307,false,Republican,-0.294476,-1,-1,0.000000,0,-0.032848,false,BOB SCOTT,JOHN J DUNCAN JR
2014,TN-03,TN,3,0.356731,false,Republican,-0.145385,-1,-1,0.000000,0,-0.032848,false,MARY M HEADRICK,"CHARLES J ""CHUCK"" FLEISCHMANN"
2014,TN-04,TN,4,0.377148,false,,-0.068897,0,-1,0.000000,0,-0.032848,false,LENDRA SHERRELL,SCOTT DES JARLAIS
2014,TN-05,TN,5,0.635790,true,Democrat,0.154221,1,-1,0.000000,0,-0.032848,false,JIM COOPER,BOB RIES
2014,TN-06,TN,6,0.244204,false,Republican,0.000000,-1,-1,0.000000,0,-0.032848,false,AMOS SCOTT POWERS,DIANE BLACK
2014,TN-07,TN,7,0.276676,false,Republican,-0.258976,-1,-1,0.000000,0,-0.032848,false,DANIEL CRAMER,MARSHA BLACKBURN
2014,TN-08,TN,8,0.257657,false,Republican,-0.217378,-1,-1,0.000000,0,-0.032848,false,WES BRADLEY,STEPHEN LEE FINCHER
2014,TN-09,TN,9,0.762783,true,Democrat,0.247928,1,-1,0.000000,0,-0.032848,false,STEVE COHEN,CHARLOTTE BERGMANN
2014,TX-01,TX,1,0.225337,false,Republican,-0.237568,-1,-1,0.000000,0,-0.032848,false,SHIRLEY J MCKELLAR,LOUIE GOHMERT
2014,TX-02,TX,2,0.303706,false,Republican,-0.176115,-1,-1,0.000000,0,-0.032848,false,NIKO LETSOS,TED POE
2014,TX-06,TX,6,0.373416,false,Republican,-0.107945,-1,-1,0.000000,0,-0.032848,false,DAVID E COZAD,JOE BARTON
2014,TX-07,TX,7,0.353202,false,Republican,-0.136672,-1,-1,0.000000,0,-0.032848,false,JAMES CARGAS,JOHN ABNEY CULBERSON
2014,TX-10,TX,10,0.354435,false,Republican,-0.136727,-1,-1,0.000000,0,-0.032848,false,TAWANA WALTER-CADIEN,MICHAEL T MCCAUL
2014,TX-12,TX,12,0.269499,false,Republican,-0.237972,-1,-1,0.000000,0,-0.032848,false,MARK GREENE,KAY GRANGER
2014,TX-13,TX,13,0.131768,false,Republican,0.000000,-1,-1,0.000000,0,-0.032848,false,MIKE MINTER,MAC THORNBERRY
2014,TX-14,TX,14,0.368321,false,Republican,-0.056458,-1,-1,0.000000,0,-0.032848,false,DONALD G BROWN,RANDY K WEBER SR
2014,TX-15,TX,15,0.555241,true,Democrat,0.111579,1,-1,0.000000,0,-0.032848,false,RUBEN HINOJOSA,EDDIE ZAMORA
2014,TX-16,TX,16,0.698225,true,Democrat,0.153838,1,-1,0.000000,0,-0.032848,false,BETO O'ROURKE,COREY ROEN
2014,TX-17,TX,17,0.334086,false,Republican,0.000000,-1,-1,0.000000,0,-0.032848,false,NICK HAYNES,BILL FLORES
2014,TX-18,TX,18,0.743527,true,Democrat,0.257296,1,-1,0.000000,0,-0.032848,false,SHEILA JACKSON LEE,SEAN SEIBERT
2014,TX-19,TX,19,0.192245,false,Republican,0.000000,-1,-1,0.000000,0,-0.032848,false,NEAL MARCHBANKS,RANDY NEUGEBAUER
2014,TX-22,TX,22,0.321738,false,Republican,-0.178365,-1,-1,0.000000,0,-0.032848,false,FRANK BRISCOE,PETE OLSON
2014,TX-23,TX,23,0.489235,false,Democrat,0.013441,1,-1,0.000000,0,-0.032848,false,PETE P GALLEGO,WILL HURD
2014,TX-24,TX,24,0.331869,false,Republican,-0.140322,-1,-1,0.000000,0,-0.032848,false,PATRICK MCGEHEARTY,KENNY MARCHANT
2014,TX-25,TX,25,0.375696,false,Republican,-0.120826,-1,-1,0.000000,0,-0.032848,false,MARCO MONTOYA,ROGER WILLIAMS
2014,TX-27,TX,27,0.346306,false,Republican,-0.102695,-1,-1,0.000000,0,-0.032848,false,WESLEY REED,BLAKE FARENTHOLD
2014,TX-31,TX,31,0.332904,false,Republican,-0.147919,-1,-1,0.000000,0,-0.032848,false,LOUIE MINOR,JOHN R CARTER
2014,TX-32,TX,32,0.364412,false,Republican,-0.107629,-1,-1,0.000000,0,-0.032848,false,FRANK PEREZ,PETE SESSIONS
2014,TX-34,TX,34,0.606571,true,Democrat,0.119453,1,-1,0.000000,-1,-0.032848,false,FILEMON VELA,LARRY S SMITH
2014,TX-35,TX,35,0.652359,true,Democrat,0.154990,1,-1,0.000000,0,-0.032848,false,LLOYD DOGGETT,SUSAN NARVAIZ
2014,TX-36,TX,36,0.225165,false,,-0.238237,0,-1,0.000000,0,-0.032848,false,MICHAEL K COLE,BRIAN BABIN
2014,UT-01,UT,1,0.301874,false,Republican,-0.254616,-1,-1,0.000000,0,-0.032848,false,DONNA MCALEER,ROB BISHOP
2014,UT-02,UT,2,0.348608,false,Republican,-0.161414,-1,-1,0.000000,0,-0.032848,false,LUZ ROBLES,CHRIS STEWART
2014,UT-03,UT,3,0.237455,false,Republican,-0.277393,-1,-1,0.000000,0,-0.032848,false,BRIAN WONNACOTT,JASON CHAFFETZ
2014,UT-04,UT,4,0.473620,false,,-0.009728,0,-1,0.000000,0,-0.032848,false,DOUG OWENS,MIA B LOVE
2014,VT-00,VT,0,0.674846,true,Democrat,0.244070,1,-1,0.000000,0,-0.032848,false,PETER WELCH,MARK DONKA
2014,VA-01,VA,1,0.353369,false,Republican,-0.088674,-1,-1,0.000000,0,-0.032848,false,"NORMAN G ""NORM"" MOSHER",ROBERT J WITTMAN
2014,VA-02,VA,2,0.412062,false,Republican,-0.049685,-1,-1,0.000000,0,-0.032848,false,SUZANNE D PATRICK,E SCOTT RIGELL
2014,VA-04,VA,4,0.384121,false,Republican,-0.081585,-1,-1,0.000000,0,-0.032848,false,ELLIOTT G FAUSZ,J RANDY FORBES
2014,VA-05,VA,5,0.370715,false,Republican,-0.075322,-1,-1,0.000000,0,-0.032848,false,W LAWRENCE GAUGHAN,ROBERT HURT
2014,VA-07,VA,7,0.377885,false,,-0.096601,0,-1,0.000000,0,-0.032848,false,"JOHN K ""JACK"" TRAMMELL",DAVID A BRAT
2014,VA-08,VA,8,0.667504,true,,0.167406,0,-1,0.000000,0,-0.032848,false,DONALD S BEYER JR,MICAH K EDMOND
2014,VA-10,VA,10,0.416716,false,,-0.112461,0,-1,0.000000,0,-0.032848,false,JOHN W FOUST,BARBARA J COMSTOCK
2014,VA-11,VA,11,0.584852,true,Democrat,0.120805,1,-1,0.000000,0,-0.032848,false,GERALD E CONNOLLY,SUZANNE K SCHOLTE
2014,WA-01,WA,1,0.550366,true,Democrat,0.028026,1,-1,0.000000,0,-0.032848,false,SUZAN K DELBENE,PEDRO CELIS
2014,WA-02,WA,2,0.605743,true,Democrat,0.100082,1,-1,0.000000,0,-0.032848,false,RICK LARSEN,B J GUILLOT
2014,WA-03,WA,3,0.384678,false,Republican,-0.115132,-1,-1,0.000000,0,-0.032848,false,BOB DINGETHAL,JAIME HERRERA BEUTLER
2014,WA-05,WA,5,0.393170,false,Republican,-0.130518,-1,-1,0.000000,0,-0.032848,false,"JOSEPH ""JOE"" PAKOOTAS",CATHY MCMORRIS RODGERS
2014,WA-06,WA,6,0.629832,true,Democrat,0.078643,1,-1,0.000000,0,-0.032848,false,DEREK KILMER,MARTY MCCLENDON
2014,WA-07,WA,7,0.809743,true,Democrat,0.285204,1,-1,0.000000,0,-0.032848,false,JIM MCDERMOTT,CRAIG KELLER
2014,WA-08,WA,8,0.367322,false,Republican,-0.107860,-1,-1,0.000000,0,-0.032848,false,JASON RITCHIE,DAVID G REICHERT
2014,WA-09,WA,9,0.708251,true,Democrat,0.204838,1,-1,0.000000,0,-0.032848,false,ADAM SMITH,DOUG BASLER
2014,WA-10,WA,10,0.547016,true,Democrat,0.074246,1,-1,0.000000,0,-0.032848,false,DENNY HECK,JOYCE MCDONALD
2014,WV-01,WV,1,0.360367,false,Republican,-0.136170,-1,-1,0.000000,0,-0.032848,false,GLEN B GAINER III,DAVID B MCKINLEY
2014,WV-02,WV,2,0.482424,false,,-0.208998,0,-1,0.000000,0,-0.032848,false,NICK CASEY,ALEX X MOONEY
2014,WV-03,WV,3,0.446493,false,Democrat,0.028480,1,-1,0.000000,0,-0.032848,false,NICK J RAHALL II,EVAN JENKINS
2014,WI-01,WI,1,0.366668,false,Republican,-0.069871,-1,-1,0.000000,0,-0.032848,false,ROB ZERVAN,PAUL RYAN
2014,WI-02,WI,2,0.684607,true,Democrat,0.169050,1,-1,0.000000,0,-0.032848,false,MARK POCAN,PETER THERON
2014,WI-03,WI,3,0.565164,true,Democrat,0.130078,1,-1,0.000000,0,-0.032848,false,RON KIND,TONY KURTZ
2014,WI-04,WI,4,0.723312,true,Democrat,0.233045,1,-1,0.000000,0,-0.032848,false,GWEN MOORE,DAN SEBRING
2014,WI-05,WI,5,0.304468,false,Republican,-0.190094,-1,-1,0.000000,0,-0.032848,false,CHRIS ROCKWOOD,F JAMES SENSENBRENNER JR
2014,WI-06,WI,6,0.418564,false,,-0.133127,0,-1,0.000000,0,-0.032848,false,MARK L HARRIS,GLENN GROTHMAN
2014,WI-07,WI,7,0.399339,false,Republican,-0.072848,-1,-1,0.000000,0,-0.032848,false,KELLY WESTLAND,SEAN P DUFFY
2014,WI-08,WI,8,0.349588,false,Republican,-0.071290,-1,-1,0.000000,0,-0.032848,false,RON GRUETT,REID J RIBBLE
2014,WY-00,WY,0,0.250615,false,Republican,-0.254342,-1,-1,0.000000,0,-0.032848,false,RICHARD GRAYSON,CYNTHIA M LUMMIS
2016,AL-02,AL,2,0.453848,false,Republican,-0.147930,-1,0,0.000000,0,-0.012633,false,NATHAN MATHIS,MARTHA ROBY
2016,AL-03,AL,3,0.329769,false,Republican,-0.152432,-1,0,0.000000,0,-0.012633,false,JESSE SMITH,MIKE ROGERS
2016,AL-05,AL,5,0.332057,false,Republican,-0.161552,-1,0,0.000000,0,-0.012633,false,WILL BOYD JR,MO BROOKS
2016,AL-06,AL,6,0.254418,false,Republican,-0.224316,-1,0,0.000000,0,-0.012633,false,DAVID J PUTNAM,GARY J PALMER
2016,AK-00,AK,0,0.417197,false,Republican,-0.202164,-1,0,0.000000,0,-0.012633,false,STEVE LINDBECK,DON YOUNG
2016,AZ-01,AZ,1,0.538782,true,,0.008083,0,0,0.000000,0,-0.012633,false,TOM O'HALLERAN,PAUL BABEU
2016,AZ-02,AZ,2,0.430415,false,Republican,-0.007137,-1,0,0.000000,0,-0.012633,false,MATT HEINZ,MARTHA MCSALLY
2016,AZ-04,AZ,4,0.285466,false,Republican,-0.213336,-1,0,0.000000,0,-0.012633,false,MIKEL WEISSER,PAUL A GOSAR
2016,AZ-05,AZ,5,0.359048,false,,-0.183242,0,0,0.000000,0,-0.012633,false,TALIA FUENTES,ANDY BIGGS
2016,AZ-06,AZ,6,0.378697,false,Republican,-0.159224,-1,0,0.000000,0,-0.012633,false,W JOHN WILLIAMSON,DAVID SCHWEIKERT
2016,AZ-07,AZ,7,0.752531,true,Democrat,0.000000,1,0,0.000000,0,-0.012633,false,RUBEN GALLEGO,EVE NUNEZ
2016,AZ-09,AZ,9,0.609416,true,Democrat,0.010614,1,0,0.000000,0,-0.012633,false,KYRSTEN SINEMA,DAVE GILES
2016,AR-02,AR,2,0.386865,false,,-0.094295,0,0,0.000000,0,-0.012633,false,DIANNE CURRY,J FRENCH HILL
2016,CA-01,CA,1,0.409469,false,Republican,-0.085161,-1,0,0.000000,0,-0.012633,false,JIM REED,DOUG LAMALFA
2016,CA-02,CA,2,0.768501,true,Democrat,0.201097,1,0,0.000000,0,-0.012633,false,JARED HUFFMAN,DALE K MENSING
2016,CA-03,CA,3,0.593514,true,Democrat,0.030969,1,0,0.000000,0,-0.012633,false,JOHN GARAMENDI,N EUGENE CLEEK
2016,CA-04,CA,4,0.372801,false,Republican,-0.122427,-1,0,0.000000,0,-0.012633,false,ROBERT W DERLET,TOM MCCLINTOCK
2016,CA-05,CA,5,0.768685,true,Democrat,0.233376,1,0,0.000000,0,-0.012633,false,MIKE THOMPSON,CARLOS SANTAMARIA
2016,CA-06,CA,6,0.754270,true,Democrat,0.239189,1,0,0.000000,0,-0.012633,false,DORIS O MATSUI,"ROBERT ""BOB"" EVANS"
2016,CA-07,CA,7,0.511714,true,Democrat,0.005480,1,0,0.000000,0,-0.012633,false,AMI BERA,SCOTT R JONES
2016,CA-08,CA,8,0.377420,false,Republican,0.000000,-1,0,0.000000,0,-0.012633,false,RITA RAMIREZ,PAUL COOK
2016,CA-09,CA,9,0.573595,true,Democrat,0.044205,1,0,0.000000,0,-0.012633,false,JERRY MCNERNEY,"ANTONIO C ""TONY"" AMADOR"
2016,CA-10,CA,10,0.482995,false,,-0.038418,0,0,0.000000,-1,-0.012633,false,MICHAEL EGGMAN,JEFF DENHAM
2016,CA-11,CA,11,0.720528,true,Democrat,0.185982,1,0,0.000000,0,-0.012633,false,MARK DESAULNIER,ROGER ALLEN PETERSEN
2016,CA-13,CA,13,0.907846,true,Democrat,0.000000,1,0,0.000000,0,-0.012633,false,BARBARA LEE,SUE CARO
2016,CA-14,CA,14,0.808631,true,Democrat,0.277830,1,0,0.000000,0,-0.012633,false,JACKIE SPEIER,ANGEL CARDENAS
2016,CA-15,CA,15,0.737668,true,Democrat,0.000000,1,0,0.000000,0,-0.012633,false,ERIC SWALWELL,DANNY R TURNER
2016,CA-16,CA,16,0.580348,true,Democrat,0.062750,1,0,0.000000,0,-0.012633,false,JIM COSTA,JOHNNY M TACHERRA
2016,CA-18,CA,18,0.711450,true,Democrat,0.193557,1,0,0.000000,0,-0.012633,false,ANNA G ESHOO,RICHARD B FOX
2016,CA-19,CA,19,0.739444,true,Democrat,0.221022,1,0,0.000000,0,-0.012633,false,ZOE LOFGREN,G BURT LANCASTER
2016,CA-20,CA,20,0.707531,true,,0.229350,0,0,0.000000,0,-0.012633,false,JIMMY PANETTA,CASEY LUCIUS
2016,CA-21,CA,21,0.432617,false,Republican,-0.088927,-1,0,0.000000,0,-0.012633,false,EMILIO HUERTA,DAVID G VALADAO
2016,CA-22,CA,22,0.324349,false,Republican,-0.130132,-1,0,0.000000,0,-0.012633,false,LOUIE J CAMPOS,DEVIN NUNES
2016,CA-23,CA,23,0.308249,false,Republican,0.000000,-1,0,0.000000,0,-0.012633,false,WENDY REED,KEVIN MCCARTHY
2016,CA-24,CA,24,0.534191,true,,0.039637,0,0,0.000000,0,-0.012633,false,SALUD CARBAJAL,JUSTIN DONALD FAREED
2016,CA-25,CA,25,0.468699,false,,-0.059124,0,0,0.000000,0,-0.012633,false,BRYAN CAFORIO,STEPHEN KNIGHT
2016,CA-26,CA,26,0.603795,true,Democrat,0.015582,1,0,0.000000,0,-0.012633,false,JULIA BROWNLEY,RAFAEL A DAGNESSES
2016,CA-27,CA,27,0.674204,true,Democrat,0.128440,1,0,0.000000,0,-0.012633,false,JUDY CHU,JACK ORSWELL
2016,CA-28,CA,28,0.779867,true,Democrat,0.253539,1,0,0.000000,0,-0.012633,false,ADAM B SCHIFF,LENORE SOLIS
2016,CA-30,CA,30,0.726384,true,Democrat,0.000000,1,0,0.000000,0,-0.012633,false,BRAD SHERMAN,MARK REED
2016,CA-31,CA,31,0.560675,true,Democrat,0.000000,1,0,0.000000,0,-0.012633,false,PETE AGUILAR,PAUL CHABOT
2016,CA-33,CA,33,0.664398,true,Democrat,0.000000,1,0,0.000000,0,-0.012633,false,TED LIEU,KENNETH W WRIGHT
2016,CA-35,CA,35,0.723909,true,Democrat,0.000000,1,0,0.000000,0,-0.012633,false,NORMA J TORRES,TYLER FISCHELLA
2016,CA-36,CA,36,0.620539,true,Democrat,0.018058,1,0,0.000000,0,-0.012633,false,RAUL RUIZ,JEFF STONE
2016,CA-38,CA,38,0.704783,true,Democrat,0.164112,1,0,0.000000,0,-0.012633,false,LINDA T SANCHEZ,RYAN DOWNING
2016,CA-39,CA,39,0.427696,false,Republican,-0.089217,-1,0,0.000000,0,-0.012633,false,BRETT MURDOCK,EDWARD R ROYCE
2016,CA-41,CA,41,0.649514,true,Democrat,0.078342,1,0,0.000000,0,-0.012633,false,MARK TAKANO,DOUG SHEPHERD
2016,CA-42,CA,42,0.411779,false,Republican,-0.117276,-1,0,0.000000,0,-0.012633,false,TIM SHERIDAN,KEN CALVERT
2016,CA-43,CA,43,0.760842,true,Democrat,0.000000,1,0,0.000000,0,-0.012633,false,MAXINE WATERS,OMAR NAVARRO
2016,CA-45,CA,45,0.414402,false,Republican,-0.095916,-1,0,0.000000,0,-0.012633,false,RON VARASTEH,MIMI WALTERS
2016,CA-47,CA,47,0.637214,true,Democrat,0.054257,1,0,0.000000,0,-0.012633,false,ALAN S LOWENTHAL,ANDY WHALLON
2016,CA-48,CA,48,0.416803,false,,-0.121121,0,0,0.000000,-1,-0.012633,false,SUZANNE SAVARY,DANA ROHRABACHER
2016,CA-49,CA,49,0.497387,false,Republican,-0.092962,-1,0,0.000000,0,-0.012633,false,DOUG APPLEGATE,DARRELL E ISSA
2016,CA-50,CA,50,0.365487,false,Republican,-0.188234,-1,0,0.000000,0,-0.012633,false,PATRICK MALLOY,DUNCAN HUNTER
2016,CA-51,CA,51,0.727542,true,Democrat,0.203441,1,0,0.000000,0,-0.012633,false,JUAN VARGAS,JUAN M HIDALGO JR
2016,CA-52,CA,52,0.565257,true,Democrat,0.000479,1,0,0.000000,0,-0.012633,false,SCOTT H PETERS,DENISE GITSHAM
2016,CA-53,CA,53,0.670093,true,Democrat,0.102979,1,0,0.000000,0,-0.012633,false,SUSAN A DAVIS,JAMES VELTMEYER
2016,CO-01,CO,1,0.710089,true,Democrat,0.206868,1,0,0.000000,0,-0.012633,false,DIANA DEGETTE,"CHARLES ""CASPER"" STOCKHAM"
2016,CO-02,CO,2,0.604811,true,Democrat,0.079404,1,0,0.000000,0,-0.012633,false,JARED POLIS,NICHOLAS MORSE
2016,CO-03,CO,3,0.424949,false,Republican,-0.076402,-1,0,0.000000,0,-0.012633,false,GAIL SCHWARTZ,SCOTT R TIPTON
2016,CO-04,CO,4,0.332485,false,Republican,-0.125216,-1,0,0.000000,0,-0.012633,false,BOB SEAY,KEN BUCK
2016,CO-05,CO,5,0.331264,false,Republican,0.000000,-1,0,0.000000,0,-0.012633,false,MISTY PLOWRIGHT,DOUG LAMBORN
2016,CO-06,CO,6,0.455605,false,Republican,-0.022245,-1,0,0.000000,0,-0.012633,false,MORGAN CARROLL,MIKE COFFMAN
2016,CO-07,CO,7,0.580989,true,Democrat,0.056146,1,0,0.000000,0,-0.012633,false,ED PERLMUTTER,GEORGE ATHANASOPOULOS
2016,CT-01,CT,1,0.638962,true,Democrat,0.189490,1,0,0.000000,0,-0.012633,false,JOHN B LARSON,MATHHEW M COREY
2016,CT-02,CT,2,0.626213,true,Democrat,0.171230,1,0,0.000000,0,-0.012633,false,JOE COURTNEY,DARIA NOVAK
2016,CT-03,CT,3,0.667479,true,Democrat,0.216501,1,0,0.000000,0,-0.012633,false,ROSA L DELAURO,ANGEL CADENA
2016,CT-04,CT,4,0.608859,true,Democrat,0.076117,1,0,0.000000,0,-0.012633,false,JAMES A HIMES,JOHN SHABAN
2016,CT-05,CT,5,0.566919,true,,0.004991,0,0,0.000000,0,-0.012633,false,ELIZABETH H ETSY,CLAY COPE
2016,DE-00,DE,0,0.575462,true,,0.146920,0,0,0.000000,0,-0.012633,false,LISA BLUNT ROCHESTER,HANS REIGLE
2016,FL-01,FL,1,0.309001,false,,-0.230827,0,0,0.000000,0,-0.012633,false,STEVEN SPECHT,MATT GAETZ
2016,FL-02,FL,2,0.307821,false,,-0.038656,0,0,0.000000,0,-0.012633,false,WALTER DARTLAND,NEAL DUNN
2016,FL-03,FL,3,0.412919,false,Republican,-0.177345,-1,0,0.000000,0,-0.012633,false,"KENNETH ""KEN"" MCGURN",TED S YOHO
2016,FL-04,FL,4,0.282299,false,,0.000000,0,0,0.000000,0,-0.012633,false,DAVID E BRUDERLY,JOHN RUTHERFORD
2016,FL-05,FL,5,0.642343,true,,0.217961,0,0,0.000000,0,-0.012633,false,AL LAWSON,GLO SMITH
2016,FL-06,FL,6,0.414326,false,Republican,-0.083569,-1,0,0.000000,0,-0.012633,false,"WILLIAM ""BILL"" MCCULLOUGH",RON DESANTIS
2016,FL-07,FL,7,0.514784,true,Republican,-0.098424,-1,0,0.000000,0,-0.012633,false,STEPHANIE MURPHY,JOHN L MICA
2016,FL-08,FL,8,0.340267,false,Republican,-0.122191,-1,0,0.000000,0,-0.012633,false,CORRY WESTBROOK,BILL POSEY
2016,FL-09,FL,9,0.574848,true,,0.113851,0,0,0.000000,0,-0.012633,false,DARREN SOTO,WAYNE LIEBNITZKY
2016,FL-10,FL,10,0.648687,true,,-0.028737,0,0,0.000000,0,-0.012633,false,VAL DEMINGS,THUY LOWE
2016,FL-11,FL,11,0.325852,false,,-0.156106,0,0,0.000000,0,-0.012633,false,DAVE KOLLER,DANIEL WEBSTER
2016,FL-12,FL,12,0.314092,false,Republican,-0.169693,-1,0,0.000000,0,-0.012633,false,ROBERT MATTHEW TAGER,GUS M BILIRAKIS
2016,FL-13,FL,13,0.519031,true,Republican,-0.087035,-1,0,0.000000,0,-0.012633,false,CHARLIE CRIST,DAVID W JOLLY
2016,FL-14,FL,14,0.617871,true,Democrat,0.191160,1,0,0.000000,0,-0.012633,false,KATHY CASTOR,CHRISTINE QUINN
2016,FL-15,FL,15,0.425388,false,Republican,0.000000,-1,0,0.000000,0,-0.012633,false,JIM LANGE,DENNIS A ROSS
2016,FL-16,FL,16,0.402321,false,Republican,-0.047457,-1,0,0.000000,0,-0.012633,false,JAN SCHNEIDER,VERN BUCHANAN
2016,FL-17,FL,17,0.356490,false,Republican,-0.097644,-1,0,0.000000,0,-0.012633,false,APRIL FREEMAN,THOMAS J ROONEY
2016,FL-18,FL,18,0.445557,false,,-0.008456,0,0,0.000000,0,-0.012633,false,RANDY PERKINS,BRIAN MAST
2016,FL-19,FL,19,0.341045,false,,-0.145002,0,0,0.000000,0,-0.012633,false,ROBERT M NEELD,FRANCIS ROONEY
2016,FL-20,FL,20,0.803120,true,Democrat,0.000000,1,0,0.000000,0,-0.012633,false,ALCEE L HASTINGS,GARY STEIN
2016,FL-21,FL,21,0.640833,true,,0.000000,0,0,0.000000,0,-0.012633,false,LOIS FRANKEL,PAUL SPAIN
2016,FL-22,FL,22,0.589353,true,,0.034933,0,0,0.000000,0,-0.012633,false,THEODORE E DEUTCH,ANDREA LEIGH MCGEE
2016,FL-23,FL,23,0.583439,true,Democrat,0.128416,1,0,0.000000,0,-0.012633,false,DEBBIE WASSERMAN SCHULTZ,"JOSEPH ""JOE"" KAUFMAN"
2016,FL-25,FL,25,0.376398,false,Republican,0.000000,-1,0,0.000000,0,-0.012633,false,ALINA VALDES,MARIO DIAZ-BALART
2016,FL-26,FL,26,0.437407,false,Republican,0.043618,-1,0,0.000000,1,-0.012633,false,JOE GARCIA,CARLOS CURBELO
2016,FL-27,FL,27,0.451061,false,Republican,-0.130947,-1,0,0.000000,0,-0.012633,false,SCOTT FUHRMAN,ILEANA ROS-LEHTINEN
2016,GA-02,GA,2,0.612298,true,Democrat,0.126501,1,0,0.000000,0,-0.012633,false,SANFORD D BISHOP JR,GREG DUKE
2016,GA-03,GA,3,0.316534,false,,0.000000,0,0,0.000000,0,-0.012633,false,ANGELA PENDLEY,DREW FERGUSON
2016,GA-04,GA,4,0.757195,true,Democrat,0.224344,1,0,0.000000,0,-0.012633,false,"HENRY C ""HANK"" JOHNSON JR",VICTOR ARMENDARIZ
2016,GA-05,GA,5,0.844391,true,Democrat,0.332595,1,0,0.000000,0,-0.012633,false,JOHN LEWIS,DOUGLAS BELL
2016,GA-06,GA,6,0.383175,false,Republican,-0.156394,-1,0,0.000000,0,-0.012633,false,RODNEY STOOKSBURY,TOM PRICE
2016,GA-07,GA,7,0.396183,false,Republican,-0.132955,-1,0,0.000000,0,-0.012633,false,RASHID MALIK,ROB WOODALL
2016,GA-08,GA,8,0.323571,false,Republican,0.000000,-1,0,0.000000,0,-0.012633,false,JAMES NEAL HARRIS,AUSTIN SCOTT
2016,GA-11,GA,11,0.325942,false,Republican,-0.196869,-1,0,0.000000,0,-0.012633,false,DON WILSON,BARRY LOUDERMILK
2016,GA-12,GA,12,0.383991,false,,0.025664,0,0,0.000000,0,-0.012633,false,PATRICIA C MCCRACKEN,RICK W ALLEN
2016,HI-01,HI,1,0.759854,true,,0.034793,0,0,0.000000,1,-0.012633,false,COLLEEN WAKAKO HANABUSA,"SHIRLENE D ""SHIRL"" OSTROV"
2016,HI-02,HI,2,0.811568,true,Democrat,0.294089,1,0,0.000000,0,-0.012633,false,TULSI GABBARD,ANGELA AULANI KAAIHUE
2016,ID-01,ID,1,0.318184,false,Republican,-0.183058,-1,0,0.000000,0,-0.012633,false,JAMES PIOTROWSKI,RAUL R LABRADOR
2016,ID-02,ID,2,0.318492,false,Republican,-0.163044,-1,0,0.000000,0,-0.012633,false,JENNIFER MARTINEZ,MICHAEL K SIMPSON
2016,IL-01,IL,1,0.740966,true,Democrat,0.226888,1,0,0.000000,0,-0.012633,false,BOBBY L RUSH,"AUGUST ""O'NEILL"" DEUSER"
2016,IL-02,IL,2,0.798076,true,Democrat,0.220171,1,0,0.000000,0,-0.012633,false,ROBIN L KELLY,JOHN F MORROW
2016,IL-05,IL,5,0.711694,true,Democrat,0.185592,1,0,0.000000,0,-0.012633,false,MIKE QUIGLEY,VINCE KOLBER
2016,IL-06,IL,6,0.407760,false,Republican,-0.103549,-1,0,0.000000,0,-0.012633,false,AMANDA HOWLAND,PETER J ROSKAM
2016,IL-07,IL,7,0.842395,true,Democrat,0.373785,1,0,0.000000,0,-0.012633,false,DANNY K DAVIS,JEFFREY A LEEF
2016,IL-08,IL,8,0.583149,true,,0.036086,0,0,0.000000,0,-0.012633,false,RAJA KRISHNAMOORTHI,"PETER ""PETE"" DICIANNI"
2016,IL-09,IL,9,0.664837,true,Democrat,0.151951,1,0,0.000000,0,-0.012633,false,JANICE D SCHAKOWSKY,JOAN MCCARTHY LASONDE
2016,IL-10,IL,10,0.526052,true,Republican,-0.005047,-1,0,0.000000,1,-0.012633,false,BRAD SCHNEIDER,ROBERT J DOLD
2016,IL-11,IL,11,0.604479,true,Democrat,0.074359,1,0,0.000000,0,-0.012633,false,BILL FOSTER,TONIA KHOURI
2016,IL-12,IL,12,0.422287,false,Republican,0.035890,-1,0,0.000000,0,-0.012633,false,"CHARLES ""C J"" BARICEVIC",MIKE BOST
2016,IL-13,IL,13,0.403351,false,Republican,-0.013170,-1,0,0.000000,0,-0.012633,false,MARK D WICKLUND,RODNEY DAVIS
2016,IL-14,IL,14,0.406951,false,Republican,-0.099515,-1,0,0.000000,0,-0.012633,false,JIM WALZ,RANDY HULTGREN
2016,IL-17,IL,17,0.603080,true,Democrat,0.021454,1,0,0.000000,0,-0.012633,false,CHERI BUSTOS,PATRICK HARLAN
2016,IL-18,IL,18,0.278654,false,,-0.252974,0,0,0.000000,0,-0.012633,false,JUNIUS RODRIGUEZ,DARIN LAHOOD
2016,IN-02,IN,2,0.383875,false,Republican,-0.018756,-1,0,0.000000,0,-0.012633,false,LYNN C COLEMAN,JACKIE WALORSKI
2016,IN-03,IN,3,0.246890,false,,-0.181744,0,0,0.000000,0,-0.012633,false,TOMMY A SCHRADER,JIM BANKS
2016,IN-04,IN,4,0.320570,false,Republican,-0.155914,-1,0,0.000000,0,-0.012633,false,JOHN DALE,TODD ROKITA
2016,IN-05,IN,5,0.358146,false,Republican,-0.119525,-1,0,0.000000,0,-0.012633,false,ANGELA DEMAREE,SUSAN W BROOKS
2016,IN-06,IN,6,0.278590,false,Republican,-0.138480,-1,0,0.000000,0,-0.012633,false,BARRY WELSH,LUKE MESSER
2016,IN-07,IN,7,0.626944,true,Democrat,0.117166,1,0,0.000000,0,-0.012633,false,ANDRE CARSON,"CATHERINE ""CAT"" PING"
2016,IN-08,IN,8,0.332159,false,Republican,-0.064663,-1,0,0.000000,0,-0.012633,false,RON DRAKE,LARRY BUCSHON
2016,IN-09,IN,9,0.427699,false,,-0.065806,0,0,0.000000,0,-0.012633,false,SHELLI YODER,TREY HOLLINGSWORTH
2016,IA-01,IA,1,0.461619,false,Republican,0.066553,-1,0,0.000000,0,-0.012633,false,MONICA VERNON,ROD BLUM
2016,IA-02,IA,2,0.537399,true,Democrat,0.055385,1,0,0.000000,0,-0.012633,false,DAVID LOEBSACK,CHRISTOPHER PETERS
2016,IA-03,IA,3,0.426298,false,Republican,-0.056351,-1,0,0.000000,0,-0.012633,false,JIM MOWRER,DAVID YOUNG
2016,IA-04,IA,4,0.386769,false,Republican,-0.052730,-1,0,0.000000,0,-0.012633,false,KIM WEAVER,STEVE KING
2016,KS-02,KS,2,0.348260,false,Republican,-0.106870,-1,0,0.000000,0,-0.012633,false,BRITANI POTTER,LYNN JENKINS
2016,KS-03,KS,3,0.441771,false,Republican,0.000000,-1,0,0.000000,0,-0.012633,false,JAY SIDIE,KEVIN YODER
2016,KS-04,KS,4,0.327957,false,Republican,-0.174645,-1,0,0.000000,0,-0.012633,false,DANIEL B GIROUX,MIKE POMPEO
2016,KY-01,KY,1,0.273580,false,,-0.207670,0,0,0.000000,0,-0.012633,false,SAMUEL L GASKINS,JAMES R COMER
2016,KY-03,KY,3,0.634992,true,Democrat,0.138007,1,0,0.000000,0,-0.012633,false,JOHN A YARMUTH,HAROLD BRATCHER
2016,KY-04,KY,4,0.286795,false,Republican,-0.151140,-1,0,0.000000,0,-0.012633,false,CALVIN SIDLE,THOMAS MASSIE
2016,KY-06,KY,6,0.389110,false,Republican,-0.031332,-1,0,0.000000,0,-0.012633,false,NANCY JO KEMPER,ANDY BARR
2016,LA-01,LA,1,0.207478,false,Republican,-0.291002,-1,0,0.000000,0,-0.012633,false,LEE ANN DUGAS,STEVE SCALISE
2016,LA-03,LA,3,0.203062,false,,-0.293313,0,0,0.000000,0,-0.012633,false,"JACOB ""DORIAN PHIBIAN"" HEBERT",CLAY HIGGINS
2016,LA-04,LA,4,0.177026,false,,0.000000,0,0,0.000000,0,-0.012633,false,MARSHALL JONES,"""MIKE"" JOHNSON"
2016,LA-06,LA,6,0.247292,false,Republican,0.000000,-1,0,0.000000,0,-0.012633,false,RICHARD LIEBERMAN,GARRET GRAVES
2016,ME-01,ME,1,0.580304,true,Democrat,0.136584,1,0,0.000000,0,-0.012633,false,CHELLIE PINGREE,MARK I HOLBROOK
2016,ME-02,ME,2,0.451987,false,Republican,0.070601,-1,0,0.000000,0,-0.012633,false,EMILY ANN CAIN,BRUCE POLIQUIN
2016,MD-01,MD,1,0.299316,false,Republican,-0.209032,-1,0,0.000000,0,-0.012633,false,JOE WERNER,ANDY HARRIS
2016,MD-02,MD,2,0.651998,true,Democrat,0.166917,1,0,0.000000,0,-0.012633,false,C A DUTCH RUPPERSBERGER,PAT MCDONOUGH
2016,MD-03,MD,3,0.651040,true,Democrat,0.181982,1,0,0.000000,0,-0.012633,false,JOHN P SARBANES,MARK PLASTER
2016,MD-04,MD,4,0.775714,true,,0.276954,0,0,0.000000,0,-0.012633,false,ANTHONY G BROWN,GEORGE E MCDERMOTT
2016,MD-05,MD,5,0.696403,true,Democrat,0.203327,1,0,0.000000,0,-0.012633,false,STENY H HOYER,MARK ARNESS
2016,MD-06,MD,6,0.582623,true,Democrat,0.096620,1,0,0.000000,0,-0.012633,false,JOHN K DELANEY,AMIE HOEBER
2016,MD-07,MD,7,0.774457,true,Democrat,0.274799,1,0,0.000000,0,-0.012633,false,ELIJAH E CUMMINGS,CORROGAN R VAUGHN
2016,MD-08,MD,8,0.639015,true,,0.146724,0,0,0.000000,0,-0.012633,false,JAMIE RASKIN,DAN COX
2016,MA-03,MA,3,0.687655,true,Democrat,0.148462,1,0,0.000000,0,-0.012633,false,NIKI TSONGAS,ANN WOFFORD
2016,MA-04,MA,4,0.701606,true,Democrat,0.118728,1,0,0.000000,0,-0.012633,false,JOSEPH P KENNEDY III,DAVID A ROSA
2016,MA-08,MA,8,0.725109,true,Democrat,0.251136,1,0,0.000000,0,-0.012633,false,STEPHEN F LYNCH,WILLIAM BURKE
2016,MA-09,MA,9,0.623658,true,Democrat,0.134773,1,0,0.000000,0,-0.012633,false,WILLIAM R KEATING,MARK C ALLIEGRO
2016,MI-01,MI,1,0.421892,false,,-0.014166,0,0,0.000000,0,-0.012633,false,LON JOHNSON,JACK BERGMAN
2016,MI-02,MI,2,0.341875,false,Republican,-0.152430,-1,0,0.000000,0,-0.012633,false,DENNIS B MURPHY,BILL HUIZENGA
2016,MI-03,MI,3,0.386811,false,Republican,-0.054984,-1,0,0.000000,0,-0.012633,false,DOUGLAS SMITH,JUSTIN AMASH
2016,MI-04,MI,4,0.342327,false,Republican,-0.164106,-1,0,0.000000,0,-0.012633,false,DEBRA WIRTH,JOHN R MOOLENAAR
2016,MI-05,MI,5,0.635300,true,Democrat,0.162311,1,0,0.000000,0,-0.012633,false,DANIEL T KILDEE,AL HARDWICK
2016,MI-06,MI,6,0.383030,false,Republican,-0.072957,-1,0,0.000000,0,-0.012633,false,PAUL CLEMENTS,FRED UPTON
2016,MI-07,MI,7,0.420977,false,Republican,-0.064871,-1,0,0.000000,0,-0.012633,false,GRETCHEN D DRISKELL,TIM WALBERG
2016,MI-08,MI,8,0.411513,false,Republican,-0.122496,-1,0,0.000000,0,-0.012633,false,SUZANNA SHKRELI,MIKE BISHOP
2016,MI-09,MI,9,0.607615,true,Democrat,0.134036,1,0,0.000000,0,-0.012633,false,SANDER M LEVIN,CHRISTOPHER R MORSE
2016,MI-10,MI,10,0.338552,false,,-0.209510,0,0,0.000000,0,-0.012633,false,FRANK ACCAVITTI JR,PAUL MITCHELL
2016,MI-11,MI,11,0.431494,false,,-0.044959,0,0,0.000000,0,-0.012633,false,ANIL KUMAR,DAVID A TROTT
2016,MI-12,MI,12,0.687448,true,Democrat,0.189747,1,0,0.000000,0,-0.012633,false,DEBBIE DINGELL,JEFF JONES
2016,MI-13,MI,13,0.830594,true,Democrat,0.347226,1,0,0.000000,0,-0.012633,false,JOHN CONYERS JR,JEFF GORMAN
2016,MI-14,MI,14,0.807757,true,Democrat,0.328976,1,0,0.000000,0,-0.012633,false,BRENDA L LAWRENCE,HOWARD KLAUSNER
2016,MN-01,MN,1,0.503795,true,Democrat,0.064769,1,0,0.000000,0,-0.012633,false,TIMOTHY J WALZ,JIM HAGEDORN
2016,MN-02,MN,2,0.490250,false,,-0.052195,0,0,0.000000,0,-0.012633,false,ANGIE CRAIG,JASON LEWIS
2016,MN-03,MN,3,0.431385,false,Republican,-0.092950,-1,0,0.000000,0,-0.012633,false,TERRI E BONOFF,ERIK PAULSEN
2016,MN-04,MN,4,0.626824,true,Democrat,0.152642,1,0,0.000000,0,-0.012633,false,BETTY MCCOLLUM,GREG RYAN
2016,MN-05,MN,5,0.756032,true,Democrat,0.235702,1,0,0.000000,0,-0.012633,false,KEITH ELLISON,FRANK NELSON DRAKE
2016,MN-06,MN,6,0.343225,false,Republican,-0.017400,-1,0,0.000000,0,-0.012633,false,DAVID SNYDER,TOM EMMER
2016,MN-07,MN,7,0.525155,true,Democrat,0.122728,1,0,0.000000,0,-0.012633,false,COLLIN C PETERSON,DAVE HUGHES
2016,MN-08,MN,8,0.502820,true,Democrat,0.033283,1,0,0.000000,0,-0.012633,false,RICHARD M NOLAN,STEWART MILLS
2016,MS-01,MS,1,0.289072,false,,-0.132139,0,0,0.000000,0,-0.012633,false,JACOB OWENS,TRENT KELLY
2016,MS-02,MS,2,0.697185,true,Democrat,0.173007,1,0,0.000000,0,-0.012633,false,BENNIE G THOMPSON,JOHN BOUIE II
2016,MS-03,MS,3,0.314476,false,Republican,0.000000,-1,0,0.000000,0,-0.012633,false,DENNIS QUINN,GREGG HARPER
2016,MS-04,MS,4,0.299446,false,Republican,-0.201004,-1,0,0.000000,0,-0.012633,false,MARK GLADNEY,STEVEN M PALAZZO
2016,MO-01,MO,1,0.790749,true,Democrat,0.303629,1,0,0.000000,0,-0.012633,false,WM LACY CLAY,STEVEN G BAILEY
2016,MO-02,MO,2,0.391530,false,Republican,-0.129667,-1,0,0.000000,0,-0.012633,false,BILL OTTO,ANN WAGNER
2016,MO-03,MO,3,0.291678,false,Republican,-0.170299,-1,0,0.000000,0,-0.012633,false,KEVIN MILLER,BLAINE LUETKEMEYER
2016,MO-04,MO,4,0.291042,false,Republican,-0.140884,-1,0,0.000000,0,-0.012633,false,GORDON CHRISTENSEN,VICKY HARTZLER
2016,MO-05,MO,5,0.606498,true,Democrat,0.109836,1,0,0.000000,0,-0.012633,false,EMANUEL CLEAVER,JACOB TURK
2016,MO-06,MO,6,0.294877,false,Republican,-0.177900,-1,0,0.000000,0,-0.012633,false,DAVID M BLACKWELL,SAM GRAVES
2016,MO-07,MO,7,0.288557,false,Republican,-0.185251,-1,0,0.000000,0,-0.012633,false,"GENEVIEVE ""GEN"" WILLIAMS",BILLY LONG
2016,MO-08,MO,8,0.233518,false,Republican,-0.256866,-1,0,0.000000,0,-0.012633,false,DAVE COWELL,JASON SMITH
2016,MT-00,MT,0,0.419150,false,Republican,-0.066210,-1,0,0.000000,0,-0.012633,false,DENISE JUNEAU,RYAN K ZINKE
2016,NE-01,NE,1,0.305474,false,Republican,-0.194242,-1,0,0.000000,0,-0.012633,false,DANIEL M WIK,JEFF FORTENBERRY
2016,NE-02,NE,2,0.493785,false,Democrat,-0.019293,1,0,0.000000,0,-0.012633,false,BRAD ASHFORD,DON BACON
2016,NV-01,NV,1,0.682657,true,Democrat,0.157140,1,0,0.000000,0,-0.012633,false,DINA TITUS,MARY PERRY
2016,NV-02,NV,2,0.387811,false,Republican,-0.125239,-1,0,0.000000,0,-0.012633,false,"H D ""CHIP"" EVANS",MARK E AMODEI
2016,NV-03,NV,3,0.506803,true,,-0.051524,0,0,0.000000,0,-0.012633,false,JACKY ROSEN,DANNY TARKANIAN
2016,NV-04,NV,4,0.521546,true,Republican,0.032044,-1,0,0.000000,0,-0.012633,false,RUBEN KIHUEN,CRESENT HARDY
2016,NH-01,NH,1,0.507680,true,Republican,0.008329,-1,0,0.000000,1,-0.012633,false,CAROL SHEA-PORTER,FRANK C GUINTA
2016,NH-02,NH,2,0.523329,true,Democrat,0.013952,1,0,0.000000,0,-0.012633,false,ANN M KUSTER,JIM LAWRENCE
2016,NJ-01,NJ,1,0.619821,true,Democrat,0.183448,1,0,0.000000,0,-0.012633,false,DONALD NORCROSS,BOB PATTERSON
2016,NJ-02,NJ,2,0.385958,false,Republican,-0.100011,-1,0,0.000000,0,-0.012633,false,DAVID H COLE,FRANK A LOBIONDO
2016,NJ-03,NJ,3,0.395893,false,,-0.056287,0,0,0.000000,0,-0.012633,false,FREDERICK JOHN LAVERGNE,THOMAS MACARTHUR
2016,NJ-04,NJ,4,0.344741,false,Republican,-0.155090,-1,0,0.000000,0,-0.012633,false,LORNA PHILLIPSON,CHRISTOPHER H SMITH
2016,NJ-05,NJ,5,0.522552,true,Republican,-0.074173,-1,0,0.000000,0,-0.012633,false,JOSHUA S GOTTHEIMER,SCOTT GARRETT
2016,NJ-06,NJ,6,0.646240,true,Democrat,0.131422,1,0,0.000000,0,-0.012633,false,FRANK PALLONE JR,BRENT SONNEK-SCHMELZ
2016,NJ-07,NJ,7,0.443626,false,Republican,-0.099387,-1,0,0.000000,0,-0.012633,false,PETER JACOB,LEONARD LANCE
2016,NJ-08,NJ,8,0.806446,true,Democrat,0.293339,1,0,0.000000,0,-0.012633,false,ALBIO SIRES,AGHA KHAN
2016,NJ-09,NJ,9,0.713286,true,Democrat,0.235852,1,0,0.000000,0,-0.012633,false,BILL PASCRELL JR,HECTOR L CASTILLO
2016,NJ-10,NJ,10,0.878282,true,Democrat,0.381131,1,0,0.000000,0,-0.012633,false,DONALD M PAYNE JR,DAVID H PINCKNEY
2016,NJ-11,NJ,11,0.401164,false,Republican,-0.106621,-1,0,0.000000,0,-0.012633,false,JOSEPH M WENZEL,RODNEY P FRELINGHUYSEN
2016,NJ-12,NJ,12,0.662547,true,,0.189933,0,0,0.000000,0,-0.012633,false,BONNIE WATSON COLEMAN,STEVEN J UCCIO
2016,NM-01,NM,1,0.651473,true,Democrat,0.080261,1,0,0.000000,0,-0.012633,false,MICHELLE LUJAN GRISHAM,RICHARD GREGORY PRIEM
2016,NM-02,NM,2,0.372604,false,,-0.102348,0,0,0.000000,-1,-0.012633,false,MERRIE LEE SOULES,STEVAN PEARCE
2016,NM-03,NM,3,0.624170,true,Democrat,0.119911,1,0,0.000000,0,-0.012633,false,BEN RAY LUJAN,MICHAEL H ROMERO
2016,NY-01,NY,1,0.444265,false,Republican,0.045802,-1,0,0.000000,0,-0.012633,false,ANNA E THRONE-HOLST,LEE M ZELDIN
2016,NY-02,NY,2,0.393587,false,Republican,-0.065542,-1,0,0.000000,0,-0.012633,false,DUWAYNE GREGORY,PETER T KING
2016,NY-03,NY,3,0.561854,true,,0.085938,0,0,0.000000,0,-0.012633,false,THOMAS R SUOZZI,JACK M MARTINS
2016,NY-04,NY,4,0.620459,true,Democrat,0.130954,1,0,0.000000,0,-0.012633,false,KATHLEEN M RICE,DAVID H GURFEIN
2016,NY-05,NY,5,0.880740,true,Democrat,0.392412,1,0,0.000000,0,-0.012633,false,GREGORY W MEEKS,MICHAEL A O'REILLY
2016,NY-06,NY,6,0.750218,true,Democrat,0.189036,1,0,0.000000,0,-0.012633,false,GRACE MENG,DANNIEL S MAIO
2016,NY-07,NY,7,0.917343,true,Democrat,0.000000,1,0,0.000000,0,-0.012633,false,NYDIA M VELAZQUEZ,ALLAN E ROMAGUERA
2016,NY-10,NY,10,0.795598,true,Democrat,0.303452,1,0,0.000000,0,-0.012633,false,JERROLD NADLER,PHILIP ROSENTHAL
2016,NY-11,NY,11,0.410160,false,,-0.020600,0,0,0.000000,0,-0.012633,false,RICHARD A REICHARD,DANIEL M DONOVAN JR
2016,NY-12,NY,12,0.823295,true,Democrat,0.303643,1,0,0.000000,0,-0.012633,false,CAROLYN B MALONEY,ROBERT ARDINI
2016,NY-13,NY,13,0.940410,true,,0.422225,0,0,0.000000,0,-0.012633,false,ADRIANO ESPAILLAT,ROBERT A EVANS JR
2016,NY-14,NY,14,0.837279,true,Democrat,0.346832,1,0,0.000000,0,-0.012633,false,JOSEPH CROWLEY,FRANK J SPOTORNO
2016,NY-15,NY,15,0.964328,true,Democrat,0.465982,1,0,0.000000,0,-0.012633,false,JOSE E SERRANO,ALEJANDRO VEGA
2016,NY-18,NY,18,0.559178,true,Democrat,0.027449,1,0,0.000000,0,-0.012633,false,SEAN PATRICK MALONEY,PHIL OLIVA
2016,NY-19,NY,19,0.481003,false,,-0.016176,0,0,0.000000,0,-0.012633,false,ZEPHYR TEACHOUT,JOHN J FASO
2016,NY-20,NY,20,0.693372,true,Democrat,0.184653,1,0,0.000000,0,-0.012633,false,PAUL TONKO,JOE VITOLLO
2016,NY-21,NY,21,0.332361,false,Republican,0.019012,-1,0,0.000000,0,-0.012633,false,MIKE DERRICK,ELISE M STEFANIK
2016,NY-22,NY,22,0.475574,false,,-0.098260,0,0,0.000000,0,-0.012633,false,KIM A MYERS,CLAUDIA TENNEY
2016,NY-23,NY,23,0.437667,false,Republican,-0.017905,-1,0,0.000000,0,-0.012633,false,JOHN F PLUMB,TOM REED
2016,NY-24,NY,24,0.423758,false,Republican,0.047798,-1,0,0.000000,0,-0.012633,false,COLLEEN DEACON,JOHN KATKO
2016,NY-25,NY,25,0.597027,true,Democrat,0.095603,1,0,0.000000,0,-0.012633,false,LOUISE MCINTOSH SLAUGHTER,MARK W ASSINI
2016,NY-26,NY,26,0.774313,true,Democrat,0.261556,1,0,0.000000,0,-0.012633,false,BRIAN HIGGINS,SHELLY SCHRATZ
2016,NY-27,NY,27,0.380573,false,Republican,-0.006362,-1,0,0.000000,0,-0.012633,false,DIANA K KASTENBAUM,CHRIS COLLINS
2016,NC-01,NC,1,0.703218,true,Democrat,0.255821,1,0,0.000000,0,-0.012633,false,G K BUTTERFIELD,H POWELL DEW JR
2016,NC-02,NC,2,0.432914,false,,-0.085737,0,0,0.000000,0,-0.012633,false,JOHN P MCNEIL,GEORGE HOLDING
2016,NC-03,NC,3,0.327988,false,Republican,-0.142444,-1,0,0.000000,0,-0.012633,false,ERNEST T REEVES,WALTER B JONES
2016,NC-04,NC,4,0.682178,true,Democrat,0.233414,1,0,0.000000,0,-0.012633,false,DAVID E PRICE,SUE GOOGE
2016,NC-05,NC,5,0.415983,false,Republican,-0.086784,-1,0,0.000000,0,-0.012633,false,JOSH BRANNON,VIRGINIA FOXX
2016,NC-06,NC,6,0.407709,false,Republican,-0.120569,-1,0,0.000000,0,-0.012633,false,PETE GLIDEWELL,MARK WALKER
2016,NC-07,NC,7,0.390862,false,Republican,-0.010365,-1,0,0.000000,0,-0.012633,false,J WESLEY CASTEEN,DAVID ROUZER
2016,NC-08,NC,8,0.412271,false,Republican,-0.050881,-1,0,0.000000,0,-0.012633,false,THOMAS MILLS,RICHARD HUDSON
2016,NC-09,NC,9,0.418177,false,Republican,-0.042799,-1,0,0.000000,0,-0.012633,false,CHRISTIAN CANO,ROBERT PITTENGER
2016,NC-10,NC,10,0.368610,false,Republican,-0.081222,-1,0,0.000000,0,-0.012633,false,ANDY MILLARD,PATRICK T MCHENRY
2016,NC-11,NC,11,0.359110,false,Republican,-0.085578,-1,0,0.000000,0,-0.012633,false,RICK BRYSON,MARK MEADOWS
2016,NC-12,NC,12,0.670240,true,Democrat,0.285012,1,0,0.000000,0,-0.012633,false,ALMA S ADAMS,LEON THREATT
2016,NC-13,NC,13,0.438966,false,,-0.079305,0,0,0.000000,0,-0.012633,false,BRUCE DAVIS,TED BUDD
2016,ND-00,ND,0,0.255687,false,Republican,0.000000,-1,0,0.000000,0,-0.012633,false,CHASE IRON EYES,KEVIN CRAMER
2016,OH-01,OH,1,0.407841,false,Republican,-0.116941,-1,0,0.000000,0,-0.012633,false,MICHELE YOUNG,STEVE CHABOT
2016,OH-02,OH,2,0.335531,false,Republican,-0.097672,-1,0,0.000000,0,-0.012633,false,WILLIAM R SMITH,BRAD R WENSTRUP
2016,OH-03,OH,3,0.685740,true,Democrat,0.210246,1,0,0.000000,0,-0.012633,false,JOYCE BEATTY,JOHN ADAMS
2016,OH-04,OH,4,0.320111,false,Republican,-0.126592,-1,0,0.000000,0,-0.012633,false,JANET GARRETT,JIM JORDAN
2016,OH-05,OH,5,0.290999,false,Republican,-0.105212,-1,0,0.000000,0,-0.012633,false,JAMES NEU JR,ROBERT E LATTA
2016,OH-06,OH,6,0.293240,false,Republican,-0.043849,-1,0,0.000000,0,-0.012633,false,MICHAEL L LORENTZ,BILL JOHNSON
2016,OH-07,OH,7,0.311396,false,Republican,-0.075291,-1,0,0.000000,0,-0.012633,false,ROY RICH,BOB GIBBS
2016,OH-08,OH,8,0.281728,false,,0.000000,0,0,0.000000,0,-0.012633,false,STEVEN FOUGHT,WARREN DAVIDSON
2016,OH-09,OH,9,0.686865,true,Democrat,0.248934,1,0,0.000000,0,-0.012633,false,MARCY KAPTUR,DONALD P LARSON
2016,OH-10,OH,10,0.337671,false,Republican,-0.124959,-1,0,0.000000,0,-0.012633,false,ROBERT KLEPINGER,MICHAEL R TURNER
2016,OH-11,OH,11,0.802538,true,Democrat,0.000000,1,0,0.000000,0,-0.012633,false,MARCIA L FUDGE,BEVERLY A GOLDSTEIN
2016,OH-12,OH,12,0.309527,false,Republican,-0.146032,-1,0,0.000000,0,-0.012633,false,ED ALBERTSON,PATRICK J TIBERI
2016,OH-13,OH,13,0.677334,true,Democrat,0.216363,1,0,0.000000,0,-0.012633,false,TIM RYAN,RICHARD A MORCKEL
2016,OH-14,OH,14,0.373915,false,Republican,-0.093830,-1,0,0.000000,0,-0.012633,false,MICHAEL WAGER,DAVID P JOYCE
2016,OH-15,OH,15,0.338354,false,Republican,-0.126920,-1,0,0.000000,0,-0.012633,false,SCOTT WHARTON,STEVE STIVERS
2016,OH-16,OH,16,0.346706,false,Republican,-0.031806,-1,0,0.000000,0,-0.012633,false,KEITH MUNDY,JAMES B RENACCI
2016,OK-02,OK,2,0.247346,false,Republican,-0.110634,-1,0,0.000000,0,-0.012633,false,JOSHUA HARRIS-TILL,MARKWAYNE MULLIN
2016,OK-03,OK,3,0.217091,false,Republican,-0.301819,-1,0,0.000000,0,-0.012633,false,FRANKIE ROBBINS,FRANK D LUCAS
2016,OK-04,OK,4,0.272516,false,Republican,-0.222317,-1,0,0.000000,0,-0.012633,false,CHRISTINA OWEN,TOM COLE
2016,OK-05,OK,5,0.391992,false,Republican,-0.123039,-1,0,0.000000,0,-0.012633,false,AL MCAFFREY,STEVE RUSSELL
2016,OR-01,OR,1,0.617261,true,Democrat,0.131971,1,0,0.000000,0,-0.012633,false,SUZANNE BONAMICI,BRIAN J HEINRICH
2016,OR-02,OR,2,0.280933,false,Republican,-0.213473,-1,0,0.000000,0,-0.012633,false,"JAMES ""JIM"" CRARY",GREG WALDEN
2016,OR-04,OR,4,0.583100,true,Democrat,0.090976,1,0,0.000000,0,-0.012633,false,PETER A DEFAZIO,ART ROBINSON
2016,OR-05,OR,5,0.554261,true,Democrat,0.048715,1,0,0.000000,0,-0.012633,false,KURT SCHRADER,COLM WILLIS
2016,PA-01,PA,1,0.822016,true,Democrat,0.338149,1,0,0.000000,0,-0.012633,false,ROBERT A BRADY,DEBORAH WILLIAMS
2016,PA-02,PA,2,0.901771,true,,0.393712,0,0,0.000000,-1,-0.012633,false,DWIGHT EVANS,JAMES A JONES
2016,PA-04,PA,4,0.339437,false,Republican,-0.145765,-1,0,0.000000,0,-0.012633,false,JOSHUA BURKHOLDER,SCOTT PERRY
2016,PA-05,PA,5,0.328356,false,Republican,-0.140582,-1,0,0.000000,0,-0.012633,false,KERITH STRANO TAYLOR,GLENN THOMPSON
2016,PA-06,PA,6,0.427623,false,Republican,-0.082748,-1,0,0.000000,0,-0.012633,false,MIKE PARRISH,RYAN A COSTELLO
2016,PA-07,PA,7,0.405331,false,Republican,-0.105313,-1,0,0.000000,0,-0.012633,false,MARY ELLEN BALCHUNIS,PATRICK MEEHAN
2016,PA-08,PA,8,0.455743,false,,-0.077371,0,0,0.000000,0,-0.012633,false,STEVE SANTARSIERO,BRIAN FITZPATRICK
2016,PA-09,PA,9,0.366591,false,Republican,-0.128083,-1,0,0.000000,0,-0.012633,false,ART HALVORSON,BILL SHUSTER
2016,PA-10,PA,10,0.298311,false,Republican,-0.167178,-1,0,0.000000,0,-0.012633,false,MIKE MOLESEVICH,TOM MARINO
2016,PA-11,PA,11,0.363322,false,Republican,-0.096778,-1,0,0.000000,0,-0.012633,false,MIKE MARSICANO,LOU BARLETTA
2016,PA-12,PA,12,0.382382,false,Republican,-0.028688,-1,0,0.000000,0,-0.012633,false,ERIN R MCCLELLAND,KEITH J ROTHFUS
2016,PA-14,PA,14,0.743661,true,Democrat,0.257608,1,0,0.000000,0,-0.012633,false,MICHAEL F DOYLE,LENNY MCALLISTER
2016,PA-15,PA,15,0.394377,false,Republican,-0.078841,-1,0,0.000000,0,-0.012633,false,RICK DAUGHERTY,CHARLES W DENT
2016,PA-16,PA,16,0.443805,false,,-0.095500,0,0,0.000000,0,-0.012633,false,CHRISTINA HARTMAN,LLOYD K SMUCKER
2016,PA-17,PA,17,0.538040,true,Democrat,0.091775,1,0,0.000000,0,-0.012633,false,MATT CARTWRIGHT,MATT CONNOLLY
2016,RI-01,RI,1,0.647628,true,Democrat,0.053325,1,0,0.000000,0,-0.012633,false,DAVID N CICILLINE,HAROLD RUSSELL TAUB
2016,RI-02,RI,2,0.654386,true,Democrat,0.102080,1,0,0.000000,0,-0.012633,false,JAMES R LANGEVIN,RHUE R REIS
2016,SC-01,SC,1,0.367301,false,Republican,-0.158342,-1,0,0.000000,0,-0.012633,false,DIMITRI CHERNY,MARK SANFORD
2016,SC-02,SC,2,0.364315,false,Republican,0.000000,-1,0,0.000000,0,-0.012633,false,ARIK BJORN,JOE WILSON
2016,SC-03,SC,3,0.270867,false,Republican,-0.178057,-1,0,0.000000,0,-0.012633,false,HOSEA CLEVELAND,JEFF DUNCAN
2016,SC-04,SC,4,0.315771,false,Republican,-0.184515,-1,0,0.000000,0,-0.012633,false,CHRIS FEDALEI,TREY GOWDY
2016,SC-05,SC,5,0.395497,false,Republican,-0.086682,-1,0,0.000000,0,-0.012633,false,FRAN PERSON,MICK MULVANEY
2016,SC-06,SC,6,0.717395,true,Democrat,0.000000,1,0,0.000000,0,-0.012633,false,JAMES E CLYBURN,LAURA STERLING
2016,SC-07,SC,7,0.369582,false,Republican,-0.083206,-1,0,0.000000,0,-0.012633,false,MAL HYMAN,TOM RICE
2016,SD-00,SD,0,0.358972,false,Republican,-0.085833,-1,0,0.000000,0,-0.012633,false,PAULA HAWKS,KRISTI L NOEM
2016,TN-01,TN,1,0.164438,false,Republican,-0.304029,-1,0,0.000000,0,-0.012633,false,ALAN BOHMS,DAVID P ROE
2016,TN-02,TN,2,0.243545,false,Republican,-0.294476,-1,0,0.000000,0,-0.012633,false,STUART STARR,JOHN J DUNCAN JR
2016,TN-03,TN,3,0.302862,false,Republican,-0.145385,-1,0,0.000000,0,-0.012633,false,MELODY SHEKARI,"CHARLES J ""CHUCK"" FLEISCHMANN"
2016,TN-04,TN,4,0.349659,false,,-0.068897,0,0,0.000000,-1,-0.012633,false,STEVEN REYNOLDS,SCOTT DESJARLAIS
2016,TN-05,TN,5,0.625534,true,Democrat,0.154221,1,0,0.000000,0,-0.012633,false,JIM COOPER,STACY RIES SNYDER
2016,TN-06,TN,6,0.234626,false,Republican,0.000000,-1,0,0.000000,0,-0.012633,false,DAVID W KENT,DIANE BLACK
2016,TN-07,TN,7,0.245549,false,Republican,-0.258976,-1,0,0.000000,0,-0.012633,false,THARON CHANDLER,MARSHA BLACKBURN
2016,TN-08,TN,8,0.267328,false,,-0.217378,0,0,0.000000,0,-0.012633,false,RICKEY HOBSON,DAVID KUSTOFF
2016,TN-09,TN,9,0.806711,true,Democrat,0.247928,1,0,0.000000,0,-0.012633,false,STEVE COHEN,WAYNE ALBERSON
2016,TX-01,TX,1,0.246188,false,Republican,-0.237568,-1,0,0.000000,0,-0.012633,false,SHIRLEY J MCKELLAR,LOUIE GOHMERT
2016,TX-02,TX,2,0.372713,false,Republican,-0.176115,-1,0,0.000000,0,-0.012633,false,PAT BRYAN,TED POE
2016,TX-03,TX,3,0.360998,false,Republican,0.000000,-1,0,0.000000,0,-0.012633,false,ADAM P BELL,SAM JOHNSON
2016,TX-06,TX,6,0.400836,false,Republican,-0.107945,-1,0,0.000000,0,-0.012633,false,RUBY FAYE WOOLRIDGE,JOE BARTON
2016,TX-07,TX,7,0.438264,false,Republican,-0.136672,-1,0,0.000000,0,-0.012633,false,JAMES CARGAS,JOHN ABNEY CULBERSON
2016,TX-09,TX,9,0.806437,true,Democrat,0.288131,1,0,0.000000,0,-0.012633,false,AL GREEN,JEFF MARTIN
2016,TX-10,TX,10,0.401381,false,Republican,-0.136727,-1,0,0.000000,0,-0.012633,false,TAWANA W CADIEN,MICHAEL T MCCAUL
2016,TX-12,TX,12,0.278994,false,Republican,-0.237972,-1,0,0.000000,0,-0.012633,false,BILL BRADSHAW,KAY GRANGER
2016,TX-14,TX,14,0.381439,false,Republican,-0.056458,-1,0,0.000000,0,-0.012633,false,MICHAEL COLE,RANDY K WEBER SR
2016,TX-15,TX,15,0.603313,true,,0.111579,0,0,0.000000,0,-0.012633,false,VICENTE GONZALEZ,TIM WESTLEY
2016,TX-17,TX,17,0.366931,false,Republican,0.000000,-1,0,0.000000,0,-0.012633,false,WILLIAM MATTA,BILL FLORES
2016,TX-18,TX,18,0.756599,true,Democrat,0.257296,1,0,0.000000,0,-0.012633,false,SHEILA JACKSON LEE,LORI BARTLEY
2016,TX-21,TX,21,0.389999,false,Republican,-0.142416,-1,0,0.000000,0,-0.012633,false,TOM WAKELY,LAMAR SMITH
2016,TX-22,TX,22,0.404784,false,Republican,-0.178365,-1,0,0.000000,0,-0.012633,false,MARK GIBSON,PETE OLSON
2016,TX-23,TX,23,0.493006,false,Republican,0.013441,-1,0,0.000000,1,-0.012633,false,PETE P GALLEGO,WILL HURD
2016,TX-24,TX,24,0.411759,false,Republican,-0.140322,-1,0,0.000000,0,-0.012633,false,JAN MCDOWELL,KENNY MARCHANT
2016,TX-25,TX,25,0.392782,false,Republican,-0.120826,-1,0,0.000000,0,-0.012633,false,KATHI THOMAS,ROGER WILLIAMS
2016,TX-26,TX,26,0.308607,false,Republican,-0.215428,-1,0,0.000000,0,-0.012633,false,ERIC MAUCK,MICHAEL C BURGESS
2016,TX-27,TX,27,0.383073,false,Republican,-0.102695,-1,0,0.000000,0,-0.012633,false,"RAUL ""ROY"" BARRERA",BLAKE FARENTHOLD
2016,TX-28,TX,28,0.678912,true,Democrat,0.183846,1,0,0.000000,0,-0.012633,false,HENRY CUELLAR,ZEFFEN HARDIN
2016,TX-29,TX,29,0.751396,true,Democrat,0.000000,1,0,0.000000,0,-0.012633,false,GENE GREEN,JULIO GARZA
2016,TX-30,TX,30,0.804179,true,Democrat,0.294478,1,0,0.000000,0,-0.012633,false,EDDIE BERNICE JOHNSON,CHARLES LINGERFELT
2016,TX-31,TX,31,0.384762,false,Republican,-0.147919,-1,0,0.000000,0,-0.012633,false,MIKE CLARK,JOHN R CARTER
2016,TX-33,TX,33,0.737103,true,Democrat,0.226438,1,0,0.000000,0,-0.012633,false,MARC A VEASEY,M MARK MITCHELL
2016,TX-34,TX,34,0.626721,true,Democrat,0.119453,1,0,0.000000,0,-0.012633,false,FILEMON VELA,REY GONZALEZ JR
2016,TX-35,TX,35,0.666389,true,Democrat,0.154990,1,0,0.000000,0,-0.012633,false,LLOYD DOGGETT,SUSAN NARVAIZ
2016,UT-01,UT,1,0.286300,false,Republican,-0.254616,-1,0,0.000000,0,-0.012633,false,PETER C CLEMENS,ROB BISHOP
2016,UT-02,UT,2,0.354814,false,Republican,-0.161414,-1,0,0.000000,0,-0.012633,false,CHARLENE ALBARRAN,CHRIS STEWART
2016,UT-03,UT,3,0.265386,false,Republican,-0.277393,-1,0,0.000000,0,-0.012633,false,STEPHEN P TRYON,JASON CHAFFETZ
2016,UT-04,UT,4,0.434516,false,Republican,-0.009728,-1,0,0.000000,0,-0.012633,false,DOUG OWENS,MIA B LOVE
2016,VA-01,VA,1,0.379476,false,Republican,-0.088674,-1,0,0.000000,0,-0.012633,false,"M D ""MATT"" ROWE",ROBERT J WITTMAN
2016,VA-02,VA,2,0.385396,false,,-0.049685,0,0,0.000000,0,-0.012633,false,SHAUN D BROWN,SCOTT W TAYLOR
2016,VA-03,VA,3,0.668548,true,Democrat,0.303422,1,0,0.000000,0,-0.012633,false,"ROBERT C ""BOBBY"" SCOTT","M L ""MARTY"" WILLIAMS"
2016,VA-04,VA,4,0.578650,true,,-0.081585,0,0,0.000000,0,-0.012633,false,A DONALD MCEACHIN,"MICHAEL L ""MIKE"" WADE"
2016,VA-05,VA,5,0.416569,false,,-0.075322,0,0,0.000000,0,-0.012633,false,JANE D DITTMAR,TOM A GARRETT JR
2016,VA-06,VA,6,0.332217,false,Republican,-0.164988,-1,0,0.000000,0,-0.012633,false,KAI E DEGNER,BOB GOODLATTE
2016,VA-07,VA,7,0.423459,false,,-0.096601,0,0,0.000000,0,-0.012633,false,EILEEN M BEDELL,DAVE BRAT
2016,VA-08,VA,8,0.714853,true,Democrat,0.167406,1,0,0.000000,0,-0.012633,false,DONALD S BEYER JR,CHARLES A HERNICK
2016,VA-09,VA,9,0.292227,false,Republican,-0.124987,-1,0,0.000000,0,-0.012633,false,DEREK W KITTS,H MORGAN GRIFFITH
2016,VA-10,VA,10,0.471043,false,Republican,-0.112461,-1,0,0.000000,0,-0.012633,false,LUANN L BENNETT,BARBARA COMSTOCK
2016,WA-01,WA,1,0.554150,true,Democrat,0.028026,1,0,0.000000,0,-0.012633,false,SUZAN K DELBENE,ROBERT J SUTHERLAND
2016,WA-02,WA,2,0.640163,true,Democrat,0.100082,1,0,0.000000,0,-0.012633,false,RICK LARSEN,MARC HENNEMANN
2016,WA-03,WA,3,0.382473,false,Republican,-0.115132,-1,0,0.000000,0,-0.012633,false,JIM MOELLER,JAIME HERRERA BEUTLER
2016,WA-05,WA,5,0.403590,false,Republican,-0.130518,-1,0,0.000000,0,-0.012633,false,JOE PAKOOTAS,CATHY MCMORRIS RODGERS
2016,WA-06,WA,6,0.615305,true,Democrat,0.078643,1,0,0.000000,0,-0.012633,false,DEREK KILMER,TODD A BLOOM
2016,WA-08,WA,8,0.398049,false,Republican,-0.107860,-1,0,0.000000,0,-0.012633,false,TONY VENTRELLA,DAVID G REICHERT
2016,WA-09,WA,9,0.728874,true,Democrat,0.204838,1,0,0.000000,0,-0.012633,false,ADAM SMITH,DOUG BASLER
2016,WA-10,WA,10,0.586652,true,Democrat,0.074246,1,0,0.000000,0,-0.012633,false,DENNY HECK,JIM POSTMA
2016,WV-01,WV,1,0.310266,false,Republican,-0.136170,-1,0,0.000000,0,-0.012633,false,MIKE MANYPENNY,DAVID B MCKINLEY
2016,WV-02,WV,2,0.418187,false,,-0.208998,0,0,0.000000,0,-0.012633,false,MARK HUNT,ALEXANDER X MOONEY
2016,WV-03,WV,3,0.261004,false,Republican,0.028480,-1,0,0.000000,0,-0.012633,false,MATT DETCH,EVAN H JENKINS
2016,WI-01,WI,1,0.317446,false,Republican,-0.069871,-1,0,0.000000,0,-0.012633,false,RYAN SOLEN,PAUL D RYAN
2016,WI-02,WI,2,0.688003,true,Democrat,0.169050,1,0,0.000000,0,-0.012633,false,MARK POCAN,PETER THERON
2016,WI-05,WI,5,0.305123,false,Republican,-0.190094,-1,0,0.000000,0,-0.012633,false,KHARY PENEBAKER,F JAMES SENSENBRENNER JR
2016,WI-06,WI,6,0.394616,false,Republican,-0.133127,-1,0,0.000000,0,-0.012633,false,SARAH LLOYD,GLENN GROTHMAN
2016,WI-07,WI,7,0.382927,false,Republican,-0.072848,-1,0,0.000000,0,-0.012633,false,MARY HOEFT,SEAN P DUFFY
2016,WI-08,WI,8,0.373190,false,,-0.071290,0,0,0.000000,0,-0.012633,false,TOM NELSON,MIKE GALLAGHER
2016,WY-00,WY,0,0.325787,false,,-0.254342,0,0,0.000000,0,-0.012633,false,RYAN GREENE,LIZ CHENEY
2018,AL-01,AL,1,0.368012,false,Republican,0.000000,-1,1,0.000000,0,0.019509,false,ROBERT KENNEDY JR,BRADLEY BYRNE
2018,AL-02,AL,2,0.384974,false,Republican,-0.033519,-1,1,0.000000,0,0.019509,false,TABITHA ISNER,MARTHA ROBY
2018,AL-03,AL,3,0.362417,false,Republican,-0.157598,-1,1,0.000000,0,0.019509,false,MALLORY HAGAN,MIKE ROGERS
2018,AL-04,AL,4,0.201485,false,Republican,0.000000,-1,1,0.000000,0,0.019509,false,LEE AUMAN,ROBERT ADERHOLT
2018,AL-05,AL,5,0.389279,false,Republican,-0.155310,-1,1,0.000000,0,0.019509,false,PETER JOFFRION,MO BROOKS
2018,AL-06,AL,6,0.307866,false,Republican,-0.232949,-1,1,0.000000,0,0.019509,false,DANNER KLINE,GARY PALMER
2018,AK-00,AK,0,0.466937,false,Republican,-0.070170,-1,1,0.000000,0,0.019509,false,ALYSE S GALVIN,DON YOUNG
2018,AZ-01,AZ,1,0.538448,true,Democrat,0.051415,1,1,0.000000,0,0.019509,false,TOM O'HALLERAN,WENDY ROGERS
2018,AZ-02,AZ,2,0.547464,true,,-0.056952,0,1,0.000000,1,0.019509,false,ANN KIRKPATRICK,LEA MARQUEZ PETERSON
2018,AZ-03,AZ,3,0.638655,true,Democrat,0.000000,1,1,0.000000,0,0.019509,false,RAUL GRIJALVA,"NICOLAS ""NICK"" PIERSON"
2018,AZ-04,AZ,4,0.309190,false,Republican,-0.201900,-1,1,0.000000,0,0.019509,false,DAVID BRILL,PAUL GOSAR
2018,AZ-05,AZ,5,0.405754,false,Republican,-0.128318,-1,1,0.000000,0,0.019509,false,JOAN GREENE,ANDY BIGGS
2018,AZ-06,AZ,6,0.448070,false,Republican,-0.108670,-1,1,0.000000,0,0.019509,false,ANITA MALIK,DAVID SCHWEIKERT
2018,AZ-08,AZ,8,0.445359,false,,0.000000,0,1,0.000000,0,0.019509,false,HIRAL TIPIRNENI,DEBBIE LESKO
2018,AZ-09,AZ,9,0.610856,true,,0.122049,0,1,0.000000,0,0.019509,false,GREG STANTON,STEPHEN L FERRARA
2018,AR-01,AR,1,0.294446,false,,0.000000,0,1,0.000000,-1,0.019509,false,CHINTAN DESAI,RICK CRAWFORD
2018,AR-02,AR,2,0.467796,false,,-0.100502,0,1,0.000000,-1,0.019509,false,CLARKE TUCKER,FRENCH HILL
2018,AR-03,AR,3,0.335102,false,Republican,0.000000,-1,1,0.000000,0,0.019509,false,JOSH MAHONY,STEVE WOMACK
2018,AR-04,AR,4,0.318766,false,Republican,0.000000,-1,1,0.000000,0,0.019509,false,HAYDEN CATHERINE SHAMEL,BRUCE WESTERMAN
2018,CA-01,CA,1,0.451134,false,,-0.077898,0,1,0.000000,-1,0.019509,false,AUDREY DENNEY,DOUG LA MALFA
2018,CA-02,CA,2,0.770080,true,Democrat,0.281134,1,1,0.000000,0,0.019509,false,JARED HUFFMAN,DALE K MENSING
2018,CA-03,CA,3,0.580729,true,Democrat,0.106148,1,1,0.000000,0,0.019509,false,JOHN GARAMENDI,CHARLIE SCHAUPP
2018,CA-04,CA,4,0.458685,false,Republican,-0.114566,-1,1,0.000000,0,0.019509,false,JESSICA MORSE,TOM MCCLINTOCK
2018,CA-07,CA,7,0.550450,true,Democrat,0.024347,1,1,0.000000,0,0.019509,false,AMI BERA,ANDREW GRANT
2018,CA-09,CA,9,0.564915,true,Democrat,0.086228,1,1,0.000000,0,0.019509,false,JERRY MCNERNEY,MARLA LIVENGOOD
2018,CA-10,CA,10,0.522510,true,Republican,-0.004371,-1,1,0.000000,0,0.019509,false,JOSH HARDER,JEFF DENHAM
2018,CA-11,CA,11,0.741324,true,Democrat,0.233161,1,1,0.000000,0,0.019509,false,MARK DESAULNIER,JOHN FITZGERALD
2018,CA-12,CA,12,0.868232,true,Democrat,0.000000,1,1,0.000000,0,0.019509,false,NANCY PELOSI,LISA REMMER
2018,CA-14,CA,14,0.792226,true,Democrat,0.321265,1,1,0.000000,0,0.019509,false,JACKIE SPEIER,CRISTINA OSMENA
2018,CA-15,CA,15,0.729675,true,Democrat,0.250301,1,1,0.000000,0,0.019509,false,ERIC SWALWELL,RUDY L PETERS JR
2018,CA-16,CA,16,0.575452,true,Democrat,0.092982,1,1,0.000000,0,0.019509,false,JIM COSTA,ELIZABETH HENG
2018,CA-17,CA,17,0.753474,true,Democrat,0.000000,1,1,0.000000,0,0.019509,false,RO KHANNA,RON COHEN
2018,CA-18,CA,18,0.744916,true,Democrat,0.224083,1,1,0.000000,0,0.019509,false,ANNA G ESHOO,CHRISTINE RUSSELL
2018,CA-19,CA,19,0.737549,true,Democrat,0.252078,1,1,0.000000,0,0.019509,false,ZOE LOFGREN,JUSTIN JAMES AGUILERA
2018,CA-21,CA,21,0.503793,true,Republican,-0.054749,-1,1,0.000000,0,0.019509,false,TJ COX,DAVID G VALADAO
2018,CA-22,CA,22,0.472778,false,Republican,-0.163018,-1,1,0.000000,0,0.019509,false,ANDREW JANZ,DEVIN G NUNES
2018,CA-23,CA,23,0.362830,false,Republican,-0.179118,-1,1,0.000000,0,0.019509,false,TATIANA MATTA,KEVIN MCCARTHY
2018,CA-24,CA,24,0.585555,true,Democrat,0.046824,1,1,0.000000,0,0.019509,false,SALUD CARBAJAL,JUSTIN FAREED
2018,CA-25,CA,25,0.543661,true,,-0.018667,0,1,0.000000,-1,0.019509,false,KATIE HILL,STEVE KNIGHT
2018,CA-26,CA,26,0.619420,true,Democrat,0.116428,1,1,0.000000,0,0.019509,false,JULIA BROWNLEY,ANTONIO SABATO JR
2018,CA-28,CA,28,0.783720,true,Democrat,0.292500,1,1,0.000000,0,0.019509,false,ADAM B SCHIFF,JOHNNY J NALBANDIAN
2018,CA-29,CA,29,0.806099,true,Democrat,0.000000,1,1,0.000000,0,0.019509,false,TONY CARDENAS,BENITO BENNY BERNAL
2018,CA-30,CA,30,0.734016,true,Democrat,0.239017,1,1,0.000000,0,0.019509,false,BRAD SHERMAN,MARK S REED
2018,CA-31,CA,31,0.587445,true,Democrat,0.073309,1,1,0.000000,0,0.019509,false,PETE AGUILAR,SEAN FLYNN
2018,CA-32,CA,32,0.687783,true,Democrat,0.000000,1,1,0.000000,0,0.019509,false,GRACE FLORES NAPOLITANO,JOSHUA M SCOTT
2018,CA-33,CA,33,0.700284,true,Democrat,0.177032,1,1,0.000000,0,0.019509,false,TED W LIEU,KENNETH WESTON WRIGHT
2018,CA-35,CA,35,0.693982,true,Democrat,0.236542,1,1,0.000000,0,0.019509,false,NORMA J TORRES,CHRISTIAN LEONEL VALIENTE
2018,CA-36,CA,36,0.590166,true,Democrat,0.133173,1,1,0.000000,0,0.019509,false,RAUL RUIZ,KIMBERLIN BROWN PELZER
2018,CA-37,CA,37,0.890755,true,Democrat,0.000000,1,1,0.000000,0,0.019509,false,KAREN BASS,RON J BASSILIAN
2018,CA-38,CA,38,0.688518,true,Democrat,0.217416,1,1,0.000000,0,0.019509,false,LINDA T SANCHEZ,RYAN DOWNING
2018,CA-39,CA,39,0.515571,true,,-0.059671,0,1,0.000000,0,0.019509,false,GIL CISNEROS,YOUNG KIM
2018,CA-41,CA,41,0.650997,true,Democrat,0.162147,1,1,0.000000,0,0.019509,false,MARK TAKANO,AJA SMITH
2018,CA-42,CA,42,0.435007,false,Republican,-0.075588,-1,1,0.000000,0,0.019509,false,JULIA C PEACOCK,KEN CALVERT
2018,CA-43,CA,43,0.776692,true,Democrat,0.273475,1,1,0.000000,0,0.019509,false,MAXINE WATERS,OMAR NAVARRO
2018,CA-45,CA,45,0.520510,true,Republican,-0.072964,-1,1,0.000000,0,0.019509,false,KATIE PORTER,MIMI WALTERS
2018,CA-46,CA,46,0.691460,true,Democrat,0.000000,1,1,0.000000,0,0.019509,false,LOU CORREA,RUSSELL RENE LAMBERT
2018,CA-47,CA,47,0.648555,true,Democrat,0.149848,1,1,0.000000,0,0.019509,false,ALAN LOWENTHAL,JOHN BRISCOE
2018,CA-48,CA,48,0.535520,true,Republican,-0.070564,-1,1,0.000000,0,0.019509,false,HARLEY ROUDA,DANA ROHRABACHER
2018,CA-49,CA,49,0.564190,true,,0.010020,0,1,0.000000,0,0.019509,false,MIKE LEVIN,DIANE L HARKEY
2018,CA-50,CA,50,0.482845,false,Republican,-0.121879,-1,1,0.000000,0,0.019509,false,AMMAR CAMPA-NAJJAR,DUNCAN HUNTER
2018,CA-51,CA,51,0.712010,true,Democrat,0.240175,1,1,0.000000,0,0.019509,false,JUAN VARGAS,JUAN M HIDALGO JR
2018,CA-52,CA,52,0.638471,true,Democrat,0.077890,1,1,0.000000,0,0.019509,false,SCOTT PETERS,OMAR QUDRAT
2018,CA-53,CA,53,0.690741,true,Democrat,0.182726,1,1,0.000000,0,0.019509,false,SUSAN A DAVIS,MORGAN MURTAUGH
2018,CO-01,CO,1,0.762053,true,Democrat,0.222723,1,1,0.000000,0,0.019509,false,DIANA DEGETTE,CHARLES CASPER STOCKHAM
2018,CO-02,CO,2,0.641785,true,,0.117444,0,1,0.000000,0,0.019509,false,JOE NEGUSE,PETER YU
2018,CO-03,CO,3,0.458110,false,Republican,-0.062417,-1,1,0.000000,0,0.019509,false,DIANE MITSCH BUSH,SCOTT R TIPTON
2018,CO-04,CO,4,0.393807,false,Republican,-0.154881,-1,1,0.000000,0,0.019509,false,KAREN MCCORMICK,KEN BUCK
2018,CO-05,CO,5,0.408068,false,Republican,-0.156103,-1,1,0.000000,0,0.019509,false,STEPHANY ROSE SPAULDING,DOUG LAMBORN
2018,CO-06,CO,6,0.557911,true,Republican,-0.031762,-1,1,0.000000,0,0.019509,false,JASON CROW,MIKE COFFMAN
2018,CO-07,CO,7,0.630444,true,Democrat,0.093622,1,1,0.000000,0,0.019509,false,ED PERLMUTTER,MARK BARRINGTON
2018,CT-01,CT,1,0.633746,true,Democrat,0.151595,1,1,0.000000,0,0.019509,false,JOHN B LARSON,JENNIFER T NYE
2018,CT-02,CT,2,0.620633,true,Democrat,0.138846,1,1,0.000000,0,0.019509,false,JOE COURTNEY,DANNY POSTEMSKI JR
2018,CT-03,CT,3,0.630455,true,Democrat,0.180112,1,1,0.000000,0,0.019509,false,ROSA L DELAURO,ANGEL CADENA
2018,CT-04,CT,4,0.620542,true,,0.121492,0,1,0.000000,1,0.019509,false,JIM HIMES,HARRY ARORA
2018,CT-05,CT,5,0.553779,true,,0.079553,0,1,0.000000,0,0.019509,false,JAHANA HAYES,MANNY SANTOS
2018,DE-00,DE,0,0.644540,true,Democrat,0.088095,1,1,0.000000,0,0.019509,false,LISA BLUNT ROCHESTER,SCOTT WALKER
2018,FL-01,FL,1,0.329414,false,Republican,-0.178365,-1,1,0.000000,0,0.019509,false,JENNIFER M ZIMMERMAN,MATT GAETZ
2018,FL-02,FL,2,0.325587,false,Republican,-0.179546,-1,1,0.000000,0,0.019509,false,BOB RACKLEFF,NEAL DUNN
2018,FL-03,FL,3,0.423758,false,Republican,-0.074448,-1,1,0.000000,0,0.019509,false,YVONNE HAYES HINSON,TED YOHO
2018,FL-04,FL,4,0.331793,false,Republican,-0.205068,-1,1,0.000000,0,0.019509,false,"GEORGE ""GES"" SELMONT",JOHN H RUTHERFORD
2018,FL-05,FL,5,0.667812,true,Democrat,0.154976,1,1,0.000000,0,0.019509,false,AL LAWSON,VIRGINIA FULLER
2018,FL-06,FL,6,0.436860,false,,-0.073040,0,1,0.000000,0,0.019509,false,NANCY SODERBERG,MICHAEL WALTZ
2018,FL-07,FL,7,0.576919,true,Democrat,0.027417,1,1,0.000000,0,0.019509,false,STEPHANIE MURPHY,MIKE MILLER
2018,FL-08,FL,8,0.395019,false,Republican,-0.147100,-1,1,0.000000,0,0.019509,false,SANJAY PATEL,BILL POSEY
2018,FL-09,FL,9,0.580217,true,Democrat,0.087481,1,1,0.000000,0,0.019509,false,DARREN SOTO,WAYNE LIEBNITZKY
2018,FL-11,FL,11,0.348493,false,Republican,-0.161515,-1,1,0.000000,0,0.019509,false,DANA COTTRELL,DANIEL WEBSTER
2018,FL-12,FL,12,0.405745,false,Republican,-0.173275,-1,1,0.000000,0,0.019509,false,CHRIS HUNTER,GUS MICHAEL BILIRAKIS
2018,FL-13,FL,13,0.576447,true,Democrat,0.031664,1,1,0.000000,0,0.019509,false,CHARLIE CRIST,GEORGE BUCK
2018,FL-15,FL,15,0.469795,false,,-0.061979,0,1,0.000000,0,0.019509,false,KRISTEN CARLSON,ROSS SPANO
2018,FL-16,FL,16,0.454385,false,Republican,-0.085046,-1,1,0.000000,0,0.019509,false,DAVID SHAPIRO,VERN BUCHANAN
2018,FL-17,FL,17,0.377412,false,,-0.130877,0,1,0.000000,0,0.019509,false,ALLEN ELLISON,GREG STEUBE
2018,FL-18,FL,18,0.456988,false,Republican,-0.041810,-1,1,0.000000,0,0.019509,false,LAUREN BAER,BRIAN MAST
2018,FL-19,FL,19,0.377258,false,Republican,-0.146322,-1,1,0.000000,0,0.019509,false,DAVID HOLDEN,FRANCIS ROONEY
2018,FL-22,FL,22,0.620237,true,,0.101987,0,1,0.000000,0,0.019509,false,TED DEUTCH,NICOLAS KIMAZ
2018,FL-23,FL,23,0.619064,true,Democrat,0.096072,1,1,0.000000,0,0.019509,false,DEBBIE WASSERMAN SCHULTZ,"JOSEPH ""JOE"" KAUFMAN"
2018,FL-25,FL,25,0.395466,false,Republican,-0.110969,-1,1,0.000000,0,0.019509,false,MARY BARZEE FLORES,MARIO DIAZ-BALART
2018,FL-26,FL,26,0.508746,true,Republican,-0.049960,-1,1,0.000000,0,0.019509,false,DEBBIE MUCARSEL-POWELL,CARLOS CURBELO
2018,FL-27,FL,27,0.530761,true,,-0.036305,0,1,0.000000,0,0.019509,false,DONNA SHALALA,MARIA ELVIRA SALAZAR
2018,GA-01,GA,1,0.422613,false,Republican,0.000000,-1,1,0.000000,0,0.019509,false,LISA M RING,"EARL L ""BUDDY"" CARTER"
2018,GA-02,GA,2,0.596493,true,Democrat,0.124932,1,1,0.000000,0,0.019509,false,SANFORD BISHOP,HERMAN WEST JR
2018,GA-03,GA,3,0.344737,false,Republican,-0.170833,-1,1,0.000000,0,0.019509,false,CHUCK ENDERLIN,DREW FERGUSON
2018,GA-04,GA,4,0.788469,true,Democrat,0.269828,1,1,0.000000,0,0.019509,false,"HENRY C ""HANK"" JOHNSON JR",JOE PROFIT
2018,GA-06,GA,6,0.505148,true,,-0.104192,0,1,0.000000,0,0.019509,false,LUCY MCBATH,KAREN HANDEL
2018,GA-07,GA,7,0.499253,false,Republican,-0.091184,-1,1,0.000000,0,0.019509,false,CAROLYN BOURDEAUX,ROB WOODALL
2018,GA-09,GA,9,0.204945,false,Republican,0.000000,-1,1,0.000000,0,0.019509,false,JOSH MCCALL,DOUG COLLINS
2018,GA-10,GA,10,0.371080,false,Republican,0.000000,-1,1,0.000000,0,0.019509,false,TABITHA A JOHNSON-GREEN,JODY HICE
2018,GA-11,GA,11,0.382086,false,Republican,-0.161424,-1,1,0.000000,0,0.019509,false,FLYNN D BROADY JR,BARRY LOUDERMILK
2018,GA-12,GA,12,0.405219,false,Republican,-0.103375,-1,1,0.000000,0,0.019509,false,FRANCYS JOHNSON,RICK W ALLEN
2018,GA-13,GA,13,0.761844,true,Democrat,0.000000,1,1,0.000000,0,0.019509,false,DAVID SCOTT,DAVID CALLAHAN
2018,GA-14,GA,14,0.234982,false,Republican,0.000000,-1,1,0.000000,0,0.019509,false,STEVEN LAMAR FOSTER,TOM GRAVES
2018,HI-01,HI,1,0.760099,true,,0.272487,0,1,0.000000,1,0.019509,false,ED CASE,CAM CAVASSO
2018,HI-02,HI,2,0.773623,true,Democrat,0.324201,1,1,0.000000,0,0.019509,false,TULSI GABBARD,BRIAN EVANS
2018,ID-01,ID,1,0.328949,false,,-0.169183,0,1,0.000000,0,0.019509,false,CRISTINA MCNEIL,RUSS FULCHER
2018,ID-02,ID,2,0.393298,false,,-0.168875,0,1,0.000000,-1,0.019509,false,AARON SWISHER,MIKE SIMPSON
2018,IL-01,IL,1,0.788126,true,Democrat,0.253599,1,1,0.000000,0,0.019509,false,BOBBY L RUSH,JIMMY LEE TILLMAN II
2018,IL-02,IL,2,0.810556,true,Democrat,0.310709,1,1,0.000000,0,0.019509,false,ROBIN KELLY,DAVID MERKLE
2018,IL-03,IL,3,0.738003,true,Democrat,0.000000,1,1,0.000000,0,0.019509,false,DANIEL WILLIAM LIPINSKI,ARTHUR J JONES
2018,IL-04,IL,4,0.865852,true,,0.000000,0,1,0.000000,0,0.019509,false,"JESUS ""CHUY"" GARCIA",MARK WAYNE LORCH
2018,IL-05,IL,5,0.766650,true,Democrat,0.224327,1,1,0.000000,0,0.019509,false,MIKE QUIGLEY,TOM HANSON
2018,IL-06,IL,6,0.535753,true,Republican,-0.079607,-1,1,0.000000,0,0.019509,false,SEAN CASTEN,PETER J ROSKAM
2018,IL-07,IL,7,0.876151,true,Democrat,0.355029,1,1,0.000000,0,0.019509,false,DANNY K DAVIS,CRAIG CAMERON
2018,IL-08,IL,8,0.659747,true,Democrat,0.095783,1,1,0.000000,0,0.019509,false,RAJA KRISHNAMOORTHI,"JITENDRA ""JD"" DIGANVKER"
2018,IL-09,IL,9,0.734862,true,Democrat,0.177470,1,1,0.000000,0,0.019509,false,JANICE D SCHAKOWSKY,JOHN D ELLESON
2018,IL-10,IL,10,0.655901,true,Democrat,0.038685,1,1,0.000000,0,0.019509,false,BRAD SCHNEIDER,DOUGLAS R BENNETT
2018,IL-11,IL,11,0.638408,true,Democrat,0.117112,1,1,0.000000,0,0.019509,false,BILL FOSTER,NICK STELLA
2018,IL-12,IL,12,0.468140,false,Republican,-0.065080,-1,1,0.000000,0,0.019509,false,BRENDAN KELLY,MIKE BOST
2018,IL-13,IL,13,0.496203,false,Republican,-0.084016,-1,1,0.000000,0,0.019509,false,BETSY DIRKSEN LONDRIGAN,RODNEY DAVIS
2018,IL-14,IL,14,0.525019,true,,-0.080415,0,1,0.000000,-1,0.019509,false,LAUREN UNDERWOOD,"RANDALL M ""RANDY"" HULTGREN"
2018,IL-15,IL,15,0.290720,false,Republican,0.000000,-1,1,0.000000,0,0.019509,false,KEVIN GAITHER,JOHN M SHIMKUS
2018,IL-16,IL,16,0.408755,false,Republican,0.000000,-1,1,0.000000,0,0.019509,false,SARA DADY,ADAM KINZINGER
2018,IL-17,IL,17,0.620934,true,Democrat,0.115713,1,1,0.000000,0,0.019509,false,CHERI BUSTOS,"WILLIAM W ""BILL"" FAWELL"
2018,IL-18,IL,18,0.327666,false,Republican,-0.208712,-1,1,0.000000,0,0.019509,false,JUNIUS RODRIGUEZ,DARIN LAHOOD
2018,IN-01,IN,1,0.650929,true,Democrat,0.000000,1,1,0.000000,0,0.019509,false,PETER J VISCLOSKY,MARK LEYVA
2018,IN-02,IN,2,0.451639,false,Republican,-0.103492,-1,1,0.000000,0,0.019509,false,MEL HALL,JACKIE WALORSKI
2018,IN-03,IN,3,0.352737,false,Republican,-0.240477,-1,1,0.000000,0,0.019509,false,COURTNEY TRITCH,JIM BANKS
2018,IN-04,IN,4,0.359400,false,,-0.166797,0,1,0.000000,0,0.019509,false,TOBI BECK,JIM BAIRD
2018,IN-05,IN,5,0.432383,false,Republican,-0.129221,-1,1,0.000000,0,0.019509,false,DEE THORNTON,SUSAN W BROOKS
2018,IN-06,IN,6,0.339895,false,,-0.208776,0,1,0.000000,0,0.019509,false,JEANNINE LEE LAKE,GREG PENCE
2018,IN-07,IN,7,0.648629,true,Democrat,0.139577,1,1,0.000000,0,0.019509,false,ANDRE D CARSON,"WAYNE ""GUNNY"" HARMON"
2018,IN-08,IN,8,0.355703,false,Republican,-0.155208,-1,1,0.000000,0,0.019509,false,WILLIAM TANOOS,LARRY D BUCSHON
2018,IN-09,IN,9,0.435177,false,Republican,-0.059668,-1,1,0.000000,0,0.019509,false,LIZ WATSON,TREY HOLLINGSWORTH
2018,IA-01,IA,1,0.526098,true,Republican,-0.025748,-1,1,0.000000,0,0.019509,false,ABBY FINKENAUER,ROD BLUM
2018,IA-02,IA,2,0.562611,true,,0.050032,0,1,0.000000,1,0.019509,false,DAVE LOEBSACK,CHRISTOPHER PETERS
2018,IA-03,IA,3,0.511219,true,Republican,-0.061069,-1,1,0.000000,0,0.019509,false,CINDY AXNE,DAVID YOUNG
2018,IA-04,IA,4,0.482897,false,Republican,-0.100598,-1,1,0.000000,0,0.019509,false,JD SCHOLTEN,STEVE KING
2018,KS-01,KS,1,0.318545,false,Republican,0.000000,-1,1,0.000000,0,0.019509,false,ALAN LAPOLICE,ROGER MARSHALL
2018,KS-02,KS,2,0.495521,false,,-0.139107,0,1,0.000000,0,0.019509,false,PAUL DAVIS,STEVE WATKINS
2018,KS-03,KS,3,0.549562,true,Republican,-0.045596,-1,1,0.000000,0,0.019509,false,SHARICE DAVIDS,KEVIN YODER
2018,KS-04,KS,4,0.405636,false,,-0.159410,0,1,0.000000,0,0.019509,false,JAMES A THOMPSON,RON ESTES
2018,KY-01,KY,1,0.314119,false,Republican,-0.213786,-1,1,0.000000,0,0.019509,false,PAUL WALKER,JAMES R COMER
2018,KY-02,KY,2,0.317741,false,,0.000000,0,1,0.000000,-1,0.019509,false,HANK LINDERMAN,S BRETT GUTHRIE
2018,KY-03,KY,3,0.629254,true,Democrat,0.147625,1,1,0.000000,0,0.019509,false,JOHN A YARMUTH,VICKIE YATES B GLISSON
2018,KY-04,KY,4,0.357169,false,Republican,-0.200572,-1,1,0.000000,0,0.019509,false,SETH HALL,THOMAS MASSIE
2018,KY-05,KY,5,0.210521,false,Republican,0.000000,-1,1,0.000000,0,0.019509,false,KENNETH S STEPP,"HAROLD ""HAL"" ROGERS"
2018,KY-06,KY,6,0.483737,false,Republican,-0.098257,-1,1,0.000000,0,0.019509,false,AMY MCGRATH,ANDY BARR
2018,LA-01,LA,1,0.270835,false,Republican,-0.279889,-1,1,0.000000,0,0.019509,false,TAMMY M SAVOIE,STEVE SCALISE
2018,LA-03,LA,3,0.307491,false,Republican,-0.284304,-1,1,0.000000,0,0.019509,false,"MILDRED ""MIMI"" METHVIN",CLAY HIGGINS
2018,LA-04,LA,4,0.343607,false,Republican,-0.310340,-1,1,0.000000,0,0.019509,false,RYAN TRUNDLE,"""MIKE"" JOHNSON"
2018,LA-05,LA,5,0.310536,false,Republican,0.000000,-1,1,0.000000,0,0.019509,false,JESSEE CARLTON FLEENOR,RALPH ABRAHAM
2018,LA-06,LA,6,0.291398,false,Republican,-0.240075,-1,1,0.000000,0,0.019509,false,JUSTIN DEWITT,GARRET GRAVES
2018,ME-01,ME,1,0.644065,true,Democrat,0.092938,1,1,0.000000,0,0.019509,false,CHELLIE PINGREE,MARK I HOLBROOK
2018,ME-02,ME,2,0.505271,true,Republican,-0.035379,-1,1,0.000000,0,0.019509,false,JARED F GOLDEN,BRUCE POLIQUIN
2018,MD-01,MD,1,0.388391,false,Republican,-0.188051,-1,1,0.000000,0,0.019509,false,JESSE COLVIN,ANDY HARRIS
2018,MD-02,MD,2,0.682500,true,,0.164631,0,1,0.000000,0,0.019509,false,CA DUTCH RUPPERSBERGER,LIZ MATORY
2018,MD-03,MD,3,0.709749,true,Democrat,0.163673,1,1,0.000000,0,0.019509,false,JOHN SARBANES,CHARLES ANTHONY
2018,MD-04,MD,4,0.797212,true,Democrat,0.288347,1,1,0.000000,0,0.019509,false,ANTHONY G BROWN,GEORGE MCDERMOTT
2018,MD-05,MD,5,0.721901,true,Democrat,0.209036,1,1,0.000000,0,0.019509,false,STENY H HOYER,WILLIAM A DEVINE III
2018,MD-06,MD,6,0.608240,true,,0.095256,0,1,0.000000,0,0.019509,false,DAVID TRONE,AMIE HOEBER
2018,MD-07,MD,7,0.782430,true,Democrat,0.287091,1,1,0.000000,0,0.019509,false,ELIJAH CUMMINGS,RICHMOND DAVIS
2018,MD-08,MD,8,0.692795,true,Democrat,0.151648,1,1,0.000000,0,0.019509,false,JAMIE RASKIN,JOHN WALSH
2018,MA-02,MA,2,0.671993,true,Democrat,0.000000,1,1,0.000000,0,0.019509,false,JAMES P MCGOVERN,TRACY LYN LOVVORN
2018,MA-03,MA,3,0.649520,true,,0.200289,0,1,0.000000,0,0.019509,false,LORI LOUREIRO TRAHAN,RICK GREEN
2018,MA-05,MA,5,0.759382,true,Democrat,0.000000,1,1,0.000000,0,0.019509,false,KATHERINE M CLARK,JOHN HUGO
2018,MA-06,MA,6,0.675046,true,Democrat,0.000000,1,1,0.000000,0,0.019509,false,SETH W MOULTON,JOSEPH S SCHNEIDER
2018,MA-09,MA,9,0.594012,true,,0.136292,0,1,0.000000,0,0.019509,false,BILL KEATING,PETER D TEDESCHI
2018,MI-01,MI,1,0.436834,false,Republican,-0.065474,-1,1,0.000000,0,0.019509,false,MATTHEW W MORGAN,JACK BERGMAN
2018,MI-02,MI,2,0.437187,false,Republican,-0.145492,-1,1,0.000000,0,0.019509,false,ROB DAVIDSON,BILL HUIZENGA
2018,MI-03,MI,3,0.442428,false,Republican,-0.100556,-1,1,0.000000,0,0.019509,false,CATHY ALBRO,JUSTIN AMASH
2018,MI-04,MI,4,0.373759,false,Republican,-0.145040,-1,1,0.000000,0,0.019509,false,JERRY HILLIARD,JOHN MOOLENAAR
2018,MI-05,MI,5,0.623664,true,Democrat,0.147933,1,1,0.000000,0,0.019509,false,DANIEL T KILDEE,TRAVIS WINES
2018,MI-06,MI,6,0.476282,false,Republican,-0.104337,-1,1,0.000000,0,0.019509,false,MATT LONGJOHN,FRED UPTON
2018,MI-07,MI,7,0.462042,false,Republican,-0.066390,-1,1,0.000000,0,0.019509,false,GRETCHEN DRISKELL,TIM WALBERG
2018,MI-08,MI,8,0.519687,true,Republican,-0.075853,-1,1,0.000000,0,0.019509,false,ELISSA SLOTKIN,MIKE BISHOP
2018,MI-09,MI,9,0.618444,true,,0.120248,0,1,0.000000,0,0.019509,false,ANDY LEVIN,CANDIUS STEARNS
2018,MI-10,MI,10,0.367160,false,Republican,-0.148815,-1,1,0.000000,0,0.019509,false,KIMBERLY BIZON,PAUL MITCHELL
2018,MI-11,MI,11,0.534446,true,,-0.055873,0,1,0.000000,0,0.019509,false,HALEY STEVENS,LENA EPSTEIN
2018,MI-12,MI,12,0.702086,true,Democrat,0.200082,1,1,0.000000,0,0.019509,false,DEBBIE DINGELL,JEFF JONES
2018,MI-14,MI,14,0.823623,true,Democrat,0.320391,1,1,0.000000,0,0.019509,false,BRENDA LAWRENCE,MARC S HERSCHFUS
2018,MN-01,MN,1,0.497741,false,,0.016428,0,1,0.000000,0,0.019509,false,DAN FEEHAN,JIM HAGEDORN
2018,MN-02,MN,2,0.527592,true,Republican,0.002883,-1,1,0.000000,0,0.019509,false,ANGIE CRAIG,JASON LEWIS
2018,MN-03,MN,3,0.557214,true,Republican,-0.055982,-1,1,0.000000,0,0.019509,false,DEAN PHILLIPS,ERIK PAULSEN
2018,MN-04,MN,4,0.689309,true,Democrat,0.139457,1,1,0.000000,0,0.019509,false,BETTY MCCOLLUM,GREG RYAN
2018,MN-05,MN,5,0.782430,true,,0.268665,0,1,0.000000,0,0.019509,false,ILHAN OMAR,JENNIFER ZIELINSKI
2018,MN-06,MN,6,0.388032,false,Republican,-0.144142,-1,1,0.000000,0,0.019509,false,IAN TODD,TOM EMMER
2018,MN-07,MN,7,0.521334,true,Democrat,0.037788,1,1,0.000000,0,0.019509,false,COLLIN C PETERSON,DAVE HUGHES
2018,MN-08,MN,8,0.471103,false,,0.015453,0,1,0.000000,0,0.019509,false,JOE RADINOVICH,PETE STAUBER
2018,MS-01,MS,1,0.326175,false,Republican,-0.198295,-1,1,0.000000,0,0.019509,false,RANDY MACK WADKINS,TRENT KELLY
2018,MS-03,MS,3,0.370806,false,,-0.172891,0,1,0.000000,0,0.019509,false,MICHAEL TED EVANS,MICHAEL GUEST
2018,MS-04,MS,4,0.310663,false,Republican,-0.187921,-1,1,0.000000,0,0.019509,false,JERAMEY ANDERSON,STEVEN PALAZZO
2018,MO-01,MO,1,0.827339,true,,0.303382,0,1,0.000000,0,0.019509,false,LACY CLAY,ROBERT VROMAN
2018,MO-02,MO,2,0.479916,false,Republican,-0.095837,-1,1,0.000000,0,0.019509,false,CORT VANOSTRAN,ANN WAGNER
2018,MO-03,MO,3,0.335363,false,Republican,-0.195689,-1,1,0.000000,0,0.019509,false,KATY GEPPERT,BLAINE LUETKEMEYER
2018,MO-04,MO,4,0.335428,false,Republican,-0.196325,-1,1,0.000000,0,0.019509,false,RENEE HOAGENSON,VICKY HARTZLER
2018,MO-05,MO,5,0.633925,true,Democrat,0.119131,1,1,0.000000,0,0.019509,false,EMANUEL CLEAVER II,JACOB TURK
2018,MO-06,MO,6,0.328317,false,Republican,-0.192490,-1,1,0.000000,0,0.019509,false,HENRY ROBERT MARTIN,SAM GRAVES
2018,MO-07,MO,7,0.312363,false,Republican,-0.198810,-1,1,0.000000,0,0.019509,false,JAMIE DANIEL SCHOOLCRAFT,BILLY LONG
2018,MO-08,MO,8,0.254238,false,Republican,-0.253849,-1,1,0.000000,0,0.019509,false,KATHY ELLIS,JASON SMITH
2018,MT-00,MT,0,0.476143,false,,-0.068216,0,1,0.000000,0,0.019509,false,KATHLEEN WILLIAMS,GREG GIANFORTE
2018,NE-01,NE,1,0.396408,false,Republican,-0.181893,-1,1,0.000000,0,0.019509,false,JESSICA MCCLURE,JEFF FORTENBERRY
2018,NE-02,NE,2,0.490050,false,Republican,0.006418,-1,1,0.000000,0,0.019509,false,KARA EASTMAN,DON BACON
2018,NE-03,NE,3,0.232785,false,Republican,0.000000,-1,1,0.000000,0,0.019509,false,PAUL THEOBALD,ADRIAN SMITH
2018,NV-01,NV,1,0.681904,true,Democrat,0.195290,1,1,0.000000,0,0.019509,false,DINA TITUS,JOYCE BENTLEY
2018,NV-02,NV,2,0.417692,false,Republican,-0.099556,-1,1,0.000000,0,0.019509,false,CLINT KOBLE,MARK E AMODEI
2018,NV-03,NV,3,0.547839,true,,0.019436,0,1,0.000000,0,0.019509,false,SUSIE LEE,DANNY TARKANIAN
2018,NV-04,NV,4,0.542753,true,,0.034179,0,1,0.000000,0,0.019509,false,STEVEN A HORSFORD,CRESENT HARDY
2018,NH-01,NH,1,0.543377,true,,0.020314,0,1,0.000000,0,0.019509,false,CHRIS PAPPAS,EDDIE EDWARDS
2018,NH-02,NH,2,0.568352,true,,0.035962,0,1,0.000000,0,0.019509,false,ANNE MCLANE KUSTER,STEVEN NEGRON
2018,NJ-01,NJ,1,0.659403,true,Democrat,0.132455,1,1,0.000000,0,0.019509,false,DONALD W NORCROSS,PAUL E DILKS
2018,NJ-02,NJ,2,0.539083,true,,-0.101408,0,1,0.000000,0,0.019509,false,JEFF VAN DREW,SETH GROSSMAN
2018,NJ-03,NJ,3,0.506557,true,,-0.091473,0,1,0.000000,-1,0.019509,false,ANDY KIM,TOM MACARTHUR
2018,NJ-04,NJ,4,0.437379,false,Republican,-0.142626,-1,1,0.000000,0,0.019509,false,JOSHUA WELLE,CHRISTOPHER H SMITH
2018,NJ-05,NJ,5,0.569326,true,,0.035186,0,1,0.000000,0,0.019509,false,JOSH GOTTHEIMER,JOHN J MCCANN JR
2018,NJ-06,NJ,6,0.636325,true,Democrat,0.158873,1,1,0.000000,0,0.019509,false,FRANK PALLONE JR,RICHARD J PEZZULLO
2018,NJ-07,NJ,7,0.525490,true,Republican,-0.043741,-1,1,0.000000,0,0.019509,false,TOM MALINOWSKI,LEONARD LANCE
2018,NJ-08,NJ,8,0.806704,true,Democrat,0.319080,1,1,0.000000,0,0.019509,false,ALBIO SIRES,JOHN R MUNIZ
2018,NJ-09,NJ,9,0.708817,true,Democrat,0.225919,1,1,0.000000,0,0.019509,false,BILL PASCRELL JR,ERIC P FISHER
2018,NJ-10,NJ,10,0.896692,true,Democrat,0.390915,1,1,0.000000,0,0.019509,false,DONALD M PAYNE JR,AGHA KHAN
2018,NJ-11,NJ,11,0.574002,true,,-0.086203,0,1,0.000000,0,0.019509,false,MIKIE SHERRILL,JAY WEBBER
2018,NJ-12,NJ,12,0.686811,true,Democrat,0.175181,1,1,0.000000,0,0.019509,false,BONNIE WATSON COLEMAN,DARYL KIPNIS
2018,NM-01,NM,1,0.619467,true,,0.164106,0,1,0.000000,0,0.019509,false,DEBRA A HAALAND,JANICE E ARNOLD-JONES
2018,NM-02,NM,2,0.509340,true,,-0.114763,0,1,0.000000,0,0.019509,false,XOCHITL TORRES SMALL,YVETTE HERRELL
2018,NM-03,NM,3,0.670044,true,Democrat,0.136804,1,1,0.000000,0,0.019509,false,BEN R LUJAN,JERALD STEVE MCFALL
2018,NY-01,NY,1,0.505393,true,Republican,-0.043102,-1,1,0.000000,0,0.019509,false,PERRY GERSHON,LEE M ZELDIN
2018,NY-02,NY,2,0.491503,false,Republican,-0.093780,-1,1,0.000000,0,0.019509,false,LIUBA GRECHEN SHIRLEY,PETER T KING
2018,NY-03,NY,3,0.602997,true,Democrat,0.074487,1,1,0.000000,0,0.019509,false,THOMAS R SUOZZI,DAN P DEBONO
2018,NY-04,NY,4,0.634439,true,Democrat,0.133093,1,1,0.000000,0,0.019509,false,KATHLEEN M RICE,AMEER N BENNO
2018,NY-09,NY,9,0.899436,true,Democrat,0.000000,1,1,0.000000,0,0.019509,false,YVETTE D CLARKE,LUTCHI GAYOT
2018,NY-10,NY,10,0.827947,true,Democrat,0.308231,1,1,0.000000,0,0.019509,false,JERROLD L NADLER,NAOMI LEVIN
2018,NY-11,NY,11,0.546280,true,,-0.077207,0,1,0.000000,0,0.019509,false,MAX N ROSE,DAN DONOVAN
2018,NY-12,NY,12,0.871157,true,Democrat,0.335928,1,1,0.000000,0,0.019509,false,CAROLYN B MALONEY,ELIOT RABIN
2018,NY-13,NY,13,0.947284,true,Democrat,0.453043,1,1,0.000000,0,0.019509,false,ADRIANO ESPAILLAT,JINEEA BUTLER
2018,NY-14,NY,14,0.851745,true,,0.349912,0,1,0.000000,0,0.019509,false,ALEXANDRIA OCASIO-CORTEZ,ANTHONY PAPPAS
2018,NY-15,NY,15,0.963926,true,Democrat,0.476962,1,1,0.000000,0,0.019509,false,JOSE E SERRANO,JASON D GONZALEZ
2018,NY-18,NY,18,0.567403,true,Democrat,0.071812,1,1,0.000000,0,0.019509,false,SEAN PATRICK MALONEY,JAMES O'DONNELL
2018,NY-19,NY,19,0.546953,true,Republican,-0.006363,-1,1,0.000000,0,0.019509,false,ANTONIO DELGADO,JOHN J FASO
2018,NY-20,NY,20,0.644320,true,Democrat,0.206005,1,1,0.000000,0,0.019509,false,PAUL D TONKO,JOE VITOLLO
2018,NY-21,NY,21,0.445100,false,Republican,-0.155006,-1,1,0.000000,0,0.019509,false,TEDRA L COBB,ELISE M STEFANIK
2018,NY-22,NY,22,0.512993,true,Republican,-0.011793,-1,1,0.000000,0,0.019509,false,ANTHONY J BRINDISI,CLAUDIA TENNEY
2018,NY-23,NY,23,0.467983,false,,-0.049699,0,1,0.000000,-1,0.019509,false,TRACY MITRANO,THOMAS W REED II
2018,NY-24,NY,24,0.505152,true,Republican,-0.063609,-1,1,0.000000,0,0.019509,false,DANA BALTER,JOHN M KATKO
2018,NY-25,NY,25,0.618329,true,,0.109660,0,1,0.000000,0,0.019509,false,JOSEPH D MORELLE,JIM MAXWELL
2018,NY-26,NY,26,0.718534,true,Democrat,0.286946,1,1,0.000000,0,0.019509,false,BRIAN HIGGINS,RENEE M ZENO
2018,NY-27,NY,27,0.528147,true,Republican,-0.106794,-1,1,0.000000,0,0.019509,false,NATHAN D MCMURRAY,CHRIS COLLINS
2018,NC-01,NC,1,0.698476,true,Democrat,0.215852,1,1,0.000000,0,0.019509,false,G K BUTTERFIELD,ROGER W ALLISON
2018,NC-02,NC,2,0.471906,false,Republican,-0.054453,-1,1,0.000000,0,0.019509,false,LINDA COLEMAN,GEORGE HOLDING
2018,NC-04,NC,4,0.750692,true,Democrat,0.194812,1,1,0.000000,0,0.019509,false,DAVID PRICE,"STEVE A ""VON"" LOOR"
2018,NC-05,NC,5,0.429652,false,Republican,-0.071384,-1,1,0.000000,0,0.019509,false,DD ADAMS,VIRGINIA FOXX
2018,NC-06,NC,6,0.434840,false,,-0.079658,0,1,0.000000,0,0.019509,false,RYAN WATTS,B MARK WALKER
2018,NC-07,NC,7,0.435222,false,Republican,-0.096505,-1,1,0.000000,0,0.019509,false,KYLE HORTON,DAVID ROUZER
2018,NC-08,NC,8,0.446613,false,Republican,-0.075096,-1,1,0.000000,0,0.019509,false,FRANK MCNEILL,RICHARD HUDSON
2018,NC-09,NC,9,0.498370,false,,-0.069190,0,1,0.000000,0,0.019509,false,DAN MCCREADY,MARK HARRIS
2018,NC-10,NC,10,0.407073,false,Republican,-0.118757,-1,1,0.000000,0,0.019509,false,DAVID WILSON BROWN,PATRICK MCHENRY
2018,NC-11,NC,11,0.395586,false,Republican,-0.128257,-1,1,0.000000,0,0.019509,false,PHILLIP G PRICE,MARK MEADOWS
2018,NC-12,NC,12,0.730728,true,Democrat,0.182874,1,1,0.000000,0,0.019509,false,ALMA ADAMS,PAUL WRIGHT
2018,NC-13,NC,13,0.469119,false,Republican,-0.048400,-1,1,0.000000,0,0.019509,false,KATHY MANNING,TED BUDD
2018,OH-01,OH,1,0.477513,false,Republican,-0.079526,-1,1,0.000000,0,0.019509,false,AFTAB PUREVAL,STEVE CHABOT
2018,OH-02,OH,2,0.417180,false,Republican,-0.151835,-1,1,0.000000,0,0.019509,false,JILL SCHILLER,BRAD WENSTRUP
2018,OH-03,OH,3,0.736269,true,Democrat,0.198373,1,1,0.000000,0,0.019509,false,JOYCE BEATTY,JIM BURGESS
2018,OH-04,OH,4,0.347359,false,Republican,-0.167255,-1,1,0.000000,0,0.019509,false,JANET GARRETT,JIM JORDAN
2018,OH-05,OH,5,0.360776,false,,-0.196368,0,1,0.000000,0,0.019509,false,J MICHAEL GALBRAITH,BOB LATTA
2018,OH-06,OH,6,0.307491,false,Republican,-0.194126,-1,1,0.000000,0,0.019509,false,SHAWNA ROBERTS,BILL JOHNSON
2018,OH-07,OH,7,0.412564,false,Republican,-0.175971,-1,1,0.000000,0,0.019509,false,KEN HARBAUGH,BOB GIBBS
2018,OH-08,OH,8,0.334240,false,Republican,-0.205639,-1,1,0.000000,0,0.019509,false,VANESSA ENOCH,WARREN DAVIDSON
2018,OH-09,OH,9,0.677992,true,Democrat,0.199499,1,1,0.000000,0,0.019509,false,MARCY KAPTUR,STEVEN W KRAUS
2018,OH-10,OH,10,0.429852,false,,-0.149696,0,1,0.000000,0,0.019509,false,THERESA A GASPER,MIKE TURNER
2018,OH-11,OH,11,0.822499,true,Democrat,0.315171,1,1,0.000000,0,0.019509,false,MARCIA L FUDGE,BEVERLY A GOLDSTEIN
2018,OH-12,OH,12,0.478592,false,,-0.177840,0,1,0.000000,0,0.019509,false,DANNY O'CONNOR,TROY BALDERSON
2018,OH-13,OH,13,0.609949,true,Democrat,0.189967,1,1,0.000000,0,0.019509,false,TIM RYAN,CHRIS DEPIZZO
2018,OH-14,OH,14,0.447520,false,Republican,-0.113451,-1,1,0.000000,0,0.019509,false,BETSY RADER,DAVID P JOYCE
2018,OH-15,OH,15,0.404988,false,Republican,-0.149013,-1,1,0.000000,0,0.019509,false,RICK NEAL,STEVE STIVERS
2018,OH-16,OH,16,0.432688,false,,-0.140660,0,1,0.000000,0,0.019509,false,SUSAN MORAN PALMER,ANTHONY GONZALEZ
2018,OK-01,OK,1,0.407006,false,,0.000000,0,1,0.000000,0,0.019509,false,TIM GILPIN,KEVIN HERN
2018,OK-02,OK,2,0.316447,false,Republican,-0.240021,-1,1,0.000000,0,0.019509,false,JASON NICHOLS,MARKWAYNE MULLIN
2018,OK-03,OK,3,0.261261,false,Republican,-0.270275,-1,1,0.000000,0,0.019509,false,FRANKIE ROBBINS,FRANK D LUCAS
2018,OK-04,OK,4,0.343523,false,Republican,-0.214851,-1,1,0.000000,0,0.019509,false,MARY BRANNON,TOM COLE
2018,OK-05,OK,5,0.506984,true,Republican,-0.095375,-1,1,0.000000,0,0.019509,false,KENDRA HORN,STEVE RUSSELL
2018,OR-01,OR,1,0.665042,true,Democrat,0.129894,1,1,0.000000,0,0.019509,false,SUZANNE BONAMICI,JOHN VERBEEK
2018,OR-02,OR,2,0.411732,false,Republican,-0.206434,-1,1,0.000000,0,0.019509,false,JAMIE MCLEOD-SKINNER,GREG WALDEN
2018,OR-03,OR,3,0.785513,true,Democrat,0.000000,1,1,0.000000,0,0.019509,false,EARL BLUMENAUER,TOM HARRISON
2018,OR-04,OR,4,0.577946,true,Democrat,0.095733,1,1,0.000000,0,0.019509,false,PETER DEFAZIO,ART ROBINSON
2018,OR-05,OR,5,0.568141,true,Democrat,0.066894,1,1,0.000000,0,0.019509,false,KURT SCHRADER,MARK CALLAHAN
2018,PA-01,PA,1,0.487404,false,,0.334649,0,1,0.000000,0,0.019509,false,HENRY SCOTT WALLACE,BRIAN K FITZPATRICK
2018,PA-02,PA,2,0.790169,true,,0.414405,0,1,0.000000,0,0.019509,false,BRENDAN F BOYLE,DAVID TORRES
2018,PA-03,PA,3,0.933808,true,,0.000000,0,1,0.000000,0,0.019509,false,DWIGHT EVANS,BRYAN E LEIB
2018,PA-04,PA,4,0.635224,true,,-0.147930,0,1,0.000000,0,0.019509,false,MADELEINE DEAN CUNNANE,DANIEL DAVID
2018,PA-05,PA,5,0.651887,true,,-0.159011,0,1,0.000000,0,0.019509,false,MARY GAY SCANLON,PEARL KIM
2018,PA-06,PA,6,0.588759,true,,-0.059744,0,1,0.000000,0,0.019509,false,CHRISTINA JAMPOLER HOULAHAN,GREGORY MICHAEL MCCAULEY SR
2018,PA-07,PA,7,0.551667,true,,-0.082036,0,1,0.000000,0,0.019509,false,SUSAN ELLIS WILD,MARTIN W NOTHSTEIN
2018,PA-08,PA,8,0.546421,true,,-0.031624,0,1,0.000000,1,0.019509,false,MATTHEW ALTON CARTWRIGHT,JOHN ROBERT CHRIN
2018,PA-09,PA,9,0.402544,false,,-0.120775,0,1,0.000000,0,0.019509,false,DENNIS WOLFF,DANIEL MEUSER
2018,PA-10,PA,10,0.486776,false,,-0.189056,0,1,0.000000,0,0.019509,false,GEORGE B SCOTT,SCOTT G PERRY
2018,PA-11,PA,11,0.410240,false,,-0.124045,0,1,0.000000,0,0.019509,false,JESSICA KING,LLOYD K SMUCKER
2018,PA-12,PA,12,0.339625,false,,-0.104985,0,1,0.000000,-1,0.019509,false,MARC FRIEDENBERG,THOMAS A MARINO
2018,PA-13,PA,13,0.295077,false,,0.000000,0,1,0.000000,0,0.019509,false,BRENT M OTTAWAY,JOHN JOYCE
2018,PA-14,PA,14,0.420947,false,,0.256295,0,1,0.000000,0,0.019509,false,BIBIANA BOERIO,GUY L RESCHENTHALER
2018,PA-15,PA,15,0.321576,false,,-0.092990,0,1,0.000000,0,0.019509,false,SUSAN BOSER,GLENN WILLIAM THOMPSON JR
2018,PA-16,PA,16,0.478341,false,,-0.043562,0,1,0.000000,0,0.019509,false,RONALD A DINICOLA,GEORGE J KELLY JR
2018,PA-17,PA,17,0.562573,true,,0.050673,0,1,0.000000,0,0.019509,false,CONOR JAMES LAMB,KEITH ROTHFUS
2018,RI-01,RI,1,0.668519,true,Democrat,0.160261,1,1,0.000000,0,0.019509,false,DAVID N CICILLINE,PATRICK J DONOVAN
2018,RI-02,RI,2,0.636367,true,Democrat,0.167019,1,1,0.000000,0,0.019509,false,JAMES R LANGEVIN,SALVATORE G CAIOZZO
2018,SC-01,SC,1,0.506939,true,,-0.120065,0,1,0.000000,0,0.019509,false,JOE CUNNINGHAM,KATIE ARRINGTON
2018,SC-02,SC,2,0.430187,false,Republican,-0.123052,-1,1,0.000000,0,0.019509,false,SEAN CARRIGAN,JOE WILSON
2018,SC-03,SC,3,0.313568,false,Republican,-0.216500,-1,1,0.000000,0,0.019509,false,MARY GEREN,JEFF DUNCAN
2018,SC-04,SC,4,0.380302,false,,-0.171595,0,1,0.000000,0,0.019509,false,BRANDON P BROWN,WILLIAM TIMMONS
2018,SC-05,SC,5,0.421131,false,,-0.091870,0,1,0.000000,0,0.019509,false,ARCHIE PARNELL,RALPH W NORMAN
2018,SC-06,SC,6,0.712963,true,Democrat,0.230028,1,1,0.000000,0,0.019509,false,JAMES E JIM CLYBURN,GERHARD R GRESSMANN
2018,SC-07,SC,7,0.403620,false,Republican,-0.117785,-1,1,0.000000,0,0.019509,false,ROBERT WILLIAMS,TOM RICE
2018,SD-00,SD,0,0.373740,false,,-0.128395,0,1,0.000000,0,0.019509,false,TIM BJORKMAN,"DUSTIN ""DUSTY"" JOHNSON"
2018,TN-01,TN,1,0.214290,false,,-0.322928,0,1,0.000000,-1,0.019509,false,MARTY OLSEN,PHIL ROE
2018,TN-02,TN,2,0.333950,false,,-0.243822,0,1,0.000000,0,0.019509,false,RENEE HOYOS,TIM BURCHETT
2018,TN-03,TN,3,0.351227,false,,-0.184505,0,1,0.000000,-1,0.019509,false,DANIELLE MITCHELL,CHUCK FLEISCHMANN
2018,TN-04,TN,4,0.346358,false,Republican,-0.137708,-1,1,0.000000,0,0.019509,false,MARIAH PHILLIPS,SCOTT DESJARLAIS
2018,TN-05,TN,5,0.678474,true,Democrat,0.138167,1,1,0.000000,0,0.019509,false,JIM COOPER,JODY M BALL
2018,TN-06,TN,6,0.289374,false,,-0.252741,0,1,0.000000,0,0.019509,false,DAWN BARLOW,JOHN ROSE
2018,TN-07,TN,7,0.324397,false,,-0.241817,0,1,0.000000,-1,0.019509,false,JUSTIN KANEW,MARK E GREEN
2018,TN-08,TN,8,0.307906,false,Republican,-0.220039,-1,1,0.000000,0,0.019509,false,ERIKA STOTTS PEARSON,DAVID KUSTOFF
2018,TN-09,TN,9,0.806149,true,Democrat,0.319344,1,1,0.000000,0,0.019509,false,STEVE COHEN,CHARLOTTE BERGMANN
2018,TX-01,TX,1,0.267025,false,Republican,-0.241179,-1,1,0.000000,0,0.019509,false,SHIRLEY J MCKELLAR,LOUIE GOHMERT
2018,TX-02,TX,2,0.462968,false,,-0.114654,0,1,0.000000,0,0.019509,false,TODD LITTON,DAN CRENSHAW
2018,TX-03,TX,3,0.449170,false,,-0.126369,0,1,0.000000,0,0.019509,false,LORIE BURCH,VAN TAYLOR
2018,TX-04,TX,4,0.233270,false,Republican,0.000000,-1,1,0.000000,0,0.019509,false,CATHERINE KRANTZ,JOHN RATCLIFFE
2018,TX-05,TX,5,0.375883,false,,0.000000,0,1,0.000000,0,0.019509,false,DAN WOOD,LANCE GOODEN
2018,TX-06,TX,6,0.461137,false,,-0.086530,0,1,0.000000,0,0.019509,false,JANA LYNNE SANCHEZ,RON WRIGHT
2018,TX-07,TX,7,0.525281,true,Republican,-0.049102,-1,1,0.000000,0,0.019509,false,LIZZIE PANNILL FLETCHER,JOHN CULBERSON
2018,TX-08,TX,8,0.252952,false,Republican,0.000000,-1,1,0.000000,0,0.019509,false,STEVEN DAVID,KEVIN BRADY
2018,TX-10,TX,10,0.478201,false,Republican,-0.085985,-1,1,0.000000,0,0.019509,false,MIKE SIEGEL,MICHAEL T MCCAUL
2018,TX-11,TX,11,0.187038,false,,0.000000,0,1,0.000000,-1,0.019509,false,JENNIE LOU LEEDER,MIKE CONAWAY
2018,TX-12,TX,12,0.345261,false,Republican,-0.208372,-1,1,0.000000,0,0.019509,false,VANESSA ADIA,KAY GRANGER
2018,TX-13,TX,13,0.171883,false,Republican,0.000000,-1,1,0.000000,0,0.019509,false,GREG SAGAN,MAC THORNBERRY
2018,TX-14,TX,14,0.398920,false,Republican,-0.105928,-1,1,0.000000,0,0.019509,false,ADRIENNE BELL,RANDY WEBER
2018,TX-15,TX,15,0.606264,true,Democrat,0.115947,1,1,0.000000,0,0.019509,false,VICENTE GONZALEZ,TIM WESTLEY
2018,TX-16,TX,16,0.716952,true,,0.000000,0,1,0.000000,0,0.019509,false,VERONICA ESCOBAR,RICK SEEBERGER
2018,TX-17,TX,17,0.421062,false,Republican,-0.120436,-1,1,0.000000,0,0.019509,false,RICK KENNEDY,BILL FLORES
2018,TX-18,TX,18,0.783320,true,Democrat,0.269233,1,1,0.000000,0,0.019509,false,SHEILA JACKSON LEE,AVA REYNERO PATE
2018,TX-19,TX,19,0.247736,false,Republican,0.000000,-1,1,0.000000,0,0.019509,false,MIGUEL LEVARIO,JODEY ARRINGTON
2018,TX-21,TX,21,0.486660,false,,-0.097368,0,1,0.000000,0,0.019509,false,JOSEPH KOPSER,CHIP ROY
2018,TX-22,TX,22,0.474911,false,Republican,-0.082582,-1,1,0.000000,0,0.019509,false,SRI PRESTON KULKARNI,PETE OLSON
2018,TX-23,TX,23,0.497749,false,Republican,0.005639,-1,1,0.000000,0,0.019509,false,GINA ORTIZ JONES,WILL HURD
2018,TX-24,TX,24,0.484363,false,Republican,-0.075608,-1,1,0.000000,0,0.019509,false,JAN MCDOWELL,KENNY E MARCHANT
2018,TX-25,TX,25,0.455516,false,Republican,-0.094585,-1,1,0.000000,0,0.019509,false,JULIE OLIVER,ROGER WILLIAMS
2018,TX-26,TX,26,0.396561,false,Republican,-0.178759,-1,1,0.000000,0,0.019509,false,LINSEY FAGAN,MICHAEL C BURGESS
2018,TX-27,TX,27,0.377668,false,,-0.104294,0,1,0.000000,0,0.019509,false,ERIC HOLGUIN,MICHAEL CLOUD
2018,TX-29,TX,29,0.758372,true,,0.264030,0,1,0.000000,0,0.019509,false,SYLVIA R GARCIA,PHILLIP ARONOFF
2018,TX-31,TX,31,0.485202,false,Republican,-0.102604,-1,1,0.000000,0,0.019509,false,"MARY JENNINGS ""MJ"" HEGAR",JOHN CARTER
2018,TX-32,TX,32,0.533250,true,Republican,0.000000,-1,1,0.000000,0,0.019509,false,COLIN ALLRED,PETE SESSIONS
2018,TX-33,TX,33,0.776609,true,Democrat,0.249737,1,1,0.000000,0,0.019509,false,MARC VEASEY,WILLIE BILLUPS
2018,TX-34,TX,34,0.599890,true,Democrat,0.139354,1,1,0.000000,0,0.019509,false,FILEMON B VELA,REY GONZALEZ
2018,TX-35,TX,35,0.732284,true,Democrat,0.179022,1,1,0.000000,0,0.019509,false,LLOYD DOGGETT,DAVID SMALLING
2018,TX-36,TX,36,0.274415,false,Republican,0.000000,-1,1,0.000000,0,0.019509,false,DAYNA STEELE,BRIAN BABIN
2018,UT-01,UT,1,0.287764,false,Republican,-0.201067,-1,1,0.000000,0,0.019509,false,LEE CASTILLO,ROB BISHOP
2018,UT-02,UT,2,0.409492,false,Republican,-0.132553,-1,1,0.000000,0,0.019509,false,SHIREEN GHORBANI,CHRIS STEWART
2018,UT-03,UT,3,0.287877,false,,-0.221981,0,1,0.000000,0,0.019509,false,JAMES COURAGE SINGER,JOHN CURTIS
2018,UT-04,UT,4,0.501289,true,Republican,-0.052851,-1,1,0.000000,0,0.019509,false,BEN MCADAMS,MIA B LOVE
2018,VT-00,VT,0,0.727273,true,Democrat,0.000000,1,1,0.000000,0,0.019509,false,PETER WELCH,ANYA TYNIO
2018,VA-01,VA,1,0.447566,false,Republican,-0.107890,-1,1,0.000000,0,0.019509,false,VANGIE A WILLIAMS,"ROBERT J ""ROB"" WITTMAN"
2018,VA-02,VA,2,0.511195,true,Republican,-0.101971,-1,1,0.000000,0,0.019509,false,ELAINE G LURIA,SCOTT W TAYLOR
2018,VA-04,VA,4,0.635325,true,Democrat,0.091283,1,1,0.000000,0,0.019509,false,A DONALD MCEACHIN,RYAN A MCADAMS
2018,VA-05,VA,5,0.467300,false,,-0.070798,0,1,0.000000,0,0.019509,false,LESLIE C COCKBURN,DENVER L RIGGLEMAN III
2018,VA-06,VA,6,0.402480,false,,-0.155150,0,1,0.000000,0,0.019509,false,JENNIFER LYNN LEWIS,BEN L CLINE
2018,VA-07,VA,7,0.509821,true,Republican,-0.063908,-1,1,0.000000,0,0.019509,false,ABIGAIL A SPANBERGER,DAVE A BRAT
2018,VA-08,VA,8,0.762684,true,Democrat,0.227487,1,1,0.000000,0,0.019509,false,DONALD S BEYER JR,THOMAS S OH
2018,VA-09,VA,9,0.347832,false,Republican,-0.195140,-1,1,0.000000,0,0.019509,false,ANTHONY J FLACCAVENTO,H MORGAN GRIFFITH
2018,VA-10,VA,10,0.561976,true,Republican,-0.016324,-1,1,0.000000,0,0.019509,false,JENNIFER T WEXTON,BARBARA J COMSTOCK
2018,VA-11,VA,11,0.725284,true,Democrat,0.000000,1,1,0.000000,0,0.019509,false,GERALD EDWARD CONNOLLY,JEFF A DOVE JR
2018,WA-01,WA,1,0.592677,true,Democrat,0.066784,1,1,0.000000,0,0.019509,false,SUZAN DELBENE,JEFFREY BEELER
2018,WA-03,WA,3,0.473290,false,Republican,-0.104894,-1,1,0.000000,0,0.019509,false,CAROLYN LONG,JAIME HERRERA BEUTLER
2018,WA-04,WA,4,0.371823,false,Republican,0.000000,-1,1,0.000000,0,0.019509,false,CHRISTINE BROWN,DAN NEWHOUSE
2018,WA-05,WA,5,0.452400,false,Republican,-0.083777,-1,1,0.000000,0,0.019509,false,LISA BROWN,CATHY MCMORRIS RODGERS
2018,WA-06,WA,6,0.638867,true,Democrat,0.127939,1,1,0.000000,0,0.019509,false,DEREK KILMER,DOUGLAS DIGHTMAN
2018,WA-07,WA,7,0.835612,true,Democrat,0.000000,1,1,0.000000,0,0.019509,false,PRAMILA JAYAPAL,CRAIG KELLER
2018,WA-08,WA,8,0.524151,true,,-0.089318,0,1,0.000000,0,0.019509,false,KIM SCHRIER,DINO ROSSI
2018,WA-10,WA,10,0.615440,true,Democrat,0.099285,1,1,0.000000,0,0.019509,false,DENNY HECK,JOSEPH BRUMBLES
2018,WV-01,WV,1,0.354248,false,Republican,-0.177101,-1,1,0.000000,0,0.019509,false,KENDRA FERSHEE,DAVID B MCKINLEY
2018,WV-02,WV,2,0.443347,false,,-0.069180,0,1,0.000000,-1,0.019509,false,TALLEY SERGENT,ALEX X MOONEY
2018,WV-03,WV,3,0.436266,false,,-0.226362,0,1,0.000000,0,0.019509,false,RICHARD OJEDA II,CAROL MILLER
2018,WI-01,WI,1,0.436533,false,,-0.169921,0,1,0.000000,0,0.019509,false,RANDY BRYCE,BRYAN STEIL
2018,WI-03,WI,3,0.596720,true,Democrat,0.000000,1,1,0.000000,0,0.019509,false,RON KIND,STEVE TOFT
2018,WI-04,WI,4,0.777500,true,Democrat,0.000000,1,1,0.000000,0,0.019509,false,GWEN S MOORE,TIM ROGERS
2018,WI-05,WI,5,0.380174,false,Republican,-0.182244,-1,1,0.000000,0,0.019509,false,TOM PALZEWICZ,F JAMES SENSENBRENNER JR
2018,WI-06,WI,6,0.444936,false,Republican,-0.092751,-1,1,0.000000,0,0.019509,false,DAN KOHL,GLENN GROTHMAN
2018,WI-07,WI,7,0.390451,false,Republican,-0.104440,-1,1,0.000000,0,0.019509,false,MARGARET ENGEBRETSON,SEAN P DUFFY
2018,WI-08,WI,8,0.362866,false,Republican,-0.114177,-1,1,0.000000,0,0.019509,false,BEAU LIEGEOIS,MIKE GALLAGHER
2018,WY-00,WY,0,0.318860,false,Republican,-0.161580,-1,1,0.000000,0,0.019509,false,GREG HUNTER,LIZ CHENEY
2020,AL-01,AL,1,0.355712,false,,0.000000,0,0,0.000000,0,0.005500,false,JAMES AVERHART,JERRY CARL
2020,AL-02,AL,2,0.347155,false,,-0.033519,0,0,0.000000,0,0.005500,false,PHYLLIS HARVEY-HALL,BARRY MOORE
2020,AL-03,AL,3,0.324850,false,Republican,-0.157598,-1,0,0.000000,0,0.005500,false,ADIA WINFREY,MIKE ROGERS
2020,AL-04,AL,4,0.176963,false,Republican,0.000000,-1,0,0.000000,0,0.005500,false,RICK NEIGHBORS,ROBERT B ADERHOLT
2020,AK-00,AK,0,0.454160,false,Republican,-0.070170,-1,0,0.000000,0,0.005500,false,ALYSE S GALVIN,DON YOUNG
2020,AZ-01,AZ,1,0.516102,true,Democrat,0.051415,1,0,0.000000,0,0.005500,false,TOM O'HALLERAN,TIFFANY SHEDD
2020,AZ-02,AZ,2,0.551152,true,Democrat,-0.056952,1,0,0.000000,0,0.005500,false,ANN KIRKPATRICK,BRANDON MARTIN
2020,AZ-03,AZ,3,0.645734,true,Democrat,0.000000,1,0,0.000000,0,0.005500,false,RAUL M GRIJALVA,DANIEL WOOD
2020,AZ-04,AZ,4,0.302354,false,Republican,-0.201900,-1,0,0.000000,0,0.005500,false,DELINA DISANTO,PAUL A GOSAR
2020,AZ-05,AZ,5,0.411080,false,Republican,-0.128318,-1,0,0.000000,0,0.005500,false,JOAN GREENE,ANDY BIGGS
2020,AZ-06,AZ,6,0.478273,false,Republican,-0.108670,-1,0,0.000000,0,0.005500,false,HIRAL TIPIRNENI,DAVID SCHWEIKERT
2020,AZ-07,AZ,7,0.767125,true,Democrat,0.265164,1,0,0.000000,0,0.005500,false,RUBEN GALLEGO,JOSHUA BARNETT
2020,AZ-08,AZ,8,0.404347,false,Republican,0.000000,-1,0,0.000000,0,0.005500,false,MICHAEL MUSCATO,DEBBIE LESKO
2020,AZ-09,AZ,9,0.616265,true,Democrat,0.122049,1,0,0.000000,0,0.005500,false,GREG STANTON,DAVE GILES
2020,AR-02,AR,2,0.446342,false,,-0.100502,0,0,0.000000,-1,0.005500,false,JOYCE ELLIOTT,J FRENCH HILL
2020,AR-03,AR,3,0.330937,false,Republican,0.000000,-1,0,0.000000,0,0.005500,false,CELESTE WILLIAMS,STEVE WOMACK
2020,AR-04,AR,4,0.283318,false,Republican,0.000000,-1,0,0.000000,0,0.005500,false,WILLIAM H HANSON,BRUCE WESTERMAN
2020,CA-01,CA,1,0.430056,false,,-0.077898,0,0,0.000000,-1,0.005500,false,AUDREY DENNEY,DOUG LAMALFA
2020,CA-02,CA,2,0.757379,true,Democrat,0.281134,1,0,0.000000,0,0.005500,false,JARED HUFFMAN,DALE K MENSING
2020,CA-03,CA,3,0.546738,true,Democrat,0.106148,1,0,0.000000,0,0.005500,false,JOHN GARAMENDI,TAMIKA HAMILTON
2020,CA-04,CA,4,0.440546,false,Republican,-0.114566,-1,0,0.000000,0,0.005500,false,BRYNNE S KENNEDY,TOM MCCLINTOCK
2020,CA-05,CA,5,0.760907,true,Democrat,0.281318,1,0,0.000000,0,0.005500,false,MIKE THOMPSON,SCOTT GIBLIN
2020,CA-06,CA,6,0.733433,true,Democrat,0.266903,1,0,0.000000,0,0.005500,false,DORIS O MATSUI,CHRIS BISH
2020,CA-07,CA,7,0.566239,true,Democrat,0.024347,1,0,0.000000,0,0.005500,false,AMI BERA,BUZZ PATTERSON
2020,CA-08,CA,8,0.439404,false,,-0.109947,0,0,0.000000,0,0.005500,false,CHRISTINE BUBSER,JAY OBERNOLTE
2020,CA-09,CA,9,0.575830,true,Democrat,0.086228,1,0,0.000000,0,0.005500,false,JERRY MCNERNEY,"ANTONIO C ""TONY"" AMADOR"
2020,CA-10,CA,10,0.551631,true,Democrat,-0.004371,1,0,0.000000,0,0.005500,false,JOSH HARDER,TED HOWZE
2020,CA-11,CA,11,0.729928,true,Democrat,0.233161,1,0,0.000000,0,0.005500,false,MARK DESAULNIER,NISHA SHARMA
2020,CA-13,CA,13,0.903657,true,Democrat,0.420479,1,0,0.000000,0,0.005500,false,BARBARA LEE,NIKKA PITERMAN
2020,CA-14,CA,14,0.792866,true,Democrat,0.321265,1,0,0.000000,0,0.005500,false,JACKIE SPEIER,RAN S PETEL
2020,CA-15,CA,15,0.709047,true,Democrat,0.250301,1,0,0.000000,0,0.005500,false,ERIC SWALWELL,ALISON HAYDEN
2020,CA-16,CA,16,0.593783,true,Democrat,0.092982,1,0,0.000000,0,0.005500,false,JIM COSTA,KEVIN COOKINGHAM
2020,CA-17,CA,17,0.713459,true,Democrat,0.000000,1,0,0.000000,0,0.005500,false,RO KHANNA,RITESH TANDON
2020,CA-19,CA,19,0.716823,true,Democrat,0.252078,1,0,0.000000,0,0.005500,false,ZOE LOFGREN,JUSTIN JAMES AGUILERA
2020,CA-20,CA,20,0.767762,true,Democrat,0.220164,1,0,0.000000,0,0.005500,false,JIMMY PANETTA,JEFF GORMAN
2020,CA-21,CA,21,0.495532,false,Democrat,-0.054749,1,0,0.000000,-1,0.005500,false,TJ COX,DAVID G VALADAO
2020,CA-22,CA,22,0.457738,false,Republican,-0.163018,-1,0,0.000000,0,0.005500,false,PHIL ARBALLO,DEVIN NUNES
2020,CA-23,CA,23,0.378599,false,Republican,-0.179118,-1,0,0.000000,0,0.005500,false,KIM MANGONE,KEVIN MCCARTHY
2020,CA-24,CA,24,0.586634,true,Democrat,0.046824,1,0,0.000000,0,0.005500,false,SALUD O CARBAJAL,ANDY CALDWELL
2020,CA-25,CA,25,0.499509,false,,-0.018667,0,0,0.000000,0,0.005500,false,CHRISTY SMITH,MIKE GARCIA
2020,CA-26,CA,26,0.605849,true,Democrat,0.116428,1,0,0.000000,0,0.005500,false,JULIA BROWNLEY,RONDA BALDWIN-KENNEDY
2020,CA-27,CA,27,0.697757,true,Democrat,0.186837,1,0,0.000000,0,0.005500,false,JUDY CHU,JOHNNY J NALBANDIAN
2020,CA-28,CA,28,0.726567,true,Democrat,0.292500,1,0,0.000000,0,0.005500,false,ADAM B SCHIFF,ERIC EARLY
2020,CA-30,CA,30,0.694828,true,Democrat,0.239017,1,0,0.000000,0,0.005500,false,BRAD SHERMAN,MARK S REED
2020,CA-31,CA,31,0.612882,true,Democrat,0.073309,1,0,0.000000,0,0.005500,false,PETE AGUILAR,AGNES GIBBONEY
2020,CA-32,CA,32,0.665776,true,Democrat,0.000000,1,0,0.000000,0,0.005500,false,GRACE F NAPOLITANO,JOSHUA M SCOTT
2020,CA-33,CA,33,0.675802,true,Democrat,0.177032,1,0,0.000000,0,0.005500,false,TED LIEU,JAMES P BRADLEY
2020,CA-35,CA,35,0.693300,true,Democrat,0.236542,1,0,0.000000,0,0.005500,false,NORMA J TORRES,MIKE CARGILE
2020,CA-36,CA,36,0.603395,true,Democrat,0.133173,1,0,0.000000,0,0.005500,false,RAUL RUIZ,ERIN CRUZ
2020,CA-37,CA,37,0.859400,true,Democrat,0.000000,1,0,0.000000,0,0.005500,false,KAREN BASS,ERROL WEBBER
2020,CA-39,CA,39,0.494024,false,,-0.059671,0,0,0.000000,0,0.005500,false,GILBERT RAY CISNEROS JR,YOUNG KIM
2020,CA-40,CA,40,0.727392,true,Democrat,0.000000,1,0,0.000000,0,0.005500,false,LUCILLE ROYBAL-ALLARD,C ANTONIO DELGADO
2020,CA-41,CA,41,0.640302,true,Democrat,0.162147,1,0,0.000000,0,0.005500,false,MARK TAKANO,AJA SMITH
2020,CA-42,CA,42,0.428676,false,Republican,-0.075588,-1,0,0.000000,0,0.005500,false,"WILLIAM ""LIAM"" O'MARA",KEN CALVERT
2020,CA-43,CA,43,0.716846,true,Democrat,0.273475,1,0,0.000000,0,0.005500,false,MAXINE WATERS,JOE E COLLINS III
2020,CA-45,CA,45,0.534640,true,Democrat,-0.072964,1,0,0.000000,0,0.005500,false,KATIE PORTER,GREG RATHS
2020,CA-46,CA,46,0.687538,true,,0.000000,0,0,0.000000,0,0.005500,false,J LUIS CORREA,JAMES S WATERS
2020,CA-47,CA,47,0.632719,true,Democrat,0.149848,1,0,0.000000,0,0.005500,false,ALAN S LOWENTHAL,JOHN BRISCOE
2020,CA-48,CA,48,0.489400,false,Democrat,-0.070564,1,0,0.000000,0,0.005500,false,HARLEY ROUDA,MICHELLE STEEL
2020,CA-49,CA,49,0.531296,true,Democrat,0.010020,1,0,0.000000,0,0.005500,false,MIKE LEVIN,BRIAN MARYOTT
2020,CA-50,CA,50,0.460468,false,,-0.121879,0,0,0.000000,-1,0.005500,false,AMMAR CAMPA-NAJJAR,DARRELL ISSA
2020,CA-51,CA,51,0.683048,true,Democrat,0.240175,1,0,0.000000,0,0.005500,false,JUAN VARGAS,JUAN M HIDALGO JR
2020,CA-52,CA,52,0.615758,true,Democrat,0.077890,1,0,0.000000,0,0.005500,false,SCOTT H PETERS,JIM DEBELLO
2020,CO-01,CO,1,0.757859,true,Democrat,0.222723,1,0,0.000000,0,0.005500,false,DIANA DEGETTE,SHANE BOLLING
2020,CO-02,CO,2,0.634520,true,Democrat,0.117444,1,0,0.000000,0,0.005500,false,JOE NEGUSE,CHARLIE WINN
2020,CO-03,CO,3,0.468039,false,,-0.062417,0,0,0.000000,0,0.005500,false,DIANE E MITSCH BUSH,LAUREN BOEBERT
2020,CO-04,CO,4,0.378511,false,Republican,-0.154881,-1,0,0.000000,0,0.005500,false,IKE MCCORKLE,KEN BUCK
2020,CO-05,CO,5,0.393558,false,Republican,-0.156103,-1,0,0.000000,0,0.005500,false,JILLIAN FREELAND,DOUG LAMBORN
2020,CO-06,CO,6,0.588274,true,Democrat,-0.031762,1,0,0.000000,0,0.005500,false,JASON CROW,STEVE HOUSE
2020,CO-07,CO,7,0.611296,true,Democrat,0.093622,1,0,0.000000,0,0.005500,false,ED PERLMUTTER,"CHARLES ""CASPER"" STOCKHAM"
2020,CT-01,CT,1,0.635611,true,Democrat,0.151595,1,0,0.000000,0,0.005500,false,JOHN B LARSON,MARY FAY
2020,CT-02,CT,2,0.596283,true,Democrat,0.138846,1,0,0.000000,0,0.005500,false,JOE COURTNEY,JUSTIN ANDERSON
2020,CT-03,CT,3,0.596203,true,Democrat,0.180112,1,0,0.000000,0,0.005500,false,ROSA L DELAURO,MARGARET STREICKER
2020,CT-04,CT,4,0.632098,true,,0.121492,0,0,0.000000,1,0.005500,false,JAMES A HIMES,JONATHAN RIDDLE
2020,CT-05,CT,5,0.547365,true,Democrat,0.079553,1,0,0.000000,0,0.005500,false,JAHANA HAYES,DAVID X SULLIVAN
2020,DE-00,DE,0,0.588944,true,Democrat,0.088095,1,0,0.000000,0,0.005500,false,LISA BLUNT ROCHESTER,LEE MURPHY
2020,FL-01,FL,1,0.344887,false,Republican,-0.178365,-1,0,0.000000,0,0.005500,false,PHIL EHR,MATT GAETZ
2020,FL-03,FL,3,0.428600,false,,-0.074448,0,0,0.000000,0,0.005500,false,ADAM CHRISTENSEN,KAT CAMMACK
2020,FL-04,FL,4,0.389018,false,Republican,-0.205068,-1,0,0.000000,0,0.005500,false,DONNA DEEGAN,JOHN H RUTHERFORD
2020,FL-05,FL,5,0.651278,true,Democrat,0.154976,1,0,0.000000,0,0.005500,false,AL LAWSON JR,GARY ADLER
2020,FL-06,FL,6,0.393662,false,Republican,-0.073040,-1,0,0.000000,0,0.005500,false,CLINT CURTIS,MICHAEL WALTZ
2020,FL-07,FL,7,0.561388,true,Democrat,0.027417,1,0,0.000000,0,0.005500,false,STEPHANIE N MURPHY,LEO VALENTIN
2020,FL-08,FL,8,0.386472,false,Republican,-0.147100,-1,0,0.000000,0,0.005500,false,JIM KENNEDY,BILL POSEY
2020,FL-09,FL,9,0.560328,true,Democrat,0.087481,1,0,0.000000,0,0.005500,false,DARREN SOTO,"WILLIAM P ""BILL"" OLSON"
2020,FL-10,FL,10,0.636246,true,Democrat,0.161320,1,0,0.000000,0,0.005500,false,VAL BUTLER DEMINGS,VENNIA FRANCOIS
2020,FL-11,FL,11,0.332778,false,Republican,-0.161515,-1,0,0.000000,0,0.005500,false,DANA MARIE COTTRELL,DANIEL WEBSTER
2020,FL-12,FL,12,0.371179,false,Republican,-0.173275,-1,0,0.000000,0,0.005500,false,KIMBERLY WALKER,GUS M BILIRAKIS
2020,FL-13,FL,13,0.530400,true,Democrat,0.031664,1,0,0.000000,0,0.005500,false,CHARLIE CRIST,ANNA PAULINA LUNA
2020,FL-14,FL,14,0.602575,true,Democrat,0.130504,1,0,0.000000,0,0.005500,false,KATHY CASTOR,CHRISTINE Y QUINN
2020,FL-15,FL,15,0.446148,false,,-0.061979,0,0,0.000000,0,0.005500,false,ALAN COHN,SCOTT FRANKLIN
2020,FL-16,FL,16,0.444997,false,Republican,-0.085046,-1,0,0.000000,0,0.005500,false,MARGARET GOOD,VERN BUCHANAN
2020,FL-17,FL,17,0.345176,false,,-0.130877,0,0,0.000000,0,0.005500,false,ALLEN ELLISON,W GREGORY STEUBE
2020,FL-18,FL,18,0.424298,false,Republican,-0.041810,-1,0,0.000000,0,0.005500,false,PAM KEITH,BRIAN J MAST
2020,FL-19,FL,19,0.387205,false,,-0.146322,0,0,0.000000,0,0.005500,false,CINDY LYN BANYAI,BYRON DONALDS
2020,FL-20,FL,20,0.786768,true,Democrat,0.315753,1,0,0.000000,0,0.005500,false,ALCEE L HASTINGS,GREG MUSSELWHITE
2020,FL-21,FL,21,0.601524,true,Democrat,0.153467,1,0,0.000000,0,0.005500,false,LOIS FRANKEL,LAURA LOOMER
2020,FL-22,FL,22,0.586016,true,,0.101987,0,0,0.000000,1,0.005500,false,THEODORE E DEUTCH,"JAMES ""JIM"" PRUDEN"
2020,FL-23,FL,23,0.582035,true,Democrat,0.096072,1,0,0.000000,0,0.005500,false,DEBBIE WASSERMAN SCHULTZ,CARLA SPALDING
2020,FL-24,FL,24,0.787398,true,Democrat,0.000000,1,0,0.000000,0,0.005500,false,FREDERICA S WILSON,LAVERN SPICER
2020,FL-26,FL,26,0.482757,false,Democrat,-0.049960,1,0,0.000000,0,0.005500,false,DEBBIE MUCARSEL-POWELL,CARLOS GIMENEZ
2020,FL-27,FL,27,0.486318,false,Democrat,-0.036305,1,0,0.000000,0,0.005500,false,DONNA E SHALALA,MARIA ELVIRA SALAZAR
2020,GA-01,GA,1,0.416508,false,Republican,0.000000,-1,0,0.000000,0,0.005500,false,JOYCE MARIE GRIGGS,"EARL L ""BUDDY"" CARTER"
2020,GA-02,GA,2,0.591161,true,Democrat,0.124932,1,0,0.000000,0,0.005500,false,SANFORD D BISHOP JR,DON COLE
2020,GA-03,GA,3,0.349544,false,,-0.170833,0,0,0.000000,0,0.005500,false,VAL ALMONORD,A DREW FERGUSON IV
2020,GA-04,GA,4,0.800766,true,Democrat,0.269828,1,0,0.000000,0,0.005500,false,"HENRY C ""HANK"" JOHNSON JR",JOHSIE CRUZ EZAMMUDEEN
2020,GA-05,GA,5,0.851493,true,,0.357025,0,0,0.000000,0,0.005500,false,NIKEMA WILLIAMS,ANGELA STANTON-KING
2020,GA-06,GA,6,0.545890,true,Democrat,-0.104192,1,0,0.000000,0,0.005500,false,LUCY MCBATH,KAREN HANDEL
2020,GA-07,GA,7,0.513913,true,,-0.091184,0,0,0.000000,0,0.005500,false,CAROLYN BOURDEAUX,RICH MCCORMICK
2020,GA-08,GA,8,0.354794,false,Republican,-0.163796,-1,0,0.000000,0,0.005500,false,LINDSAY HOLLIDAY,AUSTIN SCOTT
2020,GA-09,GA,9,0.214193,false,,0.000000,0,0,0.000000,0,0.005500,false,DEVIN PANDY,ANDREW CLYDE
2020,GA-10,GA,10,0.376899,false,Republican,0.000000,-1,0,0.000000,0,0.005500,false,TABITHA JOHNSON-GREEN,JODY B HICE
2020,GA-11,GA,11,0.395738,false,Republican,-0.161424,-1,0,0.000000,0,0.005500,false,DANA BARRETT,BARRY LOUDERMILK
2020,GA-12,GA,12,0.416193,false,Republican,-0.103375,-1,0,0.000000,0,0.005500,false,LIZ JOHNSON,RICK W ALLEN
2020,GA-13,GA,13,0.774005,true,Democrat,0.000000,1,0,0.000000,0,0.005500,false,DAVID SCOTT,BECKY E HITES
2020,GA-14,GA,14,0.252899,false,,0.000000,0,0,0.000000,0,0.005500,false,KEVIN VAN AUSDAL,MARJORIE TAYLOR GREENE
2020,HI-01,HI,1,0.720209,true,Democrat,0.272487,1,0,0.000000,0,0.005500,false,ED CASE,RON CURTIS
2020,HI-02,HI,2,0.671184,true,,0.324201,0,0,0.000000,0,0.005500,false,"KAIALII ""KAI"" KAHELE",JOE AKANA
2020,ID-01,ID,1,0.297162,false,Republican,-0.169183,-1,0,0.000000,0,0.005500,false,RUDY SOTO,RUSS FULCHER
2020,ID-02,ID,2,0.331228,false,,-0.168875,0,0,0.000000,-1,0.005500,false,C AARON SWISHER,MICHAEL K SIMPSON
2020,IL-01,IL,1,0.738354,true,Democrat,0.253599,1,0,0.000000,0,0.005500,false,BOBBY L RUSH,PHILANISE WHITE
2020,IL-02,IL,2,0.788141,true,Democrat,0.310709,1,0,0.000000,0,0.005500,false,ROBIN L KELLY,THERESA J RABORN
2020,IL-03,IL,3,0.563787,true,,0.000000,0,0,0.000000,0,0.005500,false,MARIE NEWMAN,MIKE FRICILONE
2020,IL-04,IL,4,0.840538,true,Democrat,0.000000,1,0,0.000000,0,0.005500,false,"JESUS G ""CHUY"" GARCIA",JESUS SOLORIO
2020,IL-05,IL,5,0.726597,true,Democrat,0.224327,1,0,0.000000,0,0.005500,false,MIKE QUIGLEY,TOMMY HANSON
2020,IL-06,IL,6,0.537577,true,Democrat,-0.079607,1,0,0.000000,0,0.005500,false,SEAN CASTEN,JEANNE IVES
2020,IL-07,IL,7,0.857655,true,Democrat,0.355029,1,0,0.000000,0,0.005500,false,DANNY K DAVIS,CRAIG CAMERON
2020,IL-09,IL,9,0.709822,true,Democrat,0.177470,1,0,0.000000,0,0.005500,false,JANICE D SCHAKOWSKY,SARGIS SANGARI
2020,IL-10,IL,10,0.638806,true,,0.038685,0,0,0.000000,0,0.005500,false,BRADLEY SCOTT SCHNEIDER,VALERIE RAMIREZ MUKHERJEE
2020,IL-11,IL,11,0.632986,true,Democrat,0.117112,1,0,0.000000,0,0.005500,false,BILL FOSTER,RICK LAIB
2020,IL-12,IL,12,0.395691,false,Republican,-0.065080,-1,0,0.000000,0,0.005500,false,RAYMOND C LENZI,MIKE BOST
2020,IL-13,IL,13,0.455371,false,Republican,-0.084016,-1,0,0.000000,0,0.005500,false,BETSY DIRKSEN LONDRIGAN,RODNEY DAVIS
2020,IL-14,IL,14,0.506700,true,Democrat,-0.080415,1,0,0.000000,0,0.005500,false,LAUREN UNDERWOOD,JIM OBERWEIS
2020,IL-15,IL,15,0.265539,false,,0.000000,0,0,0.000000,0,0.005500,false,ERIKA C WEAVER,MARY MILLER
2020,IL-16,IL,16,0.352838,false,Republican,0.000000,-1,0,0.000000,0,0.005500,false,DANI BRZOZOWSKI,ADAM KINZINGER
2020,IL-17,IL,17,0.520255,true,Democrat,0.115713,1,0,0.000000,0,0.005500,false,CHERI BUSTOS,ESTHER JOY KING
2020,IL-18,IL,18,0.295900,false,Republican,-0.208712,-1,0,0.000000,0,0.005500,false,GEORGE PETRILLI,DARIN LAHOOD
2020,IN-01,IN,1,0.583378,true,,0.000000,0,0,0.000000,0,0.005500,false,FRANK J MRVAN,MARK LEYVA
2020,IN-02,IN,2,0.385061,false,Republican,-0.103492,-1,0,0.000000,0,0.005500,false,"PATRICIA ""PAT"" HACKETT",JACKIE WALORSKI
2020,IN-03,IN,3,0.321601,false,Republican,-0.240477,-1,0,0.000000,0,0.005500,false,CHIP COLDIRON,JIM BANKS
2020,IN-04,IN,4,0.333764,false,,-0.166797,0,0,0.000000,0,0.005500,false,JOE MACKEY,JAMES R BAIRD
2020,IN-05,IN,5,0.478738,false,,-0.129221,0,0,0.000000,0,0.005500,false,CHRISTINA HALE,VICTORIA SPARTZ
2020,IN-06,IN,6,0.287916,false,Republican,-0.208776,-1,0,0.000000,0,0.005500,false,JEANNINE LEE LAKE,GREG PENCE
2020,IN-07,IN,7,0.624352,true,Democrat,0.139577,1,0,0.000000,0,0.005500,false,ANDRE CARSON,SUSAN MARIE SMITH
2020,IN-08,IN,8,0.308348,false,Republican,-0.155208,-1,0,0.000000,0,0.005500,false,E THOMASINA MARSILI,LARRY BUCSHON
2020,IN-09,IN,9,0.355652,false,Republican,-0.059668,-1,0,0.000000,0,0.005500,false,ANDY RUFF,TREY HOLLINGSWORTH
2020,IA-01,IA,1,0.487010,false,Democrat,-0.025748,1,0,0.000000,0,0.005500,false,ABBY FINKENAUER,ASHLEY HINSON
2020,IA-02,IA,2,0.499992,false,,0.050032,0,0,0.000000,0,0.005500,false,RITA R HART,MARIANNETTE MILLER-MEEKS
2020,IA-03,IA,3,0.507182,true,,-0.061069,0,0,0.000000,-1,0.005500,false,CYNTHIA AXNE,DAVID YOUNG
2020,IA-04,IA,4,0.378827,false,,-0.100598,0,0,0.000000,0,0.005500,false,J D SCHOLTEN,RANDY FEENSTRA
2020,KS-01,KS,1,0.288403,false,,0.000000,0,0,0.000000,0,0.005500,false,KALI BARNETT,TRACEY MANN
2020,KS-02,KS,2,0.424229,false,,-0.139107,0,0,0.000000,0,0.005500,false,MICHELLE DE LA ISLA,JAKE LATURNER
2020,KS-03,KS,3,0.551747,true,Democrat,-0.045596,1,0,0.000000,0,0.005500,false,SHARICE DAVIDS,AMANDA L ADKINS
2020,KS-04,KS,4,0.363475,false,Republican,-0.159410,-1,0,0.000000,0,0.005500,false,LAURA LOMBARD,RON ESTES
2020,KY-01,KY,1,0.250072,false,Republican,-0.213786,-1,0,0.000000,0,0.005500,false,JAMES RHODES,JAMES COMER
2020,KY-02,KY,2,0.270117,false,,0.000000,0,0,0.000000,-1,0.005500,false,HANK LINDERMAN,BRETT GUTHRIE
2020,KY-03,KY,3,0.626661,true,Democrat,0.147625,1,0,0.000000,0,0.005500,false,JOHN A YARMUTH,RHONDA PALAZZO
2020,KY-04,KY,4,0.329132,false,Republican,-0.200572,-1,0,0.000000,0,0.005500,false,ALEXANDRA OWENSBY,THOMAS MASSIE
2020,KY-05,KY,5,0.157922,false,Republican,0.000000,-1,0,0.000000,0,0.005500,false,MATTHEW RYAN BEST,HAROLD ROGERS
2020,KY-06,KY,6,0.416742,false,Republican,-0.098257,-1,0,0.000000,0,0.005500,false,JOSH HICKS,ANDY BARR
2020,LA-01,LA,1,0.259492,false,Republican,-0.279889,-1,0,0.000000,0,0.005500,false,LEE ANN DUGAS,STEVE SCALISE
2020,LA-02,LA,2,0.788447,true,Democrat,0.000000,1,0,0.000000,0,0.005500,false,CEDRIC L RICHMOND,DAVID M SCHILLING
2020,LA-03,LA,3,0.303170,false,Republican,-0.284304,-1,0,0.000000,0,0.005500,false,BRAYLON HARRIS,CLAY HIGGINS
2020,LA-04,LA,4,0.332607,false,Republican,-0.310340,-1,0,0.000000,0,0.005500,false,KENNY HOUSTON,MIKE JOHNSON
2020,LA-05,LA,5,0.228840,false,,0.000000,0,0,0.000000,0,0.005500,false,"SANDRA ""CANDY"" CHRISTOPHE",LUKE J LETLOW
2020,LA-06,LA,6,0.264476,false,Republican,-0.240075,-1,0,0.000000,0,0.005500,false,"DARTANYON ""DAW"" WILLIAMS",GARRET GRAVES
2020,ME-01,ME,1,0.621552,true,Democrat,0.092938,1,0,0.000000,0,0.005500,false,CHELLIE PINGREE,JAY T ALLEN
2020,ME-02,ME,2,0.530474,true,Democrat,-0.035379,1,0,0.000000,0,0.005500,false,JARED F GOLDEN,DALE JOHN CRAFTS
2020,MD-01,MD,1,0.364450,false,Republican,-0.188051,-1,0,0.000000,0,0.005500,false,MIA MASON,ANDY HARRIS
2020,MD-02,MD,2,0.678871,true,,0.164631,0,0,0.000000,1,0.005500,false,C A DUTCH RUPPERSBERGER,JOHNNY RAY SALLING
2020,MD-03,MD,3,0.698995,true,Democrat,0.163673,1,0,0.000000,0,0.005500,false,JOHN P SARBANES,CHARLES ANTHONY
2020,MD-04,MD,4,0.797419,true,Democrat,0.288347,1,0,0.000000,0,0.005500,false,ANTHONY G BROWN,GEORGE E MCDERMOTT
2020,MD-05,MD,5,0.689429,true,Democrat,0.209036,1,0,0.000000,0,0.005500,false,STENY H HOYER,CHRIS PALOMBI
2020,MD-06,MD,6,0.600158,true,Democrat,0.095256,1,0,0.000000,0,0.005500,false,DAVID J TRONE,NEIL C PARROTT
2020,MD-07,MD,7,0.718635,true,,0.287091,0,0,0.000000,1,0.005500,false,KWEISI MFUME,KIMBERLY KLACIK
2020,MD-08,MD,8,0.683589,true,Democrat,0.151648,1,0,0.000000,0,0.005500,false,JAMIE RASKIN,GREGORY THOMAS COLL
2020,MA-02,MA,2,0.653941,true,Democrat,0.000000,1,0,0.000000,0,0.005500,false,JAMES P MCGOVERN,TRACY LYN LOVVORN
2020,MA-04,MA,4,0.610099,true,,0.214239,0,0,0.000000,0,0.005500,false,JAKE AUCHINCLOSS,JULIE A HALL
2020,MA-05,MA,5,0.743920,true,Democrat,0.000000,1,0,0.000000,0,0.005500,false,KATHERINE M CLARK,CAROLINE COLARUSSO
2020,MA-06,MA,6,0.655217,true,Democrat,0.000000,1,0,0.000000,0,0.005500,false,SETH MOULTON,JOHN PAUL MORAN
2020,MA-09,MA,9,0.627859,true,,0.136292,0,0,0.000000,1,0.005500,false,WILLIAM R KEATING,HELEN BRADY
2020,MI-01,MI,1,0.374054,false,Republican,-0.065474,-1,0,0.000000,0,0.005500,false,DANA FERGUSON,JACK BERGMAN
2020,MI-02,MI,2,0.392335,false,Republican,-0.145492,-1,0,0.000000,0,0.005500,false,BRYAN BERGHOEF,BILL HUIZENGA
2020,MI-03,MI,3,0.470403,false,,-0.100556,0,0,0.000000,0,0.005500,false,HILLARY SCHOLTEN,PETER MEIJER
2020,MI-04,MI,4,0.332401,false,Republican,-0.145040,-1,0,0.000000,0,0.005500,false,JERRY HILLIARD,JOHN R MOOLENAAR
2020,MI-05,MI,5,0.565963,true,Democrat,0.147933,1,0,0.000000,0,0.005500,false,DANIEL T KILDEE,TIM KELLY
2020,MI-06,MI,6,0.418297,false,Republican,-0.104337,-1,0,0.000000,0,0.005500,false,JON HOADLEY,FRED UPTON
2020,MI-07,MI,7,0.412488,false,Republican,-0.066390,-1,0,0.000000,0,0.005500,false,GRETCHEN D DRISKELL,TIM WALBERG
2020,MI-08,MI,8,0.518310,true,Democrat,-0.075853,1,0,0.000000,0,0.005500,false,ELISSA SLOTKIN,PAUL JUNGE
2020,MI-09,MI,9,0.600390,true,Democrat,0.120248,1,0,0.000000,0,0.005500,false,ANDY LEVIN,CHARLES J LANGWORTHY
2020,MI-10,MI,10,0.337198,false,,-0.148815,0,0,0.000000,0,0.005500,false,KIMBERLY BIZON,LISA MCCLAIN
2020,MI-11,MI,11,0.512143,true,Democrat,-0.055873,1,0,0.000000,0,0.005500,false,HALEY M STEVENS,ERIC S ESSHAKI
2020,MI-12,MI,12,0.684125,true,Democrat,0.200082,1,0,0.000000,0,0.005500,false,DEBBIE DINGELL,JEFF JONES
2020,MI-13,MI,13,0.807205,true,Democrat,0.343227,1,0,0.000000,0,0.005500,false,RASHIDA TLAIB,DAVID DUDENHOEFER
2020,MI-14,MI,14,0.812402,true,Democrat,0.320391,1,0,0.000000,0,0.005500,false,BRENDA L LAWRENCE,ROBERT VANCE PATRICK
2020,MN-01,MN,1,0.483660,false,Republican,0.016428,-1,0,0.000000,0,0.005500,false,DAN FEEHAN,JIM HAGEDORN
2020,MN-02,MN,2,0.511990,true,Democrat,0.002883,1,0,0.000000,0,0.005500,false,ANGIE CRAIG,TYLER KISTNER
2020,MN-03,MN,3,0.556443,true,Democrat,-0.055982,1,0,0.000000,0,0.005500,false,DEAN PHILLIPS,KENDALL QUALLS
2020,MN-04,MN,4,0.685589,true,Democrat,0.139457,1,0,0.000000,0,0.005500,false,BETTY MCCOLLUM,GENE RECHTZIGEL
2020,MN-05,MN,5,0.713274,true,Democrat,0.268665,1,0,0.000000,0,0.005500,false,ILHAN OMAR,LACY JOHNSON
2020,MN-06,MN,6,0.342080,false,Republican,-0.144142,-1,0,0.000000,0,0.005500,false,TAWNJA ZAHRADKA,TOM EMMER
2020,MN-07,MN,7,0.427375,false,Democrat,0.037788,1,0,0.000000,0,0.005500,false,COLLIN C PETERSON,MICHELLE FISCHBACH
2020,MN-08,MN,8,0.398220,false,Republican,0.015453,-1,0,0.000000,0,0.005500,false,QUINN NYSTROM,PETE STAUBER
2020,MS-01,MS,1,0.312529,false,Republican,-0.198295,-1,0,0.000000,0,0.005500,false,ANTONIA ELIASON,TRENT KELLY
2020,MS-02,MS,2,0.660167,true,Democrat,0.209819,1,0,0.000000,0,0.005500,false,BENNIE G THOMPSON,BRIAN FLOWERS
2020,MS-03,MS,3,0.353323,false,Republican,-0.172891,-1,0,0.000000,0,0.005500,false,"DOROTHY ""DOT"" BENFORD",MICHAEL GUEST
2020,MO-01,MO,1,0.806036,true,,0.303382,0,0,0.000000,0,0.005500,false,CORI BUSH,ANTHONY ROGERS
2020,MO-02,MO,2,0.467310,false,Republican,-0.095837,-1,0,0.000000,0,0.005500,false,JILL SCHUPP,ANN WAGNER
2020,MO-03,MO,3,0.290993,false,Republican,-0.195689,-1,0,0.000000,0,0.005500,false,MEGAN REZABEK,BLAINE LUETKEMEYER
2020,MO-04,MO,4,0.305017,false,Republican,-0.196325,-1,0,0.000000,0,0.005500,false,LINDSEY SIMMONS,VICKY HARTZLER
2020,MO-05,MO,5,0.603823,true,Democrat,0.119131,1,0,0.000000,0,0.005500,false,EMANUEL CLEAVER,RYAN DERKS
2020,MO-06,MO,6,0.314923,false,Republican,-0.192490,-1,0,0.000000,0,0.005500,false,GENA L ROSS,SAM GRAVES
2020,MO-07,MO,7,0.278385,false,Republican,-0.198810,-1,0,0.000000,0,0.005500,false,TERESA MONTSENY,BILLY LONG
2020,MO-08,MO,8,0.217531,false,Republican,-0.253849,-1,0,0.000000,0,0.005500,false,KATHY ELLIS,JASON SMITH
2020,MT-00,MT,0,0.436136,false,,-0.068216,0,0,0.000000,0,0.005500,false,KATHLEEN WILLIAMS,MATT ROSENDALE
2020,NE-01,NE,1,0.387593,false,Republican,-0.181893,-1,0,0.000000,0,0.005500,false,KATE BOLZ,JEFF FORTENBERRY
2020,NE-02,NE,2,0.476490,false,Republican,0.006418,-1,0,0.000000,0,0.005500,false,KARA EASTMAN,DON BACON
2020,NE-03,NE,3,0.183761,false,Republican,0.000000,-1,0,0.000000,0,0.005500,false,MARK ELWORTH JR,ADRIAN SMITH
2020,NV-01,NV,1,0.649224,true,Democrat,0.195290,1,0,0.000000,0,0.005500,false,DINA TITUS,JOYCE BENTLEY
2020,NV-02,NV,2,0.418923,false,Republican,-0.099556,-1,0,0.000000,0,0.005500,false,PATRICIA ACKERMAN,MARK E AMODEI
2020,NV-03,NV,3,0.515779,true,Democrat,0.019436,1,0,0.000000,0,0.005500,false,SUSIE LEE,"DAN ""BIG DAN"" RODIMER"
2020,NV-04,NV,4,0.525212,true,Democrat,0.034179,1,0,0.000000,0,0.005500,false,STEVEN HORSFORD,JIM MARCHANT
2020,NH-01,NH,1,0.526163,true,Democrat,0.020314,1,0,0.000000,0,0.005500,false,CHRIS PAPPAS,MATT MOWERS
2020,NH-02,NH,2,0.552234,true,,0.035962,0,0,0.000000,1,0.005500,false,ANN M KUSTER,STEVEN NEGRON
2020,NJ-01,NJ,1,0.624801,true,Democrat,0.132455,1,0,0.000000,0,0.005500,false,DONALD NORCROSS,CLAIRE H GUSTAFSON
2020,NJ-02,NJ,2,0.470657,false,,-0.101408,0,0,0.000000,0,0.005500,false,AMY KENNEDY,JEFFERSON VAN DREW
2020,NJ-03,NJ,3,0.539319,true,Democrat,-0.091473,1,0,0.000000,0,0.005500,false,ANDY KIM,DAVID RICHTER
2020,NJ-04,NJ,4,0.389942,false,Republican,-0.142626,-1,0,0.000000,0,0.005500,false,STEPHANIE SCHMID,CHRISTOPHER H SMITH
2020,NJ-05,NJ,5,0.538042,true,Democrat,0.035186,1,0,0.000000,0,0.005500,false,JOSH GOTTHEIMER,FRANK T PALLOTTA
2020,NJ-06,NJ,6,0.611652,true,Democrat,0.158873,1,0,0.000000,0,0.005500,false,FRANK PALLONE JR,CHRISTIAN ONUOHA
2020,NJ-07,NJ,7,0.506119,true,Democrat,-0.043741,1,0,0.000000,0,0.005500,false,TOM MALINOWSKI,THOMAS H KEAN JR
2020,NJ-08,NJ,8,0.750743,true,Democrat,0.319080,1,0,0.000000,0,0.005500,false,ALBIO SIRES,JASON TODD MUSHNICK
2020,NJ-09,NJ,9,0.673741,true,Democrat,0.225919,1,0,0.000000,0,0.005500,false,BILL PASCRELL JR,BILLY PREMPEH
2020,NJ-10,NJ,10,0.857008,true,Democrat,0.390915,1,0,0.000000,0,0.005500,false,DONALD M PAYNE JR,JENNIFER ZINONE
2020,NJ-11,NJ,11,0.533037,true,Democrat,-0.086203,1,0,0.000000,0,0.005500,false,MIKIE SHERRILL,ROSEMARY BECCHI
2020,NJ-12,NJ,12,0.668308,true,Democrat,0.175181,1,0,0.000000,0,0.005500,false,BONNIE WATSON COLEMAN,MARK RAZZOLI
2020,NM-01,NM,1,0.581882,true,Democrat,0.164106,1,0,0.000000,0,0.005500,false,DEBRA A HAALAND,MICHELLE GARCIA HOLMES
2020,NM-02,NM,2,0.462736,false,Democrat,-0.114763,1,0,0.000000,0,0.005500,false,XOCHITL TORRES SMALL,YVETTE HERRELL
2020,NM-03,NM,3,0.586811,true,,0.136804,0,0,0.000000,0,0.005500,false,TERESA LEGER FERNANDEZ,ALEXIS M JOHNSON
2020,NY-01,NY,1,0.470926,false,Republican,-0.043102,-1,0,0.000000,0,0.005500,false,NANCY S GOROFF,LEE M ZELDIN
2020,NY-02,NY,2,0.478050,false,,-0.093780,0,0,0.000000,0,0.005500,false,JACKIE GORDON,ANDREW R GARBARINO
2020,NY-03,NY,3,0.570732,true,Democrat,0.074487,1,0,0.000000,0,0.005500,false,THOMAS R SUOZZI,GEORGE AD SANTOS
2020,NY-04,NY,4,0.588711,true,Democrat,0.133093,1,0,0.000000,0,0.005500,false,KATHLEEN M RICE,DOUGLAS L TUMAN
2020,NY-06,NY,6,0.680320,true,Democrat,0.262852,1,0,0.000000,0,0.005500,false,GRACE MENG,THOMAS J ZMICH
2020,NY-07,NY,7,0.842163,true,Democrat,0.429977,1,0,0.000000,0,0.005500,false,NYDIA M VELAZQUEZ,BRIAN W KELLY
2020,NY-08,NY,8,0.841111,true,Democrat,0.000000,1,0,0.000000,0,0.005500,false,HAKEEM S JEFFRIES,GARFIELD H WALLACE
2020,NY-09,NY,9,0.829947,true,Democrat,0.000000,1,0,0.000000,0,0.005500,false,YVETTE D CLARKE,CONSTANTINE JEAN-PIERRE
2020,NY-10,NY,10,0.748019,true,Democrat,0.308231,1,0,0.000000,0,0.005500,false,JERROLD L NADLER,CATHY A BERNSTEIN
2020,NY-11,NY,11,0.484184,false,Democrat,-0.077207,1,0,0.000000,0,0.005500,false,MAX N ROSE,NICOLE MALLIOTAKIS
2020,NY-12,NY,12,0.843613,true,Democrat,0.335928,1,0,0.000000,0,0.005500,false,CAROLYN B MALONEY,CARLOS SANTIAGO-CANO
2020,NY-13,NY,13,0.910979,true,Democrat,0.453043,1,0,0.000000,0,0.005500,false,ADRIANO ESPAILLAT,LOVELYNN GWINN
2020,NY-14,NY,14,0.744187,true,Democrat,0.349912,1,0,0.000000,0,0.005500,false,ALEXANDRIA OCASIO-CORTEZ,JOHN C CUMMINGS
2020,NY-15,NY,15,0.899298,true,,0.476962,0,0,0.000000,0,0.005500,false,RITCHIE TORRES,PATRICK DELICES
2020,NY-17,NY,17,0.610638,true,,0.000000,0,0,0.000000,0,0.005500,false,MONDAIRE JONES,MAUREEN MCARDLE SCHULMAN
2020,NY-18,NY,18,0.570971,true,Democrat,0.071812,1,0,0.000000,0,0.005500,false,SEAN PATRICK MALONEY,CHELE C FARLEY
2020,NY-19,NY,19,0.526279,true,Democrat,-0.006363,1,0,0.000000,0,0.005500,false,ANTONIO DELGADO,KYLE VAN DE WATER
2020,NY-20,NY,20,0.616274,true,Democrat,0.206005,1,0,0.000000,0,0.005500,false,PAUL D TONKO,ELIZABETH L JOY
2020,NY-21,NY,21,0.419101,false,Republican,-0.155006,-1,0,0.000000,0,0.005500,false,TEDRA L COBB,ELISE M STEFANIK
2020,NY-22,NY,22,0.492216,false,Democrat,-0.011793,1,0,0.000000,-1,0.005500,false,ANTHONY J BRINDISI,CLAUDIA TENNEY
2020,NY-23,NY,23,0.417619,false,,-0.049699,0,0,0.000000,-1,0.005500,false,TRACY MITRANO,TOM REED
2020,NY-24,NY,24,0.486257,false,Republican,-0.063609,-1,0,0.000000,0,0.005500,false,DANA BALTER,JOHN M KATKO
2020,NY-25,NY,25,0.617918,true,Democrat,0.109660,1,0,0.000000,0,0.005500,false,JOSEPH D MORELLE,GEORGE MITRIS
2020,NY-26,NY,26,0.688187,true,Democrat,0.286946,1,0,0.000000,0,0.005500,false,BRIAN HIGGINS,RICKY T DONOVAN SR
2020,NY-27,NY,27,0.415074,false,,-0.106794,0,0,0.000000,0,0.005500,false,NATHAN D MCMURRAY,CHRIS JACOBS
2020,NC-01,NC,1,0.541768,true,Democrat,0.215852,1,0,0.000000,0,0.005500,false,G K BUTTERFIELD,SANDY SMITH
2020,NC-02,NC,2,0.643821,true,,-0.054453,0,0,0.000000,0,0.005500,false,DEBORAH K ROSS,ALAN D SWAIN
2020,NC-03,NC,3,0.366160,false,,-0.159379,0,0,0.000000,0,0.005500,false,DARYL FARROW,GREGORY F MURPHY
2020,NC-04,NC,4,0.673300,true,Democrat,0.194812,1,0,0.000000,0,0.005500,false,DAVID E PRICE,ROBERT THOMAS
2020,NC-05,NC,5,0.317314,false,Republican,-0.071384,-1,0,0.000000,0,0.005500,false,DAVID WILSON BROWN,VIRGINIA FOXX
2020,NC-06,NC,6,0.622729,true,,-0.079658,0,0,0.000000,0,0.005500,false,KATHY MANNING,LEE HAYWOOD
2020,NC-07,NC,7,0.396566,false,Republican,-0.096505,-1,0,0.000000,0,0.005500,false,CHRISTOPHER M WARD,DAVID ROUZER
2020,NC-08,NC,8,0.467162,false,Republican,-0.075096,-1,0,0.000000,0,0.005500,false,PATRICIA TIMMONS-GOODSON,RICHARD HUDSON
2020,NC-09,NC,9,0.444079,false,,-0.069190,0,0,0.000000,0,0.005500,false,CYNTHIA L WALLACE,DAN BISHOP
2020,NC-10,NC,10,0.310924,false,Republican,-0.118757,-1,0,0.000000,0,0.005500,false,DAVID PARKER,PATRICK T MCHENRY
2020,NC-11,NC,11,0.437217,false,,-0.128257,0,0,0.000000,0,0.005500,false,MOE DAVIS,MADISON CAWTHORN
2020,NC-13,NC,13,0.318181,false,Republican,-0.048400,-1,0,0.000000,0,0.005500,false,SCOTT HUFFMAN,TED BUDD
2020,OH-01,OH,1,0.462945,false,Republican,-0.079526,-1,0,0.000000,0,0.005500,false,KATE SCHRODER,STEVE CHABOT
2020,OH-02,OH,2,0.389122,false,Republican,-0.151835,-1,0,0.000000,0,0.005500,false,JAIME M CASTLE,BRAD R WENSTRUP
2020,OH-03,OH,3,0.708498,true,Democrat,0.198373,1,0,0.000000,0,0.005500,false,JOYCE BEATTY,MARK F RICHARDSON
2020,OH-04,OH,4,0.301674,false,Republican,-0.167255,-1,0,0.000000,0,0.005500,false,SHANNON M FRESHOUR,JIM JORDAN
2020,OH-05,OH,5,0.320021,false,,-0.196368,0,0,0.000000,-1,0.005500,false,NICK RUBANDO,ROBERT E LATTA
2020,OH-06,OH,6,0.255864,false,Republican,-0.194126,-1,0,0.000000,0,0.005500,false,SHAWNA ROBERTS,BILL JOHNSON
2020,OH-07,OH,7,0.301793,false,Republican,-0.175971,-1,0,0.000000,0,0.005500,false,QUENTIN POTTER,BOB GIBBS
2020,OH-08,OH,8,0.310232,false,Republican,-0.205639,-1,0,0.000000,0,0.005500,false,VANESSA ENOCH,WARREN DAVIDSON
2020,OH-09,OH,9,0.630825,true,Democrat,0.199499,1,0,0.000000,0,0.005500,false,MARCY KAPTUR,ROB WEBER
2020,OH-10,OH,10,0.416432,false,,-0.149696,0,0,0.000000,-1,0.005500,false,DESIREE TIMS,MICHAEL R TURNER
2020,OH-11,OH,11,0.800533,true,Democrat,0.315171,1,0,0.000000,0,0.005500,false,MARCIA L FUDGE,LAVERNE GORE
2020,OH-12,OH,12,0.430596,false,Republican,-0.177840,-1,0,0.000000,0,0.005500,false,ALAINA SHEARER,TROY BALDERSON
2020,OH-13,OH,13,0.538760,true,Democrat,0.189967,1,0,0.000000,0,0.005500,false,TIM RYAN,CHRISTINA M HAGAN
2020,OH-14,OH,14,0.399009,false,Republican,-0.113451,-1,0,0.000000,0,0.005500,false,HILLARY O'CONNOR MUERI,DAVID P JOYCE
2020,OH-15,OH,15,0.365740,false,Republican,-0.149013,-1,0,0.000000,0,0.005500,false,JOEL NEWBY,STEVE STIVERS
2020,OH-16,OH,16,0.368086,false,Republican,-0.140660,-1,0,0.000000,0,0.005500,false,AARON PAUL GODFREY,ANTHONY GONZALEZ
2020,OK-01,OK,1,0.339088,false,Republican,0.000000,-1,0,0.000000,0,0.005500,false,KOJO ASAMOA-CAESAR,KEVIN HERN
2020,OK-02,OK,2,0.226699,false,Republican,-0.240021,-1,0,0.000000,0,0.005500,false,DANYELL LANIER,MARKWAYNE MULLIN
2020,OK-03,OK,3,0.215090,false,Republican,-0.270275,-1,0,0.000000,0,0.005500,false,ZOE MIDYETT,FRANK D LUCAS
2020,OK-04,OK,4,0.297999,false,Republican,-0.214851,-1,0,0.000000,0,0.005500,false,MARY BRANNON,TOM COLE
2020,OK-05,OK,5,0.479376,false,Democrat,-0.095375,1,0,0.000000,0,0.005500,false,KENDRA S HORN,STEPHANIE BICE
2020,OR-01,OR,1,0.647215,true,Democrat,0.129894,1,0,0.000000,0,0.005500,false,SUZANNE BONAMICI,CHRISTOPHER C CHRISTENSEN
2020,OR-02,OR,2,0.381466,false,,-0.206434,0,0,0.000000,0,0.005500,false,ALEX SPENSER,CLIFF BENTZ
2020,OR-03,OR,3,0.756531,true,Democrat,0.000000,1,0,0.000000,0,0.005500,false,EARL BLUMENAUER,JOANNA HARBOUR
2020,OR-04,OR,4,0.527207,true,Democrat,0.095733,1,0,0.000000,0,0.005500,false,PETER A DEFAZIO,ALEK SKARLATOS
2020,OR-05,OR,5,0.534709,true,Democrat,0.066894,1,0,0.000000,0,0.005500,false,KURT SCHRADER,AMY RYAN COURSER
2020,PA-01,PA,1,0.434422,false,Republican,0.334649,-1,0,0.000000,0,0.005500,false,CHRISTINA FINELLO,BRIAN K FITZPATRICK
2020,PA-02,PA,2,0.725357,true,Democrat,0.414405,1,0,0.000000,0,0.005500,false,BRENDAN F BOYLE,DAVID TORRES
2020,PA-03,PA,3,0.910301,true,Democrat,0.000000,1,0,0.000000,0,0.005500,false,DWIGHT EVANS,MICHAEL HARVEY
2020,PA-04,PA,4,0.595274,true,Democrat,-0.147930,1,0,0.000000,0,0.005500,false,MADELEINE DEAN CUNNANE,KATHY BARNETTE
2020,PA-05,PA,5,0.646967,true,Democrat,-0.159011,1,0,0.000000,0,0.005500,false,MARY GAY SCANLON,DASHA PRUETT
2020,PA-06,PA,6,0.560542,true,,-0.059744,0,0,0.000000,0,0.005500,false,CHRISSY J HOULAHAN,JOHN WILLIAM EMMONS
2020,PA-07,PA,7,0.518664,true,Democrat,-0.082036,1,0,0.000000,0,0.005500,false,SUSAN ELLIS WILD,LISA SCHELLER
2020,PA-08,PA,8,0.517774,true,Democrat,-0.031624,1,0,0.000000,0,0.005500,false,MATTHEW ALTON CARTWRIGHT,JAMES ROCCO BOGNET
2020,PA-09,PA,9,0.336697,false,Republican,-0.120775,-1,0,0.000000,0,0.005500,false,GARY STEVEN WEGMAN,DANIEL PHILIP MEUSER
2020,PA-10,PA,10,0.466876,false,Republican,-0.189056,-1,0,0.000000,0,0.005500,false,EUGENE A DEPASQUALE,SCOTT G PERRY
2020,PA-11,PA,11,0.368764,false,Republican,-0.124045,-1,0,0.000000,0,0.005500,false,SARAH E HAMMOND,LLOYD K SMUCKER
2020,PA-12,PA,12,0.291561,false,,-0.104985,0,0,0.000000,0,0.005500,false,LEE GRIFFIN,FREDERICK B KELLER
2020,PA-13,PA,13,0.265126,false,Republican,0.000000,-1,0,0.000000,0,0.005500,false,RAYMOND TODD ROWLEY,JOHN JOYCE
2020,PA-14,PA,14,0.353054,false,Republican,0.256295,-1,0,0.000000,0,0.005500,false,WILLIAM A MARX,GUY RESCHENTHALER
2020,PA-15,PA,15,0.265416,false,Republican,-0.092990,-1,0,0.000000,0,0.005500,false,ROBERT M WILLIAMS,GLENN W THOMPSON JR
2020,PA-16,PA,16,0.406615,false,Republican,-0.043562,-1,0,0.000000,0,0.005500,false,KRISTY MARIE GNIBUS,GEORGE J KELLY JR
2020,PA-17,PA,17,0.511471,true,Democrat,0.050673,1,0,0.000000,0,0.005500,false,CONOR J LAMB,RICHARD SEAN PARNELL
2020,PA-18,PA,18,0.692482,true,Democrat,0.000000,1,0,0.000000,0,0.005500,false,MICHAEL F DOYLE JR,LUKE EDISON NEGRON
2020,RI-02,RI,2,0.583703,true,Democrat,0.167019,1,0,0.000000,0,0.005500,false,JAMES R LANGEVIN,ROBERT B LANCIA
2020,SC-01,SC,1,0.493654,false,Democrat,-0.120065,1,0,0.000000,0,0.005500,false,JOE CUNNINGHAM,NANCY MACE
2020,SC-02,SC,2,0.433493,false,Republican,-0.123052,-1,0,0.000000,0,0.005500,false,ADAIR FORD BOROUGHS,JOE WILSON
2020,SC-03,SC,3,0.287203,false,Republican,-0.216500,-1,0,0.000000,0,0.005500,false,HOSEA CLEVELAND,JEFF DUNCAN
2020,SC-04,SC,4,0.374555,false,Republican,-0.171595,-1,0,0.000000,0,0.005500,false,KIM NELSON,WILLIAM R TIMMONS IV
2020,SC-05,SC,5,0.398866,false,Republican,-0.091870,-1,0,0.000000,0,0.005500,false,MOE BROWN,RALPH NORMAN
2020,SC-06,SC,6,0.688709,true,Democrat,0.230028,1,0,0.000000,0,0.005500,false,JAMES E CLYBURN,JOHN MCCOLLUM
2020,SC-07,SC,7,0.381643,false,Republican,-0.117785,-1,0,0.000000,0,0.005500,false,MELISSA WARD WATSON,TOM RICE
2020,TN-01,TN,1,0.231191,false,,-0.322928,0,0,0.000000,0,0.005500,false,BLAIR WALSINGHAM,DIANA HARSHBARGER
2020,TN-02,TN,2,0.314650,false,Republican,-0.243822,-1,0,0.000000,0,0.005500,false,RENEE HOYOS,TIM BURCHETT
2020,TN-03,TN,3,0.311842,false,,-0.184505,0,0,0.000000,-1,0.005500,false,MEG GORMAN,"CHARLES J ""CHUCK"" FLEISCHMANN"
2020,TN-04,TN,4,0.333347,false,Republican,-0.137708,-1,0,0.000000,0,0.005500,false,CHRISTOPHER J HALE,SCOTT DESJARLAIS
2020,TN-06,TN,6,0.245595,false,Republican,-0.252741,-1,0,0.000000,0,0.005500,false,CHRISTOPHER MARTIN FINLEY,JOHN W ROSE
2020,TN-07,TN,7,0.281031,false,Republican,-0.241817,-1,0,0.000000,0,0.005500,false,KIRAN SREEPADA,MARK E GREEN
2020,TN-08,TN,8,0.301102,false,Republican,-0.220039,-1,0,0.000000,0,0.005500,false,ERIKA STOTTS PEARSON,DAVID KUSTOFF
2020,TN-09,TN,9,0.793776,true,Democrat,0.319344,1,0,0.000000,0,0.005500,false,STEVE COHEN,CHARLOTTE BERGMANN
2020,TX-01,TX,1,0.274214,false,Republican,-0.241179,-1,0,0.000000,0,0.005500,false,HANK GILBERT,LOUIE GOHMERT
2020,TX-02,TX,2,0.434857,false,Republican,-0.114654,-1,0,0.000000,0,0.005500,false,SIMA LADJEVARDIAN,DAN CRENSHAW
2020,TX-03,TX,3,0.437734,false,Republican,-0.126369,-1,0,0.000000,0,0.005500,false,LULU SEIKALY,VAN TAYLOR
2020,TX-04,TX,4,0.231177,false,,0.000000,0,0,0.000000,0,0.005500,false,RUSSELL FOSTER,PAT FALLON
2020,TX-05,TX,5,0.366900,false,Republican,0.000000,-1,0,0.000000,0,0.005500,false,CAROLYN SALTER,LANCE GOODEN
2020,TX-06,TX,6,0.454447,false,Republican,-0.086530,-1,0,0.000000,0,0.005500,false,STEPHEN DANIEL,RON WRIGHT
2020,TX-07,TX,7,0.516973,true,Democrat,-0.049102,1,0,0.000000,0,0.005500,false,LIZZIE FLETCHER,WESLEY HUNT
2020,TX-08,TX,8,0.259940,false,Republican,0.000000,-1,0,0.000000,0,0.005500,false,ELIZABETH HERNANDEZ,KEVIN BRADY
2020,TX-09,TX,9,0.777204,true,Democrat,0.319071,1,0,0.000000,0,0.005500,false,AL GREEN,JOHNNY TEAGUE
2020,TX-10,TX,10,0.463534,false,Republican,-0.085985,-1,0,0.000000,0,0.005500,false,MIKE SIEGEL,MICHAEL T MCCAUL
2020,TX-11,TX,11,0.186717,false,,0.000000,0,0,0.000000,0,0.005500,false,JON MARK HOGG,AUGUST PFLUGER
2020,TX-12,TX,12,0.341450,false,Republican,-0.208372,-1,0,0.000000,0,0.005500,false,LISA WELCH,KAY GRANGER
2020,TX-13,TX,13,0.188628,false,,0.000000,0,0,0.000000,0,0.005500,false,GUS TRUJILLO,RONNY JACKSON
2020,TX-14,TX,14,0.383592,false,Republican,-0.105928,-1,0,0.000000,0,0.005500,false,ADRIENNE BELL,RANDY K WEBER SR
2020,TX-15,TX,15,0.514665,true,Democrat,0.115947,1,0,0.000000,0,0.005500,false,VICENTE GONZALEZ,MONICA DE LA CRUZ-HERNANDEZ
2020,TX-16,TX,16,0.647203,true,Democrat,0.000000,1,0,0.000000,0,0.005500,false,VERONICA ESCOBAR,IRENE ARMENDARIZ-JACKSON
2020,TX-17,TX,17,0.422842,false,,-0.120436,0,0,0.000000,-1,0.005500,false,RICK KENNEDY,PETE SESSIONS
2020,TX-18,TX,18,0.757169,true,Democrat,0.269233,1,0,0.000000,0,0.005500,false,SHEILA JACKSON LEE,WENDELL CHAMPION
2020,TX-19,TX,19,0.234109,false,Republican,0.000000,-1,0,0.000000,0,0.005500,false,TOM WATSON,JODEY C ARRINGTON
2020,TX-20,TX,20,0.661405,true,Democrat,0.000000,1,0,0.000000,0,0.005500,false,JOAQUIN CASTRO,MAURO GARZA
2020,TX-21,TX,21,0.466072,false,Republican,-0.097368,-1,0,0.000000,0,0.005500,false,WENDY R DAVIS,CHIP ROY
2020,TX-22,TX,22,0.463976,false,,-0.082582,0,0,0.000000,0,0.005500,false,SRI PRESTON KULKARNI,TROY NEHLS
2020,TX-23,TX,23,0.479619,false,,0.005639,0,0,0.000000,0,0.005500,false,GINA ORTIZ JONES,TONY GONZALES
2020,TX-24,TX,24,0.493080,false,,-0.075608,0,0,0.000000,0,0.005500,false,CANDACE VALENZUELA,BETH VAN DUYNE
2020,TX-25,TX,25,0.429506,false,Republican,-0.094585,-1,0,0.000000,0,0.005500,false,JULIE OLIVER,ROGER WILLIAMS
2020,TX-26,TX,26,0.380661,false,Republican,-0.178759,-1,0,0.000000,0,0.005500,false,CAROL H IANNUZZI,MICHAEL C BURGESS
2020,TX-27,TX,27,0.356521,false,Republican,-0.104294,-1,0,0.000000,0,0.005500,false,"RICARDO ""RICK"" DE LA FUENTE",MICHAEL CLOUD
2020,TX-28,TX,28,0.599314,true,Democrat,0.191545,1,0,0.000000,0,0.005500,false,HENRY CUELLAR,SANDRA WHITTEN
2020,TX-29,TX,29,0.722080,true,Democrat,0.264030,1,0,0.000000,0,0.005500,false,SYLVIA R GARCIA,JAIMY Z BLANCO
2020,TX-30,TX,30,0.808034,true,Democrat,0.316812,1,0,0.000000,0,0.005500,false,EDDIE BERNICE JOHNSON,TRE PENNIE
2020,TX-31,TX,31,0.453209,false,Republican,-0.102604,-1,0,0.000000,0,0.005500,false,DONNA IMAM,JOHN R CARTER
2020,TX-32,TX,32,0.530729,true,Democrat,0.000000,1,0,0.000000,0,0.005500,false,COLIN Z ALLRED,GENEVIEVE COLLINS
2020,TX-33,TX,33,0.726550,true,Democrat,0.249737,1,0,0.000000,0,0.005500,false,MARC A VEASEY,FABIAN CORDOVA VASQUEZ
2020,TX-34,TX,34,0.569851,true,Democrat,0.139354,1,0,0.000000,0,0.005500,false,FILEMON VELA,REY GONZALEZ
2020,TX-35,TX,35,0.685828,true,Democrat,0.179022,1,0,0.000000,0,0.005500,false,LLOYD DOGGETT,JENNY GARCIA SHARON
2020,TX-36,TX,36,0.247925,false,Republican,0.000000,-1,0,0.000000,0,0.005500,false,RASHAD LEWIS,BRIAN BABIN
2020,UT-01,UT,1,0.304499,false,,-0.201067,0,0,0.000000,0,0.005500,false,DARREN PARRY,BLAKE DAVID MOORE
2020,UT-02,UT,2,0.383051,false,Republican,-0.132553,-1,0,0.000000,0,0.005500,false,KAEL WESTON,CHRIS STEWART
2020,UT-03,UT,3,0.280290,false,Republican,-0.221981,-1,0,0.000000,0,0.005500,false,DEVIN D THORPE,JOHN R CURTIS
2020,UT-04,UT,4,0.494706,false,Democrat,-0.052851,1,0,0.000000,0,0.005500,false,BEN MCADAMS,BURGESS OWENS
2020,VT-00,VT,0,0.713647,true,Democrat,0.000000,1,0,0.000000,0,0.005500,false,PETER WELCH,MIRIAM BERRY
2020,VA-01,VA,1,0.417670,false,Republican,-0.107890,-1,0,0.000000,0,0.005500,false,QASIM RASHID,ROBERT J WITTMAN
2020,VA-02,VA,2,0.529510,true,Democrat,-0.101971,1,0,0.000000,-1,0.005500,false,ELAINE G LURIA,SCOTT W TAYLOR
2020,VA-03,VA,3,0.684994,true,Democrat,0.181181,1,0,0.000000,0,0.005500,false,"ROBERT C ""BOBBY"" SCOTT",JOHN W COLLICK JR
2020,VA-04,VA,4,0.617099,true,Democrat,0.091283,1,0,0.000000,0,0.005500,false,A DONALD MCEACHIN,LEON BENJAMIN SR
2020,VA-05,VA,5,0.474243,false,,-0.070798,0,0,0.000000,0,0.005500,false,B CAMERON WEBB,"ROBERT G ""BOB"" GOOD"
2020,VA-06,VA,6,0.353309,false,Republican,-0.155150,-1,0,0.000000,0,0.005500,false,NICHOLAS A BETTS,BEN CLINE
2020,VA-07,VA,7,0.509118,true,Democrat,-0.063908,1,0,0.000000,0,0.005500,false,ABIGAIL DAVIS SPANBERGER,NICK J FREITAS
2020,VA-08,VA,8,0.759676,true,Democrat,0.227487,1,0,0.000000,0,0.005500,false,DONALD S BEYER JR,JEFF A JORDAN
2020,VA-10,VA,10,0.565771,true,Democrat,-0.016324,1,0,0.000000,0,0.005500,false,JENNIFER WEXTON,ALISCIA N ANDREWS
2020,VA-11,VA,11,0.715943,true,Democrat,0.000000,1,0,0.000000,0,0.005500,false,GERALD E CONNOLLY,MANGA A ANANTATMULA
2020,WA-01,WA,1,0.586240,true,Democrat,0.066784,1,0,0.000000,0,0.005500,false,SUZAN K DELBENE,JEFFREY BEELER SR
2020,WA-02,WA,2,0.632382,true,Democrat,0.152796,1,0,0.000000,0,0.005500,false,RICK LARSEN,TIMOTHY S HAZELO
2020,WA-03,WA,3,0.434962,false,Republican,-0.104894,-1,0,0.000000,0,0.005500,false,CAROLYN LONG,JAIME HERRERA BEUTLER
2020,WA-04,WA,4,0.336862,false,Republican,0.000000,-1,0,0.000000,0,0.005500,false,DOUGLAS E MCKINLEY,DAN NEWHOUSE
2020,WA-05,WA,5,0.385916,false,Republican,-0.083777,-1,0,0.000000,0,0.005500,false,DAVE WILSON,CATHY MCMORRIS RODGERS
2020,WA-06,WA,6,0.594478,true,Democrat,0.127939,1,0,0.000000,0,0.005500,false,DEREK KILMER,ELIZABETH KREISELMAIER
2020,WA-07,WA,7,0.831868,true,Democrat,0.000000,1,0,0.000000,0,0.005500,false,PRAMILA JAYAPAL,CRAIG KELLER
2020,WA-08,WA,8,0.517859,true,Democrat,-0.089318,1,0,0.000000,0,0.005500,false,KIM SCHRIER,JESSE JENSEN
2020,WA-09,WA,9,0.742596,true,Democrat,0.241508,1,0,0.000000,0,0.005500,false,ADAM SMITH,DOUG BASLER
2020,WV-01,WV,1,0.310233,false,Republican,-0.177101,-1,0,0.000000,0,0.005500,false,NATALIE CLINE,DAVID B MCKINLEY
2020,WV-02,WV,2,0.369235,false,,-0.069180,0,0,0.000000,-1,0.005500,false,CATHY KUNKEL,ALEXANDER X MOONEY
2020,WV-03,WV,3,0.286638,false,Republican,-0.226362,-1,0,0.000000,0,0.005500,false,HILARY TURNER,CAROL D MILLER
2020,WI-01,WI,1,0.406461,false,Republican,-0.169921,-1,0,0.000000,0,0.005500,false,ROGER POLACK,BRYAN STEIL
2020,WI-02,WI,2,0.697248,true,Democrat,0.200636,1,0,0.000000,0,0.005500,false,MARK POCAN,PETER THERON
2020,WI-03,WI,3,0.513285,true,Democrat,0.000000,1,0,0.000000,0,0.005500,false,RON KIND,DERRICK VAN ORDEN
2020,WI-04,WI,4,0.766775,true,Democrat,0.000000,1,0,0.000000,0,0.005500,false,GWEN MOORE,TIM ROGERS
2020,WI-05,WI,5,0.398567,false,,-0.182244,0,0,0.000000,0,0.005500,false,TOM PALZEWICZ,SCOTT FITZGERALD
2020,WI-06,WI,6,0.407427,false,Republican,-0.092751,-1,0,0.000000,0,0.005500,false,JESSICA J KING,GLENN GROTHMAN
2020,WI-07,WI,7,0.392346,false,,-0.104440,0,0,0.000000,0,0.005500,false,TRICIA ZUNKER,THOMAS P TIFFANY
2020,WI-08,WI,8,0.358025,false,Republican,-0.114177,-1,0,0.000000,0,0.005500,false,AMANDA STUCK,MIKE GALLAGHER
2020,WY-00,WY,0,0.263868,false,Republican,-0.161580,-1,0,0.000000,0,0.005500,false,LYNNETTE GREY BULL,LIZ CHENEY
2022,MI-03,MI,3,0.566663,true,,-0.035097,0,-1,0.000000,0,-0.004935,true,HILLARY SCHOLTEN,JOHN GIBBS
2022,NY-19,NY,19,0.489063,false,,0.020780,0,-1,0.000000,0,-0.004935,true,JOSH RILEY,MARCUS MOLINARO
2022,PA-07,PA,7,0.509830,true,Democrat,0.013164,1,-1,0.000000,0,-0.004935,true,SUSAN WILD,LISA SCHELLER
2022,PA-08,PA,8,0.512245,true,,0.012274,0,-1,0.000000,1,-0.004935,true,MATT CARTWRIGHT,JIM BOGNET
2022,PA-17,PA,17,0.533922,true,,0.005971,0,-1,0.000000,0,-0.004935,true,CHRIS DELUZIO,JEREMY SHAFFER
2022,TX-15,TX,15,0.456797,false,,0.009165,0,-1,0.000000,0,-0.004935,true,MICHELLE VALLEJO,MONICA DE LA CRUZ
2022,TX-34,TX,34,0.543848,true,,0.064352,0,-1,0.000000,0,-0.004935,true,VICENTE GONZALEZ,MAYRA FLORES
2022,VA-02,VA,2,0.482955,false,Democrat,0.024010,1,-1,0.000000,0,-0.004935,true,ELAINE G LURIA,JEN A KIGGANS
2022,IA-03,IA,3,0.496545,false,Democrat,0.001682,1,-1,0.000000,0,-0.004935,true,CYNTHIA AXNE,ZACH NUNN
2022,NV-01,NV,1,0.528757,true,Democrat,0.143725,1,-1,0.000000,0,-0.004935,true,DINA TITUS,MARK ROBERTSON
2022,OR-05,OR,5,0.489583,false,,0.029210,0,-1,0.000000,0,-0.004935,true,JAMIE MCLEOD-SKINNER,LORI CHAVEZ-DEREMER
2022,RI-02,RI,2,0.519097,true,,0.078204,0,-1,0.000000,0,-0.004935,true,SETH M MAGAZINER,ALLAN W FUNG
