Vote Number,Chamber,Date Created,Result,Category,Question,Passed,Link,Month,Month,Month,Month,Month,Month,Month,Month,Month,Month,Month,Month,Month,Month,Month,Month,Month,Month,Month,Month
165,House,6/11/2025,Passed,Passage,On Agreeing to the Resolution: H RES 499 Providing for consideration of the bill (H.R. 4) the Rescissions Act; and for other purposes,Yes,https://www.govtrack.us/congress/votes/119-2025/h165,2025-06,2025-06,2025-06,2025-06,2025-06,2025-06, , , , ,2025-06,2025-06,2025-06,2025-06,2025-06,2025-06,2025-06,2025-06,2025-06,2025-06
164,House,6/11/2025,Passed,Procedural,On Ordering the Previous Question: H RES 499 Providing for consideration of the bill (H.R. 4) the Rescissions Act; and for other purposes,Yes,https://www.govtrack.us/congress/votes/119-2025/h164,2025-06,2025-06,2025-06,2025-06,2025-06,2025-06, , , , ,2025-06,2025-06,2025-06,2025-06,2025-06,2025-06,2025-06,2025-06,2025-06,2025-06
305,Senate,6/11/2025,Cloture Motion Agreed to,Cloture,Motion to Invoke Cloture: Amdt. No. 2307 to S. 1582,Yes,https://www.govtrack.us/congress/votes/119-2025/s305,2025-06,2025-06,2025-06,2025-06,2025-06,2025-06, , , , ,2025-06,2025-06,2025-06,2025-06,2025-06,2025-06,2025-06,2025-06,2025-06,2025-06
304,Senate,6/11/2025,Cloture Motion Agreed to,Cloture,"Motion to Invoke Cloture: William Long to be Commissioner of Internal Revenue: William Long, of Missouri, to be Commissioner of Internal Revenue for the remainder of the term expiring November 12, 2027",Yes,https://www.govtrack.us/congress/votes/119-2025/s304,2025-06,2025-06,2025-06,2025-06,2025-06,2025-06, , , , ,2025-06,2025-06,2025-06,2025-06,2025-06,2025-06,2025-06,2025-06,2025-06,2025-06
163,House,6/10/2025,Passed,Passage,H.R. 884: To prohibit individuals who are not citizens of the United States from voting in elections in the District of Columbia and to repeal the Local Resident Voting Rights Amendment Act of 2022.,Yes,https://www.govtrack.us/congress/votes/119-2025/h163,2025-06,2025-06,2025-06,2025-06,2025-06,2025-06, , , , ,2025-06,2025-06,2025-06,2025-06,2025-06,2025-06,2025-06,2025-06,2025-06,2025-06
307,Senate,6/11/2025,Motion to Discharge Rejected,Procedural,On the Motion to Discharge S.J.Res. 54,No,https://www.govtrack.us/congress/votes/119-2025/s307,2025-06,2025-06,2025-06,2025-06,2025-06,2025-06, , , , ,2025-06,2025-06,2025-06,2025-06,2025-06,2025-06,2025-06,2025-06,2025-06,2025-06
306,Senate,6/11/2025,Motion to Discharge Rejected,Procedural,On the Motion to Discharge S.J.Res. 53,No,https://www.govtrack.us/congress/votes/119-2025/s306,2025-06,2025-06,2025-06,2025-06,2025-06,2025-06, , , , ,2025-06,2025-06,2025-06,2025-06,2025-06,2025-06,2025-06,2025-06,2025-06,2025-06
171,House,6/12/2025,Passed,Passage,H.R. 2056: District of Columbia Federal Immigration Compliance Act of 2025,Yes,https://www.govtrack.us/congress/votes/119-2025/h171,2025-06,2025-06,2025-06,2025-06,2025-06,2025-06, , , , ,2025-06,2025-06,2025-06,2025-06,2025-06,2025-06,2025-06,2025-06,2025-06,2025-06
170,House,6/12/2025,Failed,Procedural,On Motion to Recommit: H.R. 2056: District of Columbia Federal Immigration Compliance Act of 2025,No,https://www.govtrack.us/congress/votes/119-2025/h170,2025-06,2025-06,2025-06,2025-06,2025-06,2025-06, , , , ,2025-06,2025-06,2025-06,2025-06,2025-06,2025-06,2025-06,2025-06,2025-06,2025-06
169,House,6/12/2025,Failed,Procedural,On Motion to Adjourn,No,https://www.govtrack.us/congress/votes/119-2025/h169,2025-06,2025-06,2025-06,2025-06,2025-06,2025-06, , , , ,2025-06,2025-06,2025-06,2025-06,2025-06,2025-06,2025-06,2025-06,2025-06,2025-06
168,House,6/12/2025,Passed,Passage,H.R. 4: Rescissions Act of 2025,Yes,https://www.govtrack.us/congress/votes/119-2025/h168,2025-06,2025-06,2025-06,2025-06,2025-06,2025-06, , , , ,2025-06,2025-06,2025-06,2025-06,2025-06,2025-06,2025-06,2025-06,2025-06,2025-06
167,House,6/12/2025,Failed,Procedural,On Motion to Recommit: H.R. 4: Rescissions Act of 2025,No,https://www.govtrack.us/congress/votes/119-2025/h167,2025-06,2025-06,2025-06,2025-06,2025-06,2025-06, , , , ,2025-06,2025-06,2025-06,2025-06,2025-06,2025-06,2025-06,2025-06,2025-06,2025-06
313,Senate,6/16/2025,Cloture Motion Agreed to,Cloture,"Motion to Invoke Cloture: Gary Andres to be an Assistant Secretary of Health and Human Services: Gary Andres, of Virginia, to be an Assistant Secretary of Health and Human Services",Yes,https://www.govtrack.us/congress/votes/119-2025/s313,2025-06,2025-06,2025-06,2025-06,2025-06,2025-06, , , , ,2025-06,2025-06,2025-06,2025-06,2025-06,2025-06,2025-06,2025-06,2025-06,2025-06
318,Senate,6/17/2025,Bill Passed,Passage,S. 1582: GENIUS Act,Yes,https://www.govtrack.us/congress/votes/119-2025/s318,2025-06,2025-06,2025-06,2025-06,2025-06,2025-06, , , , ,2025-06,2025-06,2025-06,2025-06,2025-06,2025-06,2025-06,2025-06,2025-06,2025-06
317,Senate,6/17/2025,Nomination Confirmed,Nomination,"On the Nomination PN24-6: Olivia Trusty, of Maryland, to be a Member of the Federal Communications Commission for the remainder of the term expiring June 30, 2025",Yes,https://www.govtrack.us/congress/votes/119-2025/s317,2025-06,2025-06,2025-06,2025-06,2025-06,2025-06, , , , ,2025-06,2025-06,2025-06,2025-06,2025-06,2025-06,2025-06,2025-06,2025-06,2025-06
316,Senate,6/17/2025,Nomination Confirmed,Nomination,"On the Nomination PN25-1: Gary Andres, of Virginia, to be an Assistant Secretary of Health and Human Services",Yes,https://www.govtrack.us/congress/votes/119-2025/s316,2025-06,2025-06,2025-06,2025-06,2025-06,2025-06, , , , ,2025-06,2025-06,2025-06,2025-06,2025-06,2025-06,2025-06,2025-06,2025-06,2025-06
315,Senate,6/17/2025,Cloture Motion Agreed to,Cloture,"Motion to Invoke Cloture: Olivia Trusty to be a Member of the Federal Communications Commission (Reappointment): Olivia Trusty, of Maryland, to be a Member of the Federal Communications Commission for a term of five years from July 1, 2025",Yes,https://www.govtrack.us/congress/votes/119-2025/s315,2025-06,2025-06,2025-06,2025-06,2025-06,2025-06, , , , ,2025-06,2025-06,2025-06,2025-06,2025-06,2025-06,2025-06,2025-06,2025-06,2025-06
314,Senate,6/17/2025,Cloture Motion Agreed to,Cloture,"Motion to Invoke Cloture: Olivia Trusty to be a Member of the Federal Communications Commission: Olivia Trusty, of Maryland, to be a Member of the Federal Communications Commission for the remainder of the term expiring June 30, 2025",Yes,https://www.govtrack.us/congress/votes/119-2025/s314,2025-06,2025-06,2025-06,2025-06,2025-06,2025-06, , , , ,2025-06,2025-06,2025-06,2025-06,2025-06,2025-06,2025-06,2025-06,2025-06,2025-06
321,Senate,6/18/2025,Nomination Confirmed,Nomination,"On the Nomination PN12-40: Rodney Scott, of Oklahoma, to be Commissioner of U.S. Customs and Border Protection, Department of Homeland Security",Yes,https://www.govtrack.us/congress/votes/119-2025/s321,2025-06,2025-06,2025-06,2025-06,2025-06,2025-06, , , , ,2025-06,2025-06,2025-06,2025-06,2025-06,2025-06,2025-06,2025-06,2025-06,2025-06
320,Senate,6/18/2025,Nomination Confirmed,Nomination,"On the Nomination PN24-7: Olivia Trusty, of Maryland, to be a Member of the Federal Communications Commission for a term of five years from July 1, 2025",Yes,https://www.govtrack.us/congress/votes/119-2025/s320,2025-06,2025-06,2025-06,2025-06,2025-06,2025-06, , , , ,2025-06,2025-06,2025-06,2025-06,2025-06,2025-06,2025-06,2025-06,2025-06,2025-06
319,Senate,6/18/2025,Cloture Motion Agreed to,Cloture,"Motion to Invoke Cloture: Rodney Scott to be Commissioner of U.S. Customs and Border Protection, Department of Homeland Security: Rodney Scott, of Oklahoma, to be Commissioner of U.S. Customs and Border Protection, Department of Homeland Security",Yes,https://www.govtrack.us/congress/votes/119-2025/s319,2025-06,2025-06,2025-06,2025-06,2025-06,2025-06, , , , ,2025-06,2025-06,2025-06,2025-06,2025-06,2025-06,2025-06,2025-06,2025-06,2025-06
174,House,6/23/2025,Passed,Passage under Suspension,H.R. 3422: Promoting Opportunities for Non-Traditional Capital Formation Act,Yes,https://www.govtrack.us/congress/votes/119-2025/h174,2025-06,2025-06,2025-06,2025-06,2025-06,2025-06, , , , ,2025-06,2025-06,2025-06,2025-06,2025-06,2025-06,2025-06,2025-06,2025-06,2025-06
173,House,6/23/2025,Passed,Passage under Suspension,H.R. 3394: Fair Investment Opportunities for Professional Experts Act,Yes,https://www.govtrack.us/congress/votes/119-2025/h173,2025-06,2025-06,2025-06,2025-06,2025-06,2025-06, , , , ,2025-06,2025-06,2025-06,2025-06,2025-06,2025-06,2025-06,2025-06,2025-06,2025-06
172,House,6/23/2025,Passed,Passage under Suspension,H.R. 1998: Sanction Sea Pirates Act of 2025,Yes,https://www.govtrack.us/congress/votes/119-2025/h172,2025-06,2025-06,2025-06,2025-06,2025-06,2025-06, , , , ,2025-06,2025-06,2025-06,2025-06,2025-06,2025-06,2025-06,2025-06,2025-06,2025-06
322,Senate,6/23/2025,Cloture Motion Agreed to,Cloture,"Motion to Invoke Cloture: Daniel Zimmerman to be an Assistant Secretary of Defense: Daniel Zimmerman, of North Carolina, to be an Assistant Secretary of Defense",Yes,https://www.govtrack.us/congress/votes/119-2025/s322,2025-06,2025-06,2025-06,2025-06,2025-06,2025-06, , , , ,2025-06,2025-06,2025-06,2025-06,2025-06,2025-06,2025-06,2025-06,2025-06,2025-06
324,Senate,6/24/2025,Cloture Motion Agreed to,Cloture,"Motion to Invoke Cloture: Paul Dabbar to be Deputy Secretary of Commerce: Paul Dabbar, of New York, to be Deputy Secretary of Commerce",Yes,https://www.govtrack.us/congress/votes/119-2025/s324,2025-06,2025-06,2025-06,2025-06,2025-06,2025-06, , , , ,2025-06,2025-06,2025-06,2025-06,2025-06,2025-06,2025-06,2025-06,2025-06,2025-06
178,House,6/24/2025,Failed,Procedural,On Motion to Adjourn,No,https://www.govtrack.us/congress/votes/119-2025/h178,2025-06,2025-06,2025-06,2025-06,2025-06,2025-06, , , , ,2025-06,2025-06,2025-06,2025-06,2025-06,2025-06,2025-06,2025-06,2025-06,2025-06
323,Senate,6/24/2025,Nomination Confirmed,Nomination,"On the Nomination PN26-50: Daniel Zimmerman, of North Carolina, to be an Assistant Secretary of Defense",Yes,https://www.govtrack.us/congress/votes/119-2025/s323,2025-06,2025-06,2025-06,2025-06,2025-06,2025-06, , , , ,2025-06,2025-06,2025-06,2025-06,2025-06,2025-06,2025-06,2025-06,2025-06,2025-06
177,House,6/24/2025,Passed,Passage,"H.Res. 530: Providing for consideration of the bill (H.R. 3944) making appropriations for military construction, the Department of Veterans Affairs, and related agencies for the fiscal year ending September 30, 2026, and for other purposes; providing for",Yes,https://www.govtrack.us/congress/votes/119-2025/h177,2025-06,2025-06,2025-06,2025-06,2025-06,2025-06, , , , ,2025-06,2025-06,2025-06,2025-06,2025-06,2025-06,2025-06,2025-06,2025-06,2025-06
176,House,6/24/2025,Passed,Procedural,"On Ordering the Previous Question: H.Res. 530: Providing for consideration of the bill (H.R. 3944) making appropriations for military construction, …",Yes,https://www.govtrack.us/congress/votes/119-2025/h176,2025-06,2025-06,2025-06,2025-06,2025-06,2025-06, , , , ,2025-06,2025-06,2025-06,2025-06,2025-06,2025-06,2025-06,2025-06,2025-06,2025-06
182,House,6/25/2025,Passed,Passage,"H.R. 3944: Military Construction, Veterans Affairs, and Related Agencies Appropriations Act, 2026",Yes,https://www.govtrack.us/congress/votes/119-2025/h182,2025-06,2025-06,2025-06,2025-06,2025-06,2025-06, , , , ,2025-06,2025-06,2025-06,2025-06,2025-06,2025-06,2025-06,2025-06,2025-06,2025-06
181,House,6/25/2025,Failed,Procedural,"On Motion to Recommit: H.R. 3944: Military Construction, Veterans Affairs, and Related Agencies Appropriations Act, 2026",No,https://www.govtrack.us/congress/votes/119-2025/h181,2025-06,2025-06,2025-06,2025-06,2025-06,2025-06, , , , ,2025-06,2025-06,2025-06,2025-06,2025-06,2025-06,2025-06,2025-06,2025-06,2025-06
326,Senate,6/25/2025,Cloture Motion Agreed to,Cloture,"Motion to Invoke Cloture: Kenneth Kies to be an Assistant Secretary of the Treasury: Kenneth Kies, of Virginia, to be an Assistant Secretary of the Treasury",Yes,https://www.govtrack.us/congress/votes/119-2025/s326,2025-06,2025-06,2025-06,2025-06,2025-06,2025-06, , , , ,2025-06,2025-06,2025-06,2025-06,2025-06,2025-06,2025-06,2025-06,2025-06,2025-06
180,House,6/25/2025,Agreed to,Amendment,On Agreeing to the Amendment: Amendment 2 to H R 3944,Yes,https://www.govtrack.us/congress/votes/119-2025/h180,2025-06,2025-06,2025-06,2025-06,2025-06,2025-06, , , , ,2025-06,2025-06,2025-06,2025-06,2025-06,2025-06,2025-06,2025-06,2025-06,2025-06
179,House,6/25/2025,Passed,Passage under Suspension,"H.Res. 519: Condemning the attacks on Minnesota lawmakers in Brooklyn Park and Champlin, Minnesota, and calling for unity and the rejection of political violence in Minnesota and across the United States.",Yes,https://www.govtrack.us/congress/votes/119-2025/h179,2025-06,2025-06,2025-06,2025-06,2025-06,2025-06, , , , ,2025-06,2025-06,2025-06,2025-06,2025-06,2025-06,2025-06,2025-06,2025-06,2025-06
327,Senate,6/26/2025,Nomination Confirmed,Nomination,"On the Nomination PN13-7: Kenneth Kies, of Virginia, to be an Assistant Secretary of the Treasury",Yes,https://www.govtrack.us/congress/votes/119-2025/s327,2025-06,2025-06,2025-06,2025-06,2025-06,2025-06, , , , ,2025-06,2025-06,2025-06,2025-06,2025-06,2025-06,2025-06,2025-06,2025-06,2025-06
184,House,6/26/2025,Passed,Passage,H.R. 275: Special Interest Alien Reporting Act of 2025,Yes,https://www.govtrack.us/congress/votes/119-2025/h184,2025-06,2025-06,2025-06,2025-06,2025-06,2025-06, , , , ,2025-06,2025-06,2025-06,2025-06,2025-06,2025-06,2025-06,2025-06,2025-06,2025-06
183,House,6/26/2025,Passed,Passage,H.R. 875: Jeremy and Angel Seay and Sergeant Brandon Mendoza Protect Our Communities from DUIs Act of 2025,Yes,https://www.govtrack.us/congress/votes/119-2025/h183,2025-06,2025-06,2025-06,2025-06,2025-06,2025-06, , , , ,2025-06,2025-06,2025-06,2025-06,2025-06,2025-06,2025-06,2025-06,2025-06,2025-06
328,Senate,6/27/2025,Motion to Discharge Rejected,Procedural,On the Motion to Discharge S.J.Res. 59,No,https://www.govtrack.us/congress/votes/119-2025/s328,2025-06,2025-06,2025-06,2025-06,2025-06,2025-06, , , , ,2025-06,2025-06,2025-06,2025-06,2025-06,2025-06,2025-06,2025-06,2025-06,2025-06
185,House,6/27/2025,Passed,Passage,"H.Res. 516: Condemning the violent June 2025 riots in Los Angeles, California.",Yes,https://www.govtrack.us/congress/votes/119-2025/h185,2025-06,2025-06,2025-06,2025-06,2025-06,2025-06, , , , ,2025-06,2025-06,2025-06,2025-06,2025-06,2025-06,2025-06,2025-06,2025-06,2025-06
329,Senate,6/28/2025,Motion to Proceed Agreed to,Procedural,Motion to Proceed on H.R. 1: One Big Beautiful Bill Act,Yes,https://www.govtrack.us/congress/votes/119-2025/s329,2025-06,2025-06,2025-06,2025-06,2025-06,2025-06, , , , ,2025-06,2025-06,2025-06,2025-06,2025-06,2025-06,2025-06,2025-06,2025-06,2025-06
354,Senate,7/1/2025,Motion Rejected,Procedural,On the Motion (Bennet Motion to Commit H.R. 1 to the Committee on Finance with Instructions),No,https://www.govtrack.us/congress/votes/119-2025/s354,2025-07,2025-07,2025-07,2025-07,2025-07,2025-07, , , , ,2025-07,2025-07,2025-07,2025-07,2025-07,2025-07,2025-07,2025-07,2025-07,2025-07
364,Senate,7/1/2025,Amendment Rejected,Amendment,On the Amendment S.Amdt. 2717 to S.Amdt. 2360 to H.R. 1 (No short title on file),No,https://www.govtrack.us/congress/votes/119-2025/s364,2025-07,2025-07,2025-07,2025-07,2025-07,2025-07, , , , ,2025-07,2025-07,2025-07,2025-07,2025-07,2025-07,2025-07,2025-07,2025-07,2025-07
363,Senate,7/1/2025,Amendment Agreed to,Amendment,On the Amendment S.Amdt. 2814 to S.Amdt. 2360 to H.R. 1 (No short title on file),Yes,https://www.govtrack.us/congress/votes/119-2025/s363,2025-07,2025-07,2025-07,2025-07,2025-07,2025-07, , , , ,2025-07,2025-07,2025-07,2025-07,2025-07,2025-07,2025-07,2025-07,2025-07,2025-07
362,Senate,7/1/2025,Amendment Rejected,Amendment,S.Amdt. 2435 (Sanders) to H.R. 1,No,https://www.govtrack.us/congress/votes/119-2025/s362,2025-07,2025-07,2025-07,2025-07,2025-07,2025-07, , , , ,2025-07,2025-07,2025-07,2025-07,2025-07,2025-07,2025-07,2025-07,2025-07,2025-07
361,Senate,7/1/2025,Amendment Rejected,Amendment,On the Amendment S.Amdt. 2817 to S.Amdt. 2360 to H.R. 1 (No short title on file),No,https://www.govtrack.us/congress/votes/119-2025/s361,2025-07,2025-07,2025-07,2025-07,2025-07,2025-07, , , , ,2025-07,2025-07,2025-07,2025-07,2025-07,2025-07,2025-07,2025-07,2025-07,2025-07
372,Senate,7/1/2025,Bill Passed,Passage,H.R. 1: One Big Beautiful Bill Act,Yes,https://www.govtrack.us/congress/votes/119-2025/s372,2025-07,2025-07,2025-07,2025-07,2025-07,2025-07, , , , ,2025-07,2025-07,2025-07,2025-07,2025-07,2025-07,2025-07,2025-07,2025-07,2025-07
371,Senate,7/1/2025,Amendment Agreed to,Amendment,S.Amdt. 2360 (Graham) to H.R. 1: In the nature of a substitute.,Yes,https://www.govtrack.us/congress/votes/119-2025/s371,2025-07,2025-07,2025-07,2025-07,2025-07,2025-07, , , , ,2025-07,2025-07,2025-07,2025-07,2025-07,2025-07,2025-07,2025-07,2025-07,2025-07
370,Senate,7/1/2025,Amendment Agreed to,Amendment,On the Amendment S.Amdt. 2848 to S.Amdt. 2360 to H.R. 1 (No short title on file),Yes,https://www.govtrack.us/congress/votes/119-2025/s370,2025-07,2025-07,2025-07,2025-07,2025-07,2025-07, , , , ,2025-07,2025-07,2025-07,2025-07,2025-07,2025-07,2025-07,2025-07,2025-07,2025-07
369,Senate,7/1/2025,Amendment Rejected,Amendment,On the Amendment S.Amdt. 2849 to S.Amdt. 2848 to S.Amdt. 2360 to H.R. 1,No,https://www.govtrack.us/congress/votes/119-2025/s369,2025-07,2025-07,2025-07,2025-07,2025-07,2025-07, , , , ,2025-07,2025-07,2025-07,2025-07,2025-07,2025-07,2025-07,2025-07,2025-07,2025-07
189,House,7/3/2025,Passed,Passage,"On Agreeing to the Resolution, as Amended: H RES 566 Providing for consideration of the Senate amendment to the bill (H.R. 1) to provide for reconciliation pursuant to title II of H. Con. Res. 14",Yes,https://www.govtrack.us/congress/votes/119-2025/h189,2025-07,2025-07,2025-07,2025-07,2025-07,2025-07, , , , ,2025-07,2025-07,2025-07,2025-07,2025-07,2025-07,2025-07,2025-07,2025-07,2025-07
188,House,7/2/2025,Agreed to,Amendment,On Agreeing to the Amendment: Amendment 1 to H RES 566,Yes,https://www.govtrack.us/congress/votes/119-2025/h188,2025-07,2025-07,2025-07,2025-07,2025-07,2025-07, , , , ,2025-07,2025-07,2025-07,2025-07,2025-07,2025-07,2025-07,2025-07,2025-07,2025-07
187,House,7/2/2025,Passed,Procedural,On Ordering the Previous Question: H RES 566 Providing for consideration of the Senate amendment to the bill (H.R. 1) to provide for reconciliation pursuant to title II of H. Con. Res. 14,Yes,https://www.govtrack.us/congress/votes/119-2025/h187,2025-07,2025-07,2025-07,2025-07,2025-07,2025-07, , , , ,2025-07,2025-07,2025-07,2025-07,2025-07,2025-07,2025-07,2025-07,2025-07,2025-07
186,House,7/2/2025,Passed,Procedural,On Consideration of the Resolution: H RES 566 Providing for consideration of the Senate amendment to the bill (H.R. 1) to provide for reconciliation pursuant to title II of H. Con. Res. 14,Yes,https://www.govtrack.us/congress/votes/119-2025/h186,2025-07,2025-07,2025-07,2025-07,2025-07,2025-07, , , , ,2025-07,2025-07,2025-07,2025-07,2025-07,2025-07,2025-07,2025-07,2025-07,2025-07
190,House,7/3/2025,Passed,Passage,H.R. 1: One Big Beautiful Bill Act,Yes,https://www.govtrack.us/congress/votes/119-2025/h190,2025-07,2025-07,2025-07,2025-07,2025-07,2025-07, , , , ,2025-07,2025-07,2025-07,2025-07,2025-07,2025-07,2025-07,2025-07,2025-07,2025-07
374,Senate,7/8/2025,Cloture Motion Agreed to,Cloture,"Motion to Invoke Cloture: Bryan Bedford to be Administrator of the Federal Aviation Administration: Bryan Bedford, of Indiana, to be Administrator of the Federal Aviation Administration for the term of five years",Yes,https://www.govtrack.us/congress/votes/119-2025/s374,2025-07,2025-07,2025-07,2025-07,2025-07,2025-07, , , , ,2025-07,2025-07,2025-07,2025-07,2025-07,2025-07,2025-07,2025-07,2025-07,2025-07
373,Senate,7/8/2025,Cloture Motion Agreed to,Cloture,"Motion to Invoke Cloture: Preston Griffith to be Under Secrerary of Energy: Preston Griffith, of Virginia, to be Under Secretary of Energy",Yes,https://www.govtrack.us/congress/votes/119-2025/s373,2025-07,2025-07,2025-07,2025-07,2025-07,2025-07, , , , ,2025-07,2025-07,2025-07,2025-07,2025-07,2025-07,2025-07,2025-07,2025-07,2025-07
380,Senate,7/9/2025,Nomination Confirmed,Nomination,"On the Nomination PN13-3: William Briggs, of Texas, to be Deputy Administrator of the Small Business Administration",Yes,https://www.govtrack.us/congress/votes/119-2025/s380,2025-07,2025-07,2025-07,2025-07,2025-07,2025-07, , , , ,2025-07,2025-07,2025-07,2025-07,2025-07,2025-07,2025-07,2025-07,2025-07,2025-07
379,Senate,7/9/2025,Nomination Confirmed,Nomination,"On the Nomination PN12-24: Scott Kupor, of California, to be Director of the Office of Personnel Management for a term of four years",Yes,https://www.govtrack.us/congress/votes/119-2025/s379,2025-07,2025-07,2025-07,2025-07,2025-07,2025-07, , , , ,2025-07,2025-07,2025-07,2025-07,2025-07,2025-07,2025-07,2025-07,2025-07,2025-07
378,Senate,7/9/2025,Cloture Motion Agreed to,Cloture,"Motion to Invoke Cloture: William Briggs to be Deputy Administrator of the Small Business Administration: William Briggs, of Texas, to be Deputy Administrator of the Small Business Administration",Yes,https://www.govtrack.us/congress/votes/119-2025/s378,2025-07,2025-07,2025-07,2025-07,2025-07,2025-07, , , , ,2025-07,2025-07,2025-07,2025-07,2025-07,2025-07,2025-07,2025-07,2025-07,2025-07
377,Senate,7/9/2025,Nomination Confirmed,Nomination,"On the Nomination PN55-6: Bryan Bedford, of Indiana, to be Administrator of the Federal Aviation Administration for the term of five years",Yes,https://www.govtrack.us/congress/votes/119-2025/s377,2025-07,2025-07,2025-07,2025-07,2025-07,2025-07, , , , ,2025-07,2025-07,2025-07,2025-07,2025-07,2025-07,2025-07,2025-07,2025-07,2025-07
376,Senate,7/9/2025,Cloture Motion Agreed to,Cloture,"Motion to Invoke Cloture: Scott Kupor to be Director of the Office of Personnel Management: Scott Kupor, of California, to be Director of the Office of Personnel Management for a term of four years",Yes,https://www.govtrack.us/congress/votes/119-2025/s376,2025-07,2025-07,2025-07,2025-07,2025-07,2025-07, , , , ,2025-07,2025-07,2025-07,2025-07,2025-07,2025-07,2025-07,2025-07,2025-07,2025-07
383,Senate,7/10/2025,Nomination Confirmed,Nomination,"On the Nomination PN25-15: Jonathan Gould, of Virginia, to be Comptroller of the Currency for a term of five years",Yes,https://www.govtrack.us/congress/votes/119-2025/s383,2025-07,2025-07,2025-07,2025-07,2025-07,2025-07, , , , ,2025-07,2025-07,2025-07,2025-07,2025-07,2025-07,2025-07,2025-07,2025-07,2025-07
382,Senate,7/10/2025,Cloture Motion Agreed to,Cloture,"Motion to Invoke Cloture: Whitney D. Hermandorfer to be U.S. Circuit Judge for the Sixth Circuit: Whitney D. Hermandorfer, of Tennessee, to be United States Circuit Judge for the Sixth Circuit",Yes,https://www.govtrack.us/congress/votes/119-2025/s382,2025-07,2025-07,2025-07,2025-07,2025-07,2025-07, , , , ,2025-07,2025-07,2025-07,2025-07,2025-07,2025-07,2025-07,2025-07,2025-07,2025-07
381,Senate,7/10/2025,Cloture Motion Agreed to,Cloture,"Motion to Invoke Cloture: Jonathan Gould to be Comptroller of the Currency: Jonathan Gould, of Virginia, to be Comptroller of the Currency for a term of five years",Yes,https://www.govtrack.us/congress/votes/119-2025/s381,2025-07,2025-07,2025-07,2025-07,2025-07,2025-07, , , , ,2025-07,2025-07,2025-07,2025-07,2025-07,2025-07,2025-07,2025-07,2025-07,2025-07
193,House,7/14/2025,Passed,Passage under Suspension,S. 1596: Jocelyn Nungaray National Wildlife Refuge Act,Yes,https://www.govtrack.us/congress/votes/119-2025/h193,2025-07,2025-07,2025-07,2025-07,2025-07,2025-07, , , , ,2025-07,2025-07,2025-07,2025-07,2025-07,2025-07,2025-07,2025-07,2025-07,2025-07
192,House,7/14/2025,Passed,Passage under Suspension,H.R. 1770: Consumer Safety Technology Act,Yes,https://www.govtrack.us/congress/votes/119-2025/h192,2025-07,2025-07,2025-07,2025-07,2025-07,2025-07, , , , ,2025-07,2025-07,2025-07,2025-07,2025-07,2025-07,2025-07,2025-07,2025-07,2025-07
191,House,7/14/2025,Passed,Passage under Suspension,H.R. 1709: Understanding Cybersecurity of Mobile Networks Act,Yes,https://www.govtrack.us/congress/votes/119-2025/h191,2025-07,2025-07,2025-07,2025-07,2025-07,2025-07, , , , ,2025-07,2025-07,2025-07,2025-07,2025-07,2025-07,2025-07,2025-07,2025-07,2025-07
385,Senate,7/14/2025,Cloture Motion Agreed to,Cloture,"Motion to Invoke Cloture: Luke Pettit to be an Assistant Secretary of the Treasury : Luke Pettit, of the District of Columbia, to be an Assistant Secretary of the Treasury",Yes,https://www.govtrack.us/congress/votes/119-2025/s385,2025-07,2025-07,2025-07,2025-07,2025-07,2025-07, , , , ,2025-07,2025-07,2025-07,2025-07,2025-07,2025-07,2025-07,2025-07,2025-07,2025-07
384,Senate,7/14/2025,Nomination Confirmed,Nomination,"On the Nomination PN150-3: Whitney D. Hermandorfer, of Tennessee, to be United States Circuit Judge for the Sixth Circuit",Yes,https://www.govtrack.us/congress/votes/119-2025/s384,2025-07,2025-07,2025-07,2025-07,2025-07,2025-07, , , , ,2025-07,2025-07,2025-07,2025-07,2025-07,2025-07,2025-07,2025-07,2025-07,2025-07
392,Senate,7/15/2025,Motion to Proceed Agreed to,Procedural,Motion to Proceed on H.R. 4: Rescissions Act of 2025,Yes,https://www.govtrack.us/congress/votes/119-2025/s392,2025-07,2025-07,2025-07,2025-07,2025-07,2025-07, , , , ,2025-07,2025-07,2025-07,2025-07,2025-07,2025-07,2025-07,2025-07,2025-07,2025-07
391,Senate,7/15/2025,Motion to Discharge Agreed to,Procedural,On the Motion to Discharge H.R. 4,Yes,https://www.govtrack.us/congress/votes/119-2025/s391,2025-07,2025-07,2025-07,2025-07,2025-07,2025-07, , , , ,2025-07,2025-07,2025-07,2025-07,2025-07,2025-07,2025-07,2025-07,2025-07,2025-07
390,Senate,7/15/2025,Nomination Confirmed,Nomination,"On the Nomination PN26-15: Joseph Edlow, of Maryland, to be Director of United States Citizenship and Immigration Services, Department of Homeland Security",Yes,https://www.govtrack.us/congress/votes/119-2025/s390,2025-07,2025-07,2025-07,2025-07,2025-07,2025-07, , , , ,2025-07,2025-07,2025-07,2025-07,2025-07,2025-07,2025-07,2025-07,2025-07,2025-07
389,Senate,7/15/2025,Cloture Motion Agreed to,Cloture,"Motion to Invoke Cloture: Joseph Edlow to be Director of U.S. Citizenship and Immigration Services, Department of Homeland Security: Joseph Edlow, of Maryland, to be Director of United States Citizenship and Immigration Services, Department of Homeland Security",Yes,https://www.govtrack.us/congress/votes/119-2025/s389,2025-07,2025-07,2025-07,2025-07,2025-07,2025-07, , , , ,2025-07,2025-07,2025-07,2025-07,2025-07,2025-07,2025-07,2025-07,2025-07,2025-07
196,House,7/15/2025,Passed,Passage under Suspension,H.R. 1717: Communications Security Act,Yes,https://www.govtrack.us/congress/votes/119-2025/h196,2025-07,2025-07,2025-07,2025-07,2025-07,2025-07, , , , ,2025-07,2025-07,2025-07,2025-07,2025-07,2025-07,2025-07,2025-07,2025-07,2025-07
411,Senate,7/16/2025,Bill Passed,Passage,H.R. 4: Rescissions Act of 2025,Yes,https://www.govtrack.us/congress/votes/119-2025/s411,2025-07,2025-07,2025-07,2025-07,2025-07,2025-07, , , , ,2025-07,2025-07,2025-07,2025-07,2025-07,2025-07,2025-07,2025-07,2025-07,2025-07
410,Senate,7/16/2025,Amendment Agreed to,Amendment,S.Amdt. 2853 (Schmitt) to H.R. 4: In the nature of a substitute.,Yes,https://www.govtrack.us/congress/votes/119-2025/s410,2025-07,2025-07,2025-07,2025-07,2025-07,2025-07, , , , ,2025-07,2025-07,2025-07,2025-07,2025-07,2025-07,2025-07,2025-07,2025-07,2025-07
409,Senate,7/16/2025,Amendment Rejected,Amendment,On the Amendment S.Amdt. 2863 to S.Amdt. 2853 to H.R. 4 (No short title on file),No,https://www.govtrack.us/congress/votes/119-2025/s409,2025-07,2025-07,2025-07,2025-07,2025-07,2025-07, , , , ,2025-07,2025-07,2025-07,2025-07,2025-07,2025-07,2025-07,2025-07,2025-07,2025-07
408,Senate,7/16/2025,Amendment Rejected,Amendment,On the Amendment S.Amdt. 2896 to S.Amdt. 2853 to H.R. 4 (No short title on file),No,https://www.govtrack.us/congress/votes/119-2025/s408,2025-07,2025-07,2025-07,2025-07,2025-07,2025-07, , , , ,2025-07,2025-07,2025-07,2025-07,2025-07,2025-07,2025-07,2025-07,2025-07,2025-07
407,Senate,7/16/2025,Amendment Rejected,Amendment,On the Amendment S.Amdt. 2898 to S.Amdt. 2853 to H.R. 4 (No short title on file),No,https://www.govtrack.us/congress/votes/119-2025/s407,2025-07,2025-07,2025-07,2025-07,2025-07,2025-07, , , , ,2025-07,2025-07,2025-07,2025-07,2025-07,2025-07,2025-07,2025-07,2025-07,2025-07
212,House,7/17/2025,Passed,Passage,"H.R. 4016: Department of Defense Appropriations Act, 2026",Yes,https://www.govtrack.us/congress/votes/119-2025/h212,2025-07,2025-07,2025-07,2025-07,2025-07,2025-07, , , , ,2025-07,2025-07,2025-07,2025-07,2025-07,2025-07,2025-07,2025-07,2025-07,2025-07
211,House,7/17/2025,Failed,Procedural,"On Motion to Recommit: H.R. 4016: Department of Defense Appropriations Act, 2026",No,https://www.govtrack.us/congress/votes/119-2025/h211,2025-07,2025-07,2025-07,2025-07,2025-07,2025-07, , , , ,2025-07,2025-07,2025-07,2025-07,2025-07,2025-07,2025-07,2025-07,2025-07,2025-07
210,House,7/17/2025,Failed,Amendment,On Agreeing to the Amendment: Amendment 18 to H R 4016,No,https://www.govtrack.us/congress/votes/119-2025/h210,2025-07,2025-07,2025-07,2025-07,2025-07,2025-07, , , , ,2025-07,2025-07,2025-07,2025-07,2025-07,2025-07,2025-07,2025-07,2025-07,2025-07
209,House,7/17/2025,Failed,Amendment,On Agreeing to the Amendment: Amendment 15 to H R 4016,No,https://www.govtrack.us/congress/votes/119-2025/h209,2025-07,2025-07,2025-07,2025-07,2025-07,2025-07, , , , ,2025-07,2025-07,2025-07,2025-07,2025-07,2025-07,2025-07,2025-07,2025-07,2025-07
208,House,7/17/2025,Failed,Amendment,On Agreeing to the Amendment: Amendment 14 to H R 4016,No,https://www.govtrack.us/congress/votes/119-2025/h208,2025-07,2025-07,2025-07,2025-07,2025-07,2025-07, , , , ,2025-07,2025-07,2025-07,2025-07,2025-07,2025-07,2025-07,2025-07,2025-07,2025-07
214,House,7/21/2025,Passed,Passage under Suspension,H.R. 3351: Improving Access to Small Business Information Act,Yes,https://www.govtrack.us/congress/votes/119-2025/h214,2025-07,2025-07,2025-07,2025-07,2025-07,2025-07, , , , ,2025-07,2025-07,2025-07,2025-07,2025-07,2025-07,2025-07,2025-07,2025-07,2025-07
213,House,7/21/2025,Passed,Passage under Suspension,"H.R. 3095: To direct the United States Postal Service to designate single, unique ZIP Codes for certain communities, and for other purposes.",Yes,https://www.govtrack.us/congress/votes/119-2025/h213,2025-07,2025-07,2025-07,2025-07,2025-07,2025-07, , , , ,2025-07,2025-07,2025-07,2025-07,2025-07,2025-07,2025-07,2025-07,2025-07,2025-07
418,Senate,7/21/2025,Cloture Motion Agreed to,Cloture,"Motion to Invoke Cloture: Terrance Cole to be Administrator of Drug Enforcement: Terrance Cole, of Virginia, to be Administrator of Drug Enforcement",Yes,https://www.govtrack.us/congress/votes/119-2025/s418,2025-07,2025-07,2025-07,2025-07,2025-07,2025-07, , , , ,2025-07,2025-07,2025-07,2025-07,2025-07,2025-07,2025-07,2025-07,2025-07,2025-07
425,Senate,7/22/2025,Nomination Confirmed,Nomination,"On the Nomination PN22-7: Bradley Hansell, of Virginia, to be Under Secretary of Defense for Intelligence and Security",Yes,https://www.govtrack.us/congress/votes/119-2025/s425,2025-07,2025-07,2025-07,2025-07,2025-07,2025-07, , , , ,2025-07,2025-07,2025-07,2025-07,2025-07,2025-07,2025-07,2025-07,2025-07,2025-07
424,Senate,7/22/2025,Nomination Confirmed,Nomination,"On the Nomination PN26-27: Aaron Lukas, of Arkansas, to be Principal Deputy Director of National Intelligence",Yes,https://www.govtrack.us/congress/votes/119-2025/s424,2025-07,2025-07,2025-07,2025-07,2025-07,2025-07, , , , ,2025-07,2025-07,2025-07,2025-07,2025-07,2025-07,2025-07,2025-07,2025-07,2025-07
423,Senate,7/22/2025,Cloture on the Motion to Proceed Agreed to,Cloture,Motion to Invoke Cloture: Motion to Proceed to H.R. 3944,Yes,https://www.govtrack.us/congress/votes/119-2025/s423,2025-07,2025-07,2025-07,2025-07,2025-07,2025-07, , , , ,2025-07,2025-07,2025-07,2025-07,2025-07,2025-07,2025-07,2025-07,2025-07,2025-07
216,House,7/22/2025,Passed,Passage under Suspension,H.R. 1917: Great Lakes Mass Marking Program Act of 2025,Yes,https://www.govtrack.us/congress/votes/119-2025/h216,2025-07,2025-07,2025-07,2025-07,2025-07,2025-07, , , , ,2025-07,2025-07,2025-07,2025-07,2025-07,2025-07,2025-07,2025-07,2025-07,2025-07
215,House,7/22/2025,Passed,Passage under Suspension,H.R. 3937: Wabeno Economic Development Act,Yes,https://www.govtrack.us/congress/votes/119-2025/h215,2025-07,2025-07,2025-07,2025-07,2025-07,2025-07, , , , ,2025-07,2025-07,2025-07,2025-07,2025-07,2025-07,2025-07,2025-07,2025-07,2025-07
433,Senate,7/23/2025,Cloture Motion Agreed to,Cloture,"Motion to Invoke Cloture: Matthew Lohmmeier to be Under Secretary of the Air Force: Matthew Lohmeier, of Arizona, to be Under Secretary of the Air Force",Yes,https://www.govtrack.us/congress/votes/119-2025/s433,2025-07,2025-07,2025-07,2025-07,2025-07,2025-07, , , , ,2025-07,2025-07,2025-07,2025-07,2025-07,2025-07,2025-07,2025-07,2025-07,2025-07
432,Senate,7/23/2025,Nomination Confirmed,Nomination,"On the Nomination PN25-53: Aaron Szabo, of Virginia, to be an Assistant Administrator of the Environmental Protection Agency",Yes,https://www.govtrack.us/congress/votes/119-2025/s432,2025-07,2025-07,2025-07,2025-07,2025-07,2025-07, , , , ,2025-07,2025-07,2025-07,2025-07,2025-07,2025-07,2025-07,2025-07,2025-07,2025-07
431,Senate,7/23/2025,Cloture Motion Agreed to,Cloture,"Motion to Invoke Cloture: Aaron Szabo to be an Assistant Administrator of the Environmental Protection Agency: Aaron Szabo, of Virginia, to be an Assistant Administrator of the Environmental Protection Agency",Yes,https://www.govtrack.us/congress/votes/119-2025/s431,2025-07,2025-07,2025-07,2025-07,2025-07,2025-07, , , , ,2025-07,2025-07,2025-07,2025-07,2025-07,2025-07,2025-07,2025-07,2025-07,2025-07
430,Senate,7/23/2025,Nomination Confirmed,Nomination,"On the Nomination PN150-1: Zachary M. Bluestone, of Missouri, to be United States District Judge for the Eastern District of Missouri",Yes,https://www.govtrack.us/congress/votes/119-2025/s430,2025-07,2025-07,2025-07,2025-07,2025-07,2025-07, , , , ,2025-07,2025-07,2025-07,2025-07,2025-07,2025-07,2025-07,2025-07,2025-07,2025-07
218,House,7/23/2025,Passed,Passage under Suspension,H.R. 4275: Coast Guard Authorization Act of 2025,Yes,https://www.govtrack.us/congress/votes/119-2025/h218,2025-07,2025-07,2025-07,2025-07,2025-07,2025-07, , , , ,2025-07,2025-07,2025-07,2025-07,2025-07,2025-07,2025-07,2025-07,2025-07,2025-07
437,Senate,7/24/2025,Cloture Motion Agreed to,Cloture,"Motion to Invoke Cloture: Emil J. Bove III to be U.S. Circuit Judge for the Third Circuit: Emil J. Bove III, of Pennsylvania, to be United States Circuit Judge for the Third Circuit",Yes,https://www.govtrack.us/congress/votes/119-2025/s437,2025-07,2025-07,2025-07,2025-07,2025-07,2025-07, , , , ,2025-07,2025-07,2025-07,2025-07,2025-07,2025-07,2025-07,2025-07,2025-07,2025-07
436,Senate,7/24/2025,Nomination Confirmed,Nomination,"On the Nomination PN25-54: Richard Topping, of Ohio, to be Chief Financial Officer, Department of Veterans Affairs",Yes,https://www.govtrack.us/congress/votes/119-2025/s436,2025-07,2025-07,2025-07,2025-07,2025-07,2025-07, , , , ,2025-07,2025-07,2025-07,2025-07,2025-07,2025-07,2025-07,2025-07,2025-07,2025-07
435,Senate,7/24/2025,Cloture Motion Agreed to,Cloture,"Motion to Invoke Cloture: Richard Topping to be Chief Financial Officer, Department of Veterans Affairs: Richard Topping, of Ohio, to be Chief Financial Officer, Department of Veterans Affairs",Yes,https://www.govtrack.us/congress/votes/119-2025/s435,2025-07,2025-07,2025-07,2025-07,2025-07,2025-07, , , , ,2025-07,2025-07,2025-07,2025-07,2025-07,2025-07,2025-07,2025-07,2025-07,2025-07
434,Senate,7/24/2025,Nomination Confirmed,Nomination,"On the Nomination PN22-15: Matthew Lohmeier, of Arizona, to be Under Secretary of the Air Force",Yes,https://www.govtrack.us/congress/votes/119-2025/s434,2025-07,2025-07,2025-07,2025-07,2025-07,2025-07, , , , ,2025-07,2025-07,2025-07,2025-07,2025-07,2025-07,2025-07,2025-07,2025-07,2025-07
440,Senate,7/28/2025,Cloture Motion Agreed to,Cloture,"Motion to Invoke Cloture: Earl Matthews to be General Counsel of the Department of Defense: Earl Matthews, of Virginia, to be General Counsel of the Department of Defense",Yes,https://www.govtrack.us/congress/votes/119-2025/s440,2025-07,2025-07,2025-07,2025-07,2025-07,2025-07, , , , ,2025-07,2025-07,2025-07,2025-07,2025-07,2025-07,2025-07,2025-07,2025-07,2025-07
439,Senate,7/28/2025,Nomination Confirmed,Nomination,"On the Nomination PN345-20: David Wright, of South Carolina, to be a Member of the Nuclear Regulatory Commission for the term of five years expiring June 30, 2030",Yes,https://www.govtrack.us/congress/votes/119-2025/s439,2025-07,2025-07,2025-07,2025-07,2025-07,2025-07, , , , ,2025-07,2025-07,2025-07,2025-07,2025-07,2025-07,2025-07,2025-07,2025-07,2025-07
438,Senate,7/28/2025,Cloture Motion Agreed to,Cloture,"Motion to Invoke Cloture: David Wright to be a Member of the Nuclear Regulatory Commission: David Wright, of South Carolina, to be a Member of the Nuclear Regulatory Commission for the term of five years expiring June 30, 2030",Yes,https://www.govtrack.us/congress/votes/119-2025/s438,2025-07,2025-07,2025-07,2025-07,2025-07,2025-07, , , , ,2025-07,2025-07,2025-07,2025-07,2025-07,2025-07,2025-07,2025-07,2025-07,2025-07
448,Senate,7/29/2025,Nomination Confirmed,Nomination,"On the Nomination PN346-2: Emil J. Bove III, of Pennsylvania, to be United States Circuit Judge for the Third Circuit",Yes,https://www.govtrack.us/congress/votes/119-2025/s448,2025-07,2025-07,2025-07,2025-07,2025-07,2025-07, , , , ,2025-07,2025-07,2025-07,2025-07,2025-07,2025-07,2025-07,2025-07,2025-07,2025-07
447,Senate,7/29/2025,Nomination Confirmed,Nomination,"On the Nomination PN12-7: Samuel Brown, of Nevada, to be Under Secretary of Veterans Affairs for Memorial Affairs",Yes,https://www.govtrack.us/congress/votes/119-2025/s447,2025-07,2025-07,2025-07,2025-07,2025-07,2025-07, , , , ,2025-07,2025-07,2025-07,2025-07,2025-07,2025-07,2025-07,2025-07,2025-07,2025-07
446,Senate,7/29/2025,Cloture Motion Agreed to,Cloture,"Motion to Invoke Cloture: Samuel Brown to be Under Secretary of Veterans Affairs for Memorial Affairs: Samuel Brown, of Nevada, to be Under Secretary of Veterans Affairs for Memorial Affairs",Yes,https://www.govtrack.us/congress/votes/119-2025/s446,2025-07,2025-07,2025-07,2025-07,2025-07,2025-07, , , , ,2025-07,2025-07,2025-07,2025-07,2025-07,2025-07,2025-07,2025-07,2025-07,2025-07
445,Senate,7/29/2025,Nomination Confirmed,Nomination,"On the Nomination PN60-14: Susan Monarez, of Wisconsin, to be Director of the Centers for Disease Control and Prevention",Yes,https://www.govtrack.us/congress/votes/119-2025/s445,2025-07,2025-07,2025-07,2025-07,2025-07,2025-07, , , , ,2025-07,2025-07,2025-07,2025-07,2025-07,2025-07,2025-07,2025-07,2025-07,2025-07
444,Senate,7/29/2025,Cloture Motion Agreed to,Cloture,"Motion to Invoke Cloture: Susan Monarez to be Director of the Centers for Disease Control and Prevention: Susan Monarez, of Wisconsin, to be Director of the Centers for Disease Control and Prevention",Yes,https://www.govtrack.us/congress/votes/119-2025/s444,2025-07,2025-07,2025-07,2025-07,2025-07,2025-07, , , , ,2025-07,2025-07,2025-07,2025-07,2025-07,2025-07,2025-07,2025-07,2025-07,2025-07
457,Senate,7/30/2025,Cloture Motion Agreed to,Cloture,"Motion to Invoke Cloture: Matthew Kozma to be Under Secretary for Intelligence and Analysis, Department of Homeland Security: Matthew Kozma, of Virginia, to be Under Secretary for Intelligence and Analysis, Department of Homeland Security",Yes,https://www.govtrack.us/congress/votes/119-2025/s457,2025-07,2025-07,2025-07,2025-07,2025-07,2025-07, , , , ,2025-07,2025-07,2025-07,2025-07,2025-07,2025-07,2025-07,2025-07,2025-07,2025-07
456,Senate,7/30/2025,Cloture Motion Agreed to,Cloture,"Motion to Invoke Cloture: Gadyaces Serralta to be Director of the United States Marshals Service: Gadyaces Serralta, of Florida, to be Director of the United States Marshals Service",Yes,https://www.govtrack.us/congress/votes/119-2025/s456,2025-07,2025-07,2025-07,2025-07,2025-07,2025-07, , , , ,2025-07,2025-07,2025-07,2025-07,2025-07,2025-07,2025-07,2025-07,2025-07,2025-07
455,Senate,7/30/2025,Motion to Discharge Rejected,Procedural,On the Motion to Discharge S.J.Res. 34,No,https://www.govtrack.us/congress/votes/119-2025/s455,2025-07,2025-07,2025-07,2025-07,2025-07,2025-07, , , , ,2025-07,2025-07,2025-07,2025-07,2025-07,2025-07,2025-07,2025-07,2025-07,2025-07
454,Senate,7/30/2025,Motion to Discharge Rejected,Procedural,On the Motion to Discharge S.J.Res. 41,No,https://www.govtrack.us/congress/votes/119-2025/s454,2025-07,2025-07,2025-07,2025-07,2025-07,2025-07, , , , ,2025-07,2025-07,2025-07,2025-07,2025-07,2025-07,2025-07,2025-07,2025-07,2025-07
453,Senate,7/30/2025,Cloture Motion Agreed to,Cloture,"Motion to Invoke Cloture: Tyler Clarkson to be General Counsel of the Department of Agriculture: Tyler Clarkson, of Virginia, to be General Counsel of the Department of Agriculture",Yes,https://www.govtrack.us/congress/votes/119-2025/s453,2025-07,2025-07,2025-07,2025-07,2025-07,2025-07, , , , ,2025-07,2025-07,2025-07,2025-07,2025-07,2025-07,2025-07,2025-07,2025-07,2025-07
467,Senate,7/31/2025,Cloture Motion Agreed to,Cloture,"Motion to Invoke Cloture: Nicholas Kent to be Under Secretary of Education: Nicholas Kent, of Virginia, to be Under Secretary of Education",Yes,https://www.govtrack.us/congress/votes/119-2025/s467,2025-07,2025-07,2025-07,2025-07,2025-07,2025-07, , , , ,2025-07,2025-07,2025-07,2025-07,2025-07,2025-07,2025-07,2025-07,2025-07,2025-07
466,Senate,7/31/2025,Cloture Motion Agreed to,Cloture,"Motion to Invoke Cloture: David Woll to be General Counsel of the Department of Housing and Urban Development: David Woll, of Virginia, to be General Counsel of the Department of Housing and Urban Development",Yes,https://www.govtrack.us/congress/votes/119-2025/s466,2025-07,2025-07,2025-07,2025-07,2025-07,2025-07, , , , ,2025-07,2025-07,2025-07,2025-07,2025-07,2025-07,2025-07,2025-07,2025-07,2025-07
465,Senate,7/31/2025,Cloture Motion Agreed to,Cloture,"Motion to Invoke Cloture: Casey Mulligan to be Chief Counsel for Advocacy, Small Business Administration: Casey Mulligan, of Illinois, to be Chief Counsel for Advocacy, Small Business Administration",Yes,https://www.govtrack.us/congress/votes/119-2025/s465,2025-07,2025-07,2025-07,2025-07,2025-07,2025-07, , , , ,2025-07,2025-07,2025-07,2025-07,2025-07,2025-07,2025-07,2025-07,2025-07,2025-07
464,Senate,7/31/2025,Nomination Confirmed,Nomination,"On the Nomination PN55-28: Andrea Lucas, of Virginia, to be a Member of the Equal Employment Opportunity Commission for a term expiring July 1, 2030",Yes,https://www.govtrack.us/congress/votes/119-2025/s464,2025-07,2025-07,2025-07,2025-07,2025-07,2025-07, , , , ,2025-07,2025-07,2025-07,2025-07,2025-07,2025-07,2025-07,2025-07,2025-07,2025-07
463,Senate,7/31/2025,Nomination Confirmed,Nomination,"On the Nomination PN26-25: Matthew Kozma, of Virginia, to be Under Secretary for Intelligence and Analysis, Department of Homeland Security",Yes,https://www.govtrack.us/congress/votes/119-2025/s463,2025-07,2025-07,2025-07,2025-07,2025-07,2025-07, , , , ,2025-07,2025-07,2025-07,2025-07,2025-07,2025-07,2025-07,2025-07,2025-07,2025-07
484,Senate,8/1/2025,Nomination Confirmed,Nomination,"On the Nomination PN25-26: Nicholas Kent, of Virginia, to be Under Secretary of Education",Yes,https://www.govtrack.us/congress/votes/119-2025/s484,2025-08,2025-08,2025-08,2025-08,2025-08,2025-08, , , , ,2025-08,2025-08,2025-08,2025-08,2025-08,2025-08,2025-08,2025-08,2025-08,2025-08
483,Senate,8/1/2025,Nomination Confirmed,Nomination,"On the Nomination PN26-49: David Woll, of Virginia, to be General Counsel of the Department of Housing and Urban Development",Yes,https://www.govtrack.us/congress/votes/119-2025/s483,2025-08,2025-08,2025-08,2025-08,2025-08,2025-08, , , , ,2025-08,2025-08,2025-08,2025-08,2025-08,2025-08,2025-08,2025-08,2025-08,2025-08
482,Senate,8/1/2025,Nomination Confirmed,Nomination,"On the Nomination PN55-36: Luigi Rinaldi, of New York, to be Ambassador to the Oriental Republic of Uruguay",Yes,https://www.govtrack.us/congress/votes/119-2025/s482,2025-08,2025-08,2025-08,2025-08,2025-08,2025-08, , , , ,2025-08,2025-08,2025-08,2025-08,2025-08,2025-08,2025-08,2025-08,2025-08,2025-08
481,Senate,8/1/2025,Amendment Agreed to,Amendment,S.Amdt. 3412 (Mullin) to H.R. 3944,Yes,https://www.govtrack.us/congress/votes/119-2025/s481,2025-08,2025-08,2025-08,2025-08,2025-08,2025-08, , , , ,2025-08,2025-08,2025-08,2025-08,2025-08,2025-08,2025-08,2025-08,2025-08,2025-08
480,Senate,8/1/2025,Bill Passed,Passage,"H.R. 3944: Military Construction, Veterans Affairs, and Related Agencies Appropriations Act, 2026",Yes,https://www.govtrack.us/congress/votes/119-2025/s480,2025-08,2025-08,2025-08,2025-08,2025-08,2025-08, , , , ,2025-08,2025-08,2025-08,2025-08,2025-08,2025-08,2025-08,2025-08,2025-08,2025-08
499,Senate,8/2/2025,Nomination Confirmed,Nomination,"On the Nomination PN22-18: Marcus Molinaro, of New York, to be Federal Transit Administrator",Yes,https://www.govtrack.us/congress/votes/119-2025/s499,2025-08,2025-08,2025-08,2025-08,2025-08,2025-08, , , , ,2025-08,2025-08,2025-08,2025-08,2025-08,2025-08,2025-08,2025-08,2025-08,2025-08
498,Senate,8/2/2025,Nomination Confirmed,Nomination,"On the Nomination PN55-43: Adam Telle, of Mississippi, to be an Assistant Secretary of the Army",Yes,https://www.govtrack.us/congress/votes/119-2025/s498,2025-08,2025-08,2025-08,2025-08,2025-08,2025-08, , , , ,2025-08,2025-08,2025-08,2025-08,2025-08,2025-08,2025-08,2025-08,2025-08,2025-08
497,Senate,8/2/2025,Nomination Confirmed,Nomination,"On the Nomination PN24-2: Sean Cairncross, of Minnesota, to be National Cyber Director",Yes,https://www.govtrack.us/congress/votes/119-2025/s497,2025-08,2025-08,2025-08,2025-08,2025-08,2025-08, , , , ,2025-08,2025-08,2025-08,2025-08,2025-08,2025-08,2025-08,2025-08,2025-08,2025-08
496,Senate,8/2/2025,Nomination Confirmed,Nomination,"On the Nomination PN26-2: John Arrigo, of Florida, to be Ambassador to the Portuguese Republic",Yes,https://www.govtrack.us/congress/votes/119-2025/s496,2025-08,2025-08,2025-08,2025-08,2025-08,2025-08, , , , ,2025-08,2025-08,2025-08,2025-08,2025-08,2025-08,2025-08,2025-08,2025-08,2025-08
495,Senate,8/2/2025,Nomination Confirmed,Nomination,"On the Nomination PN25-16: Catherine Hanson, of South Carolina, to be Chief Financial Officer, Environmental Protection Agency",Yes,https://www.govtrack.us/congress/votes/119-2025/s495,2025-08,2025-08,2025-08,2025-08,2025-08,2025-08, , , , ,2025-08,2025-08,2025-08,2025-08,2025-08,2025-08,2025-08,2025-08,2025-08,2025-08
220,House,9/2/2025,Passed,Passage under Suspension,H.R. 747: Stop Chinese Fentanyl Act of 2025,Yes,https://www.govtrack.us/congress/votes/119-2025/h220,2025-09,2025-09,2025-09,2025-09,2025-09,2025-09, , , , ,2025-09,2025-09,2025-09,2025-09,2025-09,2025-09,2025-09,2025-09,2025-09,2025-09
219,House,9/2/2025,Passed,Passage under Suspension,H.R. 4216: FMS-Only List Review Act,Yes,https://www.govtrack.us/congress/votes/119-2025/h219,2025-09,2025-09,2025-09,2025-09,2025-09,2025-09, , , , ,2025-09,2025-09,2025-09,2025-09,2025-09,2025-09,2025-09,2025-09,2025-09,2025-09
500,Senate,9/2/2025,Cloture on the Motion to Proceed Agreed to,Cloture,Motion to Invoke Cloture: Motion to Proceed to S. 2296,Yes,https://www.govtrack.us/congress/votes/119-2025/s500,2025-09,2025-09,2025-09,2025-09,2025-09,2025-09, , , , ,2025-09,2025-09,2025-09,2025-09,2025-09,2025-09,2025-09,2025-09,2025-09,2025-09
234,House,9/3/2025,Failed,Amendment,On Agreeing to the Amendment: Amendment 11 to H R 4553,No,https://www.govtrack.us/congress/votes/119-2025/h234,2025-09,2025-09,2025-09,2025-09,2025-09,2025-09, , , , ,2025-09,2025-09,2025-09,2025-09,2025-09,2025-09,2025-09,2025-09,2025-09,2025-09
233,House,9/3/2025,Failed,Amendment,On Agreeing to the Amendment: Amendment 10 to H R 4553,No,https://www.govtrack.us/congress/votes/119-2025/h233,2025-09,2025-09,2025-09,2025-09,2025-09,2025-09, , , , ,2025-09,2025-09,2025-09,2025-09,2025-09,2025-09,2025-09,2025-09,2025-09,2025-09
232,House,9/3/2025,Failed,Amendment,On Agreeing to the Amendment: Amendment 9 to H R 4553,No,https://www.govtrack.us/congress/votes/119-2025/h232,2025-09,2025-09,2025-09,2025-09,2025-09,2025-09, , , , ,2025-09,2025-09,2025-09,2025-09,2025-09,2025-09,2025-09,2025-09,2025-09,2025-09
231,House,9/3/2025,Failed,Amendment,On Agreeing to the Amendment: Amendment 8 to H R 4553,No,https://www.govtrack.us/congress/votes/119-2025/h231,2025-09,2025-09,2025-09,2025-09,2025-09,2025-09, , , , ,2025-09,2025-09,2025-09,2025-09,2025-09,2025-09,2025-09,2025-09,2025-09,2025-09
230,House,9/3/2025,Failed,Amendment,On Agreeing to the Amendment: Amendment 7 to H R 4553,No,https://www.govtrack.us/congress/votes/119-2025/h230,2025-09,2025-09,2025-09,2025-09,2025-09,2025-09, , , , ,2025-09,2025-09,2025-09,2025-09,2025-09,2025-09,2025-09,2025-09,2025-09,2025-09
503,Senate,9/4/2025,Motion to Proceed Agreed to,Procedural,Motion to Proceed on S. 2296: National Defense Authorization Act for Fiscal Year 2026,Yes,https://www.govtrack.us/congress/votes/119-2025/s503,2025-09,2025-09,2025-09,2025-09,2025-09,2025-09, , , , ,2025-09,2025-09,2025-09,2025-09,2025-09,2025-09,2025-09,2025-09,2025-09,2025-09
502,Senate,9/4/2025,Cloture Motion Agreed to,Cloture,"Motion to Invoke Cloture: Edward L. Artau to be U.S. District Judge for the Southern District of Florida: Edward L. Artau, of Florida, to be United States District Judge for the Southern District of Florida",Yes,https://www.govtrack.us/congress/votes/119-2025/s502,2025-09,2025-09,2025-09,2025-09,2025-09,2025-09, , , , ,2025-09,2025-09,2025-09,2025-09,2025-09,2025-09,2025-09,2025-09,2025-09,2025-09
501,Senate,9/4/2025,Cloture Motion Agreed to,Cloture,"Motion to Invoke Cloture: Maria A. Lanahan to be U.S. District Judge for the Eastern District of Missouri: Maria A. Lanahan, of Missouri, to be United States District Judge for the Eastern District of Missouri",Yes,https://www.govtrack.us/congress/votes/119-2025/s501,2025-09,2025-09,2025-09,2025-09,2025-09,2025-09, , , , ,2025-09,2025-09,2025-09,2025-09,2025-09,2025-09,2025-09,2025-09,2025-09,2025-09
239,House,9/4/2025,Passed,Passage,"H.R. 4553: Energy and Water Development and Related Agencies Appropriations Act, 2026",Yes,https://www.govtrack.us/congress/votes/119-2025/h239,2025-09,2025-09,2025-09,2025-09,2025-09,2025-09, , , , ,2025-09,2025-09,2025-09,2025-09,2025-09,2025-09,2025-09,2025-09,2025-09,2025-09
238,House,9/4/2025,Failed,Procedural,"On Motion to Recommit: H.R. 4553: Energy and Water Development and Related Agencies Appropriations Act, 2026",No,https://www.govtrack.us/congress/votes/119-2025/h238,2025-09,2025-09,2025-09,2025-09,2025-09,2025-09, , , , ,2025-09,2025-09,2025-09,2025-09,2025-09,2025-09,2025-09,2025-09,2025-09,2025-09
241,House,9/8/2025,Passed,Passage under Suspension,H.R. 3425: POST Act of 2025,Yes,https://www.govtrack.us/congress/votes/119-2025/h241,2025-09,2025-09,2025-09,2025-09,2025-09,2025-09, , , , ,2025-09,2025-09,2025-09,2025-09,2025-09,2025-09,2025-09,2025-09,2025-09,2025-09
240,House,9/8/2025,Passed,Passage under Suspension,H.R. 3424: SPACE Act of 2025,Yes,https://www.govtrack.us/congress/votes/119-2025/h240,2025-09,2025-09,2025-09,2025-09,2025-09,2025-09, , , , ,2025-09,2025-09,2025-09,2025-09,2025-09,2025-09,2025-09,2025-09,2025-09,2025-09
504,Senate,9/8/2025,Nomination Confirmed,Nomination,"On the Nomination PN346-1: Edward L. Artau, of Florida, to be United States District Judge for the Southern District of Florida",Yes,https://www.govtrack.us/congress/votes/119-2025/s504,2025-09,2025-09,2025-09,2025-09,2025-09,2025-09, , , , ,2025-09,2025-09,2025-09,2025-09,2025-09,2025-09,2025-09,2025-09,2025-09,2025-09
511,Senate,9/9/2025,Motion to Proceed Agreed to,Procedural,Motion to Proceed on S.Res. 377: An executive resolution authorizing the en bloc consideration in Executive Session of certain nominations on the Executive Calendar.,Yes,https://www.govtrack.us/congress/votes/119-2025/s511,2025-09,2025-09,2025-09,2025-09,2025-09,2025-09, , , , ,2025-09,2025-09,2025-09,2025-09,2025-09,2025-09,2025-09,2025-09,2025-09,2025-09
510,Senate,9/9/2025,Motion to Table Agreed to,Procedural,On the Motion to Table S.Res. 377,Yes,https://www.govtrack.us/congress/votes/119-2025/s510,2025-09,2025-09,2025-09,2025-09,2025-09,2025-09, , , , ,2025-09,2025-09,2025-09,2025-09,2025-09,2025-09,2025-09,2025-09,2025-09,2025-09
509,Senate,9/9/2025,Nomination Confirmed,Nomination,"On the Nomination PN346-3: Kyle Christopher Dudek, of Florida, to be United States District Judge for the Middle District of Florida",Yes,https://www.govtrack.us/congress/votes/119-2025/s509,2025-09,2025-09,2025-09,2025-09,2025-09,2025-09, , , , ,2025-09,2025-09,2025-09,2025-09,2025-09,2025-09,2025-09,2025-09,2025-09,2025-09
508,Senate,9/9/2025,Cloture Motion Agreed to,Cloture,"Motion to Invoke Cloture: Kyle Christopher Dudek to be U.S. District Judge for the Middle District of Florida: Kyle Christopher Dudek, of Florida, to be United States District Judge for the Middle District of Florida",Yes,https://www.govtrack.us/congress/votes/119-2025/s508,2025-09,2025-09,2025-09,2025-09,2025-09,2025-09, , , , ,2025-09,2025-09,2025-09,2025-09,2025-09,2025-09,2025-09,2025-09,2025-09,2025-09
507,Senate,9/9/2025,Nomination Confirmed,Nomination,"On the Nomination PN129-10: Robert Law, of the District of Columbia, to be Under Secretary for Strategy, Policy, and Plans, Department of Homeland Security",Yes,https://www.govtrack.us/congress/votes/119-2025/s507,2025-09,2025-09,2025-09,2025-09,2025-09,2025-09, , , , ,2025-09,2025-09,2025-09,2025-09,2025-09,2025-09,2025-09,2025-09,2025-09,2025-09
512,Senate,9/10/2025,Motion to Table Agreed to,Procedural,On the Motion to Table S.Amdt. 3849 to S. 2296 (No short title on file),Yes,https://www.govtrack.us/congress/votes/119-2025/s512,2025-09,2025-09,2025-09,2025-09,2025-09,2025-09, , , , ,2025-09,2025-09,2025-09,2025-09,2025-09,2025-09,2025-09,2025-09,2025-09,2025-09
244,House,9/10/2025,Agreed to,Amendment,On Agreeing to the Amendment: Amendment 23 to H R 3838,Yes,https://www.govtrack.us/congress/votes/119-2025/h244,2025-09,2025-09,2025-09,2025-09,2025-09,2025-09, , , , ,2025-09,2025-09,2025-09,2025-09,2025-09,2025-09,2025-09,2025-09,2025-09,2025-09
516,Senate,9/11/2025,Cloture Motion Agreed to,Cloture,"Motion to Invoke Cloture on Executive Calendar #1 S.Res. 377, Upon Reconsideration",Yes,https://www.govtrack.us/congress/votes/119-2025/s516,2025-09,2025-09,2025-09,2025-09,2025-09,2025-09, , , , ,2025-09,2025-09,2025-09,2025-09,2025-09,2025-09,2025-09,2025-09,2025-09,2025-09
515,Senate,9/11/2025,Decision of Chair Not Sustained,Procedural,On the Decision of the Chair S.Res. 377,Yes,https://www.govtrack.us/congress/votes/119-2025/s515,2025-09,2025-09,2025-09,2025-09,2025-09,2025-09, , , , ,2025-09,2025-09,2025-09,2025-09,2025-09,2025-09,2025-09,2025-09,2025-09,2025-09
514,Senate,9/11/2025,Motion to Reconsider Agreed to,Procedural,On the Motion to Reconsider S.Res. 377,Yes,https://www.govtrack.us/congress/votes/119-2025/s514,2025-09,2025-09,2025-09,2025-09,2025-09,2025-09, , , , ,2025-09,2025-09,2025-09,2025-09,2025-09,2025-09,2025-09,2025-09,2025-09,2025-09
513,Senate,9/11/2025,Cloture Motion Rejected,Cloture,Motion to Invoke Cloture: S. Res. 377,No,https://www.govtrack.us/congress/votes/119-2025/s513,2025-09,2025-09,2025-09,2025-09,2025-09,2025-09, , , , ,2025-09,2025-09,2025-09,2025-09,2025-09,2025-09,2025-09,2025-09,2025-09,2025-09
264,House,9/11/2025,Passed,Passage,H.R. 3486: Stop Illegal Entry Act of 2025,Yes,https://www.govtrack.us/congress/votes/119-2025/h264,2025-09,2025-09,2025-09,2025-09,2025-09,2025-09, , , , ,2025-09,2025-09,2025-09,2025-09,2025-09,2025-09,2025-09,2025-09,2025-09,2025-09
519,Senate,9/15/2025,Nomination Confirmed,Nomination,"On the Nomination PN464: Stephen Miran, of New York, to be a Member of the Board of Governors of the Federal Reserve System for the unexpired term of fourteen years from February 1, 2012",Yes,https://www.govtrack.us/congress/votes/119-2025/s519,2025-09,2025-09,2025-09,2025-09,2025-09,2025-09, , , , ,2025-09,2025-09,2025-09,2025-09,2025-09,2025-09,2025-09,2025-09,2025-09,2025-09
266,House,9/15/2025,Passed,Passage under Suspension,H.R. 3400: TRAVEL Act of 2025,Yes,https://www.govtrack.us/congress/votes/119-2025/h266,2025-09,2025-09,2025-09,2025-09,2025-09,2025-09, , , , ,2025-09,2025-09,2025-09,2025-09,2025-09,2025-09,2025-09,2025-09,2025-09,2025-09
265,House,9/15/2025,Passed,Procedural,"On Motion to Table the Motion to Discharge Committee: H.J.Res. 117: Relating to a national emergency by the President on July 30, 2025.",Yes,https://www.govtrack.us/congress/votes/119-2025/h265,2025-09,2025-09,2025-09,2025-09,2025-09,2025-09, , , , ,2025-09,2025-09,2025-09,2025-09,2025-09,2025-09,2025-09,2025-09,2025-09,2025-09
518,Senate,9/15/2025,Cloture Motion Agreed to,Cloture,"Motion to Invoke Cloture: Stephen Miran to be a Member of the Board of Governors of the Federal Reserve System: Stephen Miran, of New York, to be a Member of the Board of Governors of the Federal Reserve System for the unexpired term of fourteen years from February 1, 2012",Yes,https://www.govtrack.us/congress/votes/119-2025/s518,2025-09,2025-09,2025-09,2025-09,2025-09,2025-09, , , , ,2025-09,2025-09,2025-09,2025-09,2025-09,2025-09,2025-09,2025-09,2025-09,2025-09
517,Senate,9/15/2025,Resolution Agreed to,Passage,S.Res. 377: An executive resolution authorizing the en bloc consideration in Executive Session of certain nominations on the Executive Calendar.,Yes,https://www.govtrack.us/congress/votes/119-2025/s517,2025-09,2025-09,2025-09,2025-09,2025-09,2025-09, , , , ,2025-09,2025-09,2025-09,2025-09,2025-09,2025-09,2025-09,2025-09,2025-09,2025-09
521,Senate,9/16/2025,Motion to Proceed Rejected,Procedural,Motion to Proceed on S.Con.Res. 22: A concurrent resolution setting forth the congressional budget for the United States Government for fiscal year 2026 and setting forth the appropriate budgetary levels for fiscal years 2027 through 2035.,No,https://www.govtrack.us/congress/votes/119-2025/s521,2025-09,2025-09,2025-09,2025-09,2025-09,2025-09, , , , ,2025-09,2025-09,2025-09,2025-09,2025-09,2025-09,2025-09,2025-09,2025-09,2025-09
271,House,9/16/2025,Passed,Passage,H.R. 5140: To lower the age at which a minor may be tried as an adult for certain criminal offenses in the District of Columbia to 14 years of age.,Yes,https://www.govtrack.us/congress/votes/119-2025/h271,2025-09,2025-09,2025-09,2025-09,2025-09,2025-09, , , , ,2025-09,2025-09,2025-09,2025-09,2025-09,2025-09,2025-09,2025-09,2025-09,2025-09
270,House,9/16/2025,Passed,Passage,H.R. 4922: DC CRIMES Act,Yes,https://www.govtrack.us/congress/votes/119-2025/h270,2025-09,2025-09,2025-09,2025-09,2025-09,2025-09, , , , ,2025-09,2025-09,2025-09,2025-09,2025-09,2025-09,2025-09,2025-09,2025-09,2025-09
269,House,9/16/2025,Passed,Passage under Suspension,H.R. 2721: Honoring Our Heroes Act of 2025,Yes,https://www.govtrack.us/congress/votes/119-2025/h269,2025-09,2025-09,2025-09,2025-09,2025-09,2025-09, , , , ,2025-09,2025-09,2025-09,2025-09,2025-09,2025-09,2025-09,2025-09,2025-09,2025-09
268,House,9/16/2025,Passed,Passage,"H.Res. 707: Providing for consideration of the bill (H.R. 4922) to limit youth offender status in the District of Columbia to individuals 18 years of age or younger, to direct the Attorney General of the District of Columbia to establish and operate a pu",Yes,https://www.govtrack.us/congress/votes/119-2025/h268,2025-09,2025-09,2025-09,2025-09,2025-09,2025-09, , , , ,2025-09,2025-09,2025-09,2025-09,2025-09,2025-09,2025-09,2025-09,2025-09,2025-09
276,House,9/17/2025,Passed,Procedural,On Motion to Table: H.Res. 713: Censuring Representative Ilhan Omar of Minnesota and removing her from the Committee on …,Yes,https://www.govtrack.us/congress/votes/119-2025/h276,2025-09,2025-09,2025-09,2025-09,2025-09,2025-09, , , , ,2025-09,2025-09,2025-09,2025-09,2025-09,2025-09,2025-09,2025-09,2025-09,2025-09
275,House,9/17/2025,Passed,Passage,H.R. 5143: District of Columbia Policing Protection Act,Yes,https://www.govtrack.us/congress/votes/119-2025/h275,2025-09,2025-09,2025-09,2025-09,2025-09,2025-09, , , , ,2025-09,2025-09,2025-09,2025-09,2025-09,2025-09,2025-09,2025-09,2025-09,2025-09
274,House,9/17/2025,Passed,Passage,H.R. 5125: District of Columbia Judicial Nominations Reform Act,Yes,https://www.govtrack.us/congress/votes/119-2025/h274,2025-09,2025-09,2025-09,2025-09,2025-09,2025-09, , , , ,2025-09,2025-09,2025-09,2025-09,2025-09,2025-09,2025-09,2025-09,2025-09,2025-09
273,House,9/17/2025,Passed,Passage,"H.Res. 722: Providing for consideration of the bill (H.R. 5371) making continuing appropriations and extensions for fiscal year 2026, and for other purposes; providing for consideration of the resolution (H. Res. 719) honoring the life and legacy of Char",Yes,https://www.govtrack.us/congress/votes/119-2025/h273,2025-09,2025-09,2025-09,2025-09,2025-09,2025-09, , , , ,2025-09,2025-09,2025-09,2025-09,2025-09,2025-09,2025-09,2025-09,2025-09,2025-09
272,House,9/17/2025,Passed,Procedural,On Ordering the Previous Question: H.Res. 722: Providing for consideration of the bill (H.R. 5371) making continuing appropriations and extensions …,Yes,https://www.govtrack.us/congress/votes/119-2025/h272,2025-09,2025-09,2025-09,2025-09,2025-09,2025-09, , , , ,2025-09,2025-09,2025-09,2025-09,2025-09,2025-09,2025-09,2025-09,2025-09,2025-09
279,House,9/18/2025,Passed,Passage,H.R. 1047: GRID Power Act,Yes,https://www.govtrack.us/congress/votes/119-2025/h279,2025-09,2025-09,2025-09,2025-09,2025-09,2025-09, , , , ,2025-09,2025-09,2025-09,2025-09,2025-09,2025-09,2025-09,2025-09,2025-09,2025-09
278,House,9/18/2025,Passed,Passage,H.R. 3015: National Coal Council Reestablishment Act,Yes,https://www.govtrack.us/congress/votes/119-2025/h278,2025-09,2025-09,2025-09,2025-09,2025-09,2025-09, , , , ,2025-09,2025-09,2025-09,2025-09,2025-09,2025-09,2025-09,2025-09,2025-09,2025-09
277,House,9/18/2025,Passed,Passage,H.R. 3062: Promoting Cross-border Energy Infrastructure Act,Yes,https://www.govtrack.us/congress/votes/119-2025/h277,2025-09,2025-09,2025-09,2025-09,2025-09,2025-09, , , , ,2025-09,2025-09,2025-09,2025-09,2025-09,2025-09,2025-09,2025-09,2025-09,2025-09
526,Senate,9/18/2025,Nomination Confirmed,Nomination,"On the Nomination PN55-25 and PN55-45 and PN54-7 and PN54-6 and PN55-42 and PN345-16 and PN150-5 and PN141-18 and PN25-33 and PN22-24 and PN13-5 and PN26-22 and PN22-3 and PN25-21 and PN12-22 and PN141-28 and PN141-7 and PN141-37 and PN26-45 and PN129-8 and PN60-10 and PN60-9 and PN55-16 and PN25-2 and PN26-44 and PN60-3 and PN26-31 and PN26-19 and PN26-7 and PN25-40 and PN22-23 and PN26-1 and PN22-19 and PN22-8 and PN22-4 and PN55-41 and PN26-35 and PN26-34 and PN26-8 and PN22-21 and PN22-20 and PN22-27 and PN22-5 and PN22-2 and PN22-1 and PN12-45 and PN12-19 and PN25-28: Jessica Kramer, of Wisconsin, to be an Assistant Administrator of the Environmental Protection Agency",Yes,https://www.govtrack.us/congress/votes/119-2025/s526,2025-09,2025-09,2025-09,2025-09,2025-09,2025-09, , , , ,2025-09,2025-09,2025-09,2025-09,2025-09,2025-09,2025-09,2025-09,2025-09,2025-09
530,Senate,9/19/2025,Nomination Confirmed,Nomination,"On the Nomination PN343: Michael G. Waltz, of Florida, to be the Representative of the United States of America to the United Nations, with the Rank of Ambassador, and the Representative of the United States of America in the Security Council of the United Nations",Yes,https://www.govtrack.us/congress/votes/119-2025/s530,2025-09,2025-09,2025-09,2025-09,2025-09,2025-09, , , , ,2025-09,2025-09,2025-09,2025-09,2025-09,2025-09,2025-09,2025-09,2025-09,2025-09
529,Senate,9/19/2025,Cloture Motion Agreed to,Cloture,"Motion to Invoke Cloture: Michael G. Waltz to be Representative of the United States of America to the United Nations: Michael G. Waltz, of Florida, to be the Representative of the United States of America to the United Nations, with the Rank of Ambassador, and the Representative of the United States of America in the Security Council of the United Nations",Yes,https://www.govtrack.us/congress/votes/119-2025/s529,2025-09,2025-09,2025-09,2025-09,2025-09,2025-09, , , , ,2025-09,2025-09,2025-09,2025-09,2025-09,2025-09,2025-09,2025-09,2025-09,2025-09
528,Senate,9/19/2025,Bill Defeated,Passage,"H.R. 5371: Continuing Appropriations and Extensions Act, 2026",No,https://www.govtrack.us/congress/votes/119-2025/s528,2025-09,2025-09,2025-09,2025-09,2025-09,2025-09, , , , ,2025-09,2025-09,2025-09,2025-09,2025-09,2025-09,2025-09,2025-09,2025-09,2025-09
527,Senate,9/19/2025,Bill Defeated,Passage,"S. 2882: Continuing Appropriations and Extensions and Other Matters Act, 2026",No,https://www.govtrack.us/congress/votes/119-2025/s527,2025-09,2025-09,2025-09,2025-09,2025-09,2025-09, , , , ,2025-09,2025-09,2025-09,2025-09,2025-09,2025-09,2025-09,2025-09,2025-09,2025-09
282,House,9/19/2025,Passed,Passage,H.Res. 719: Honoring the life and legacy of Charles “Charlie” James Kirk.,Yes,https://www.govtrack.us/congress/votes/119-2025/h282,2025-09,2025-09,2025-09,2025-09,2025-09,2025-09, , , , ,2025-09,2025-09,2025-09,2025-09,2025-09,2025-09,2025-09,2025-09,2025-09,2025-09
533,Senate,9/29/2025,Cloture on the Motion to Proceed Rejected,Cloture,Motion to Invoke Cloture: Motion to Proceed to S. 2806,No,https://www.govtrack.us/congress/votes/119-2025/s533,2025-09,2025-09,2025-09,2025-09,2025-09,2025-09, , , , ,2025-09,2025-09,2025-09,2025-09,2025-09,2025-09,2025-09,2025-09,2025-09,2025-09
532,Senate,9/29/2025,Nomination Confirmed,Nomination,"On the Nomination PN342: Michael G. Waltz, of Florida, to be Representative of the United States of America to the Sessions of the General Assembly of the United Nations during his tenure of service as Representative of the United States of America to the United Nations",Yes,https://www.govtrack.us/congress/votes/119-2025/s532,2025-09,2025-09,2025-09,2025-09,2025-09,2025-09, , , , ,2025-09,2025-09,2025-09,2025-09,2025-09,2025-09,2025-09,2025-09,2025-09,2025-09
531,Senate,9/29/2025,Cloture Motion Agreed to,Cloture,"Motion to Invoke Cloture: Michael G. Waltz to be Representative of the United States of America to the Sessions of the General Assembly of the United Nations: Michael G. Waltz, of Florida, to be Representative of the United States of America to the Sessions of the General Assembly of the United Nations during his tenure of service as Representative of the United States of America to the United Nations",Yes,https://www.govtrack.us/congress/votes/119-2025/s531,2025-09,2025-09,2025-09,2025-09,2025-09,2025-09, , , , ,2025-09,2025-09,2025-09,2025-09,2025-09,2025-09,2025-09,2025-09,2025-09,2025-09
48,House,1/22/2026,Failed,Passage,H.Con.Res. 68: To direct the removal of United States Armed Forces from Venezuela that have not been authorized by Congress.,No,https://www.govtrack.us/congress/votes/119-2026/h48,2026-01,2026-01,2026-01,2026-01,2026-01,2026-01, , , , ,2026-01,2026-01,2026-01,2026-01,2026-01,2026-01,2026-01,2026-01,2026-01,2026-01
47,House,1/22/2026,Passed,Passage,H.R. 6359: Pregnant Students’ Rights Act,Yes,https://www.govtrack.us/congress/votes/119-2026/h47,2026-01,2026-01,2026-01,2026-01,2026-01,2026-01, , , , ,2026-01,2026-01,2026-01,2026-01,2026-01,2026-01,2026-01,2026-01,2026-01,2026-01
46,House,1/22/2026,Failed,Procedural,On Motion to Recommit: H.R. 6359: Pregnant Students’ Rights Act,No,https://www.govtrack.us/congress/votes/119-2026/h46,2026-01,2026-01,2026-01,2026-01,2026-01,2026-01, , , , ,2026-01,2026-01,2026-01,2026-01,2026-01,2026-01,2026-01,2026-01,2026-01,2026-01
45,House,1/22/2026,Passed,Passage,"H.R. 7148: Consolidated Appropriations Act, 2026",Yes,https://www.govtrack.us/congress/votes/119-2026/h45,2026-01,2026-01,2026-01,2026-01,2026-01,2026-01, , , , ,2026-01,2026-01,2026-01,2026-01,2026-01,2026-01,2026-01,2026-01,2026-01,2026-01
44,House,1/22/2026,Failed,Amendment,On Agreeing to the Amendment: Amendment 2 to H R 7148,No,https://www.govtrack.us/congress/votes/119-2026/h44,2026-01,2026-01,2026-01,2026-01,2026-01,2026-01, , , , ,2026-01,2026-01,2026-01,2026-01,2026-01,2026-01,2026-01,2026-01,2026-01,2026-01
12,Senate,1/27/2026,Cloture on the Motion to Proceed Rejected,Cloture,Motion to Invoke Cloture on the Motion to Proceed to S. 3627,No,https://www.govtrack.us/congress/votes/119-2026/s12,2026-01,2026-01,2026-01,2026-01,2026-01,2026-01, , , , ,2026-01,2026-01,2026-01,2026-01,2026-01,2026-01,2026-01,2026-01,2026-01,2026-01
13,Senate,1/29/2026,Cloture on the Motion to Proceed Rejected,Cloture,Motion to Invoke Cloture: Motion to Proceed to H.R. 7148,No,https://www.govtrack.us/congress/votes/119-2026/s13,2026-01,2026-01,2026-01,2026-01,2026-01,2026-01, , , , ,2026-01,2026-01,2026-01,2026-01,2026-01,2026-01,2026-01,2026-01,2026-01,2026-01
20,Senate,1/30/2026,Bill Passed,Passage,"H.R. 7148: Consolidated Appropriations Act, 2026",Yes,https://www.govtrack.us/congress/votes/119-2026/s20,2026-01,2026-01,2026-01,2026-01,2026-01,2026-01, , , , ,2026-01,2026-01,2026-01,2026-01,2026-01,2026-01,2026-01,2026-01,2026-01,2026-01
19,Senate,1/30/2026,Motion Rejected,Procedural,On the Motion (Motion to Waive All Applicable Budgetary Discipline Re: Merkley Amdt. No. 4287),No,https://www.govtrack.us/congress/votes/119-2026/s19,2026-01,2026-01,2026-01,2026-01,2026-01,2026-01, , , , ,2026-01,2026-01,2026-01,2026-01,2026-01,2026-01,2026-01,2026-01,2026-01,2026-01
18,Senate,1/30/2026,Amendment Rejected,Amendment,On the Amendment S.Amdt. 4290 to H.R. 7148 (No short title on file),No,https://www.govtrack.us/congress/votes/119-2026/s18,2026-01,2026-01,2026-01,2026-01,2026-01,2026-01, , , , ,2026-01,2026-01,2026-01,2026-01,2026-01,2026-01,2026-01,2026-01,2026-01,2026-01
17,Senate,1/30/2026,Motion to Table Agreed to,Procedural,On the Motion to Table S.Amdt. 4286 to H.R. 7148 (No short title on file),Yes,https://www.govtrack.us/congress/votes/119-2026/s17,2026-01,2026-01,2026-01,2026-01,2026-01,2026-01, , , , ,2026-01,2026-01,2026-01,2026-01,2026-01,2026-01,2026-01,2026-01,2026-01,2026-01
16,Senate,1/30/2026,Motion to Table Agreed to,Procedural,On the Motion to Table S.Amdt. 4234 to H.R. 7148 (No short title on file),Yes,https://www.govtrack.us/congress/votes/119-2026/s16,2026-01,2026-01,2026-01,2026-01,2026-01,2026-01, , , , ,2026-01,2026-01,2026-01,2026-01,2026-01,2026-01,2026-01,2026-01,2026-01,2026-01
49,House,2/2/2026,Passed,Passage under Suspension,H.R. 980: Veterans Readiness and Employment Improvement Act of 2025,Yes,https://www.govtrack.us/congress/votes/119-2026/h49,2026-02,2026-02,2026-02,2026-02,2026-02,2026-02, , , , ,2026-02,2026-02,2026-02,2026-02,2026-02,2026-02,2026-02,2026-02,2026-02,2026-02
21,Senate,2/2/2026,Cloture Motion Agreed to,Cloture,"Motion to Invoke Cloture: David Clay Fowlkes to be United States District Judge for the Western District of Arkansas: David Clay Fowlkes, of Arkansas, to be United States District Judge for the Western District of Arkansas",Yes,https://www.govtrack.us/congress/votes/119-2026/s21,2026-02,2026-02,2026-02,2026-02,2026-02,2026-02, , , , ,2026-02,2026-02,2026-02,2026-02,2026-02,2026-02,2026-02,2026-02,2026-02,2026-02
25,Senate,2/3/2026,Cloture Motion Agreed to,Cloture,"Motion to Invoke Cloture: Aaron Christian Peterson to be U.S. District Judge for the District of Alaska: Aaron Christian Peterson, of Alaska, to be United States District Judge for the District of Alaska",Yes,https://www.govtrack.us/congress/votes/119-2026/s25,2026-02,2026-02,2026-02,2026-02,2026-02,2026-02, , , , ,2026-02,2026-02,2026-02,2026-02,2026-02,2026-02,2026-02,2026-02,2026-02,2026-02
24,Senate,2/3/2026,Nomination Confirmed,Nomination,"On the Nomination PN726-6: Nicholas Jon Ganjei, of Texas, to be United States District Judge for the Southern District of Texas",Yes,https://www.govtrack.us/congress/votes/119-2026/s24,2026-02,2026-02,2026-02,2026-02,2026-02,2026-02, , , , ,2026-02,2026-02,2026-02,2026-02,2026-02,2026-02,2026-02,2026-02,2026-02,2026-02
53,House,2/3/2026,Passed,Passage,"H.R. 7148: Consolidated Appropriations Act, 2026",Yes,https://www.govtrack.us/congress/votes/119-2026/h53,2026-02,2026-02,2026-02,2026-02,2026-02,2026-02, , , , ,2026-02,2026-02,2026-02,2026-02,2026-02,2026-02,2026-02,2026-02,2026-02,2026-02
52,House,2/3/2026,Passed,Passage,On Agreeing to the Resolution: H RES 1032 Providing for consideration of the Senate amendments to the bill (H.R. 7148); providing for consideration of the joint resolution (H.J.Res. 142); and providing for consideration of the bill (H.R. 4090),Yes,https://www.govtrack.us/congress/votes/119-2026/h52,2026-02,2026-02,2026-02,2026-02,2026-02,2026-02, , , , ,2026-02,2026-02,2026-02,2026-02,2026-02,2026-02,2026-02,2026-02,2026-02,2026-02
23,Senate,2/3/2026,Cloture Motion Agreed to,Cloture,"Motion to Invoke Cloture: Nicholas Jon Ganjei to be U.S. District Judge for the Southern District of Texas: Nicholas Jon Ganjei, of Texas, to be United States District Judge for the Southern District of Texas",Yes,https://www.govtrack.us/congress/votes/119-2026/s23,2026-02,2026-02,2026-02,2026-02,2026-02,2026-02, , , , ,2026-02,2026-02,2026-02,2026-02,2026-02,2026-02,2026-02,2026-02,2026-02,2026-02
56,House,2/4/2026,Passed,Passage,H.J.Res. 142: Disapproving the action of the District of Columbia Council in approving the D.C. Income and Franchise Tax Conformity and Revision Temporary Amendment Act of 2025.,Yes,https://www.govtrack.us/congress/votes/119-2026/h56,2026-02,2026-02,2026-02,2026-02,2026-02,2026-02, , , , ,2026-02,2026-02,2026-02,2026-02,2026-02,2026-02,2026-02,2026-02,2026-02,2026-02
55,House,2/4/2026,Passed,Passage,H.R. 4090: Critical Mineral Dominance Act,Yes,https://www.govtrack.us/congress/votes/119-2026/h55,2026-02,2026-02,2026-02,2026-02,2026-02,2026-02, , , , ,2026-02,2026-02,2026-02,2026-02,2026-02,2026-02,2026-02,2026-02,2026-02,2026-02
54,House,2/4/2026,Failed,Procedural,On Motion to Recommit: H.R. 4090: Critical Mineral Dominance Act,No,https://www.govtrack.us/congress/votes/119-2026/h54,2026-02,2026-02,2026-02,2026-02,2026-02,2026-02, , , , ,2026-02,2026-02,2026-02,2026-02,2026-02,2026-02,2026-02,2026-02,2026-02,2026-02
29,Senate,2/4/2026,Cloture Motion Agreed to,Cloture,"Motion to Invoke Cloture: Brian Charles Lea to be U.S. District Judge for the Western District of Tennessee: Brian Charles Lea, of Tennessee, to be United States District Judge for the Western District of Tennessee",Yes,https://www.govtrack.us/congress/votes/119-2026/s29,2026-02,2026-02,2026-02,2026-02,2026-02,2026-02, , , , ,2026-02,2026-02,2026-02,2026-02,2026-02,2026-02,2026-02,2026-02,2026-02,2026-02
28,Senate,2/4/2026,Nomination Confirmed,Nomination,"On the Nomination PN726-2: Megan Blair Benton, of Missouri, to be United States District Judge for the Western District of Missouri",Yes,https://www.govtrack.us/congress/votes/119-2026/s28,2026-02,2026-02,2026-02,2026-02,2026-02,2026-02, , , , ,2026-02,2026-02,2026-02,2026-02,2026-02,2026-02,2026-02,2026-02,2026-02,2026-02
32,Senate,2/5/2026,Nomination Confirmed,Nomination,"On the Nomination PN726-11: Justin R. Olson, of Indiana, to be United States District Judge for the Southern District of Indiana",Yes,https://www.govtrack.us/congress/votes/119-2026/s32,2026-02,2026-02,2026-02,2026-02,2026-02,2026-02, , , , ,2026-02,2026-02,2026-02,2026-02,2026-02,2026-02,2026-02,2026-02,2026-02,2026-02
31,Senate,2/5/2026,Cloture Motion Agreed to,Cloture,"Motion to Invoke Cloture: Justin R. Olson to be U.S. District Judge for the Southern District of Indiana: Justin R. Olson, of Indiana, to be United States District Judge for the Southern District of Indiana",Yes,https://www.govtrack.us/congress/votes/119-2026/s31,2026-02,2026-02,2026-02,2026-02,2026-02,2026-02, , , , ,2026-02,2026-02,2026-02,2026-02,2026-02,2026-02,2026-02,2026-02,2026-02,2026-02
30,Senate,2/5/2026,Nomination Confirmed,Nomination,"On the Nomination PN726-9: Brian Charles Lea, of Tennessee, to be United States District Judge for the Western District of Tennessee",Yes,https://www.govtrack.us/congress/votes/119-2026/s30,2026-02,2026-02,2026-02,2026-02,2026-02,2026-02, , , , ,2026-02,2026-02,2026-02,2026-02,2026-02,2026-02,2026-02,2026-02,2026-02,2026-02
58,House,2/9/2026,Passed,Passage under Suspension,H.R. 1531: PROTECT Taiwan Act,Yes,https://www.govtrack.us/congress/votes/119-2026/h58,2026-02,2026-02,2026-02,2026-02,2026-02,2026-02, , , , ,2026-02,2026-02,2026-02,2026-02,2026-02,2026-02,2026-02,2026-02,2026-02,2026-02
57,House,2/9/2026,Passed,Passage under Suspension,H.R. 6644: Housing for the 21st Century Act,Yes,https://www.govtrack.us/congress/votes/119-2026/h57,2026-02,2026-02,2026-02,2026-02,2026-02,2026-02, , , , ,2026-02,2026-02,2026-02,2026-02,2026-02,2026-02,2026-02,2026-02,2026-02,2026-02
33,Senate,2/9/2026,Cloture Motion Agreed to,Cloture,"Motion to Invoke Cloture: Daniel E. Burrows to be an Assistant Attorney General: Daniel E. Burrows, of Colorado, to be an Assistant Attorney General",Yes,https://www.govtrack.us/congress/votes/119-2026/s33,2026-02,2026-02,2026-02,2026-02,2026-02,2026-02, , , , ,2026-02,2026-02,2026-02,2026-02,2026-02,2026-02,2026-02,2026-02,2026-02,2026-02
60,House,2/10/2026,Failed,Passage,"H.Res. 1042: Providing for consideration of the bill (H.R. 2189) to modernize Federal firearms laws to account for advancements in technology and less-than-lethal weapons, and for other purposes; providing for consideration of the bill (H.R. 261) to amen",No,https://www.govtrack.us/congress/votes/119-2026/h60,2026-02,2026-02,2026-02,2026-02,2026-02,2026-02, , , , ,2026-02,2026-02,2026-02,2026-02,2026-02,2026-02,2026-02,2026-02,2026-02,2026-02
59,House,2/10/2026,Passed,Procedural,On Ordering the Previous Question: H.Res. 1042: Providing for consideration of the bill (H.R. 2189) to modernize Federal firearms laws …,Yes,https://www.govtrack.us/congress/votes/119-2026/h59,2026-02,2026-02,2026-02,2026-02,2026-02,2026-02, , , , ,2026-02,2026-02,2026-02,2026-02,2026-02,2026-02,2026-02,2026-02,2026-02,2026-02
35,Senate,2/10/2026,Motion to Proceed Rejected,Procedural,"Motion to Proceed on S.J.Res. 95: A joint resolution providing for congressional disapproval under chapter 8 of title 5, United States Code, of the rule submitted by the Internal Revenue Service relating to “Interim Guidance Simplifying Application of the Corporate Alternati",No,https://www.govtrack.us/congress/votes/119-2026/s35,2026-02,2026-02,2026-02,2026-02,2026-02,2026-02, , , , ,2026-02,2026-02,2026-02,2026-02,2026-02,2026-02,2026-02,2026-02,2026-02,2026-02
34,Senate,2/10/2026,Nomination Confirmed,Nomination,"On the Nomination PN726-4: Daniel E. Burrows, of Colorado, to be an Assistant Attorney General",Yes,https://www.govtrack.us/congress/votes/119-2026/s34,2026-02,2026-02,2026-02,2026-02,2026-02,2026-02, , , , ,2026-02,2026-02,2026-02,2026-02,2026-02,2026-02,2026-02,2026-02,2026-02,2026-02
69,House,2/11/2026,Passed,Passage,S. 1383: Veterans Accessibility Advisory Committee Act of 2025,Yes,https://www.govtrack.us/congress/votes/119-2026/h69,2026-02,2026-02,2026-02,2026-02,2026-02,2026-02, , , , ,2026-02,2026-02,2026-02,2026-02,2026-02,2026-02,2026-02,2026-02,2026-02,2026-02
68,House,2/11/2026,Failed,Procedural,On Motion to Commit: S. 1383: Veterans Accessibility Advisory Committee Act of 2025,No,https://www.govtrack.us/congress/votes/119-2026/h68,2026-02,2026-02,2026-02,2026-02,2026-02,2026-02, , , , ,2026-02,2026-02,2026-02,2026-02,2026-02,2026-02,2026-02,2026-02,2026-02,2026-02
67,House,2/11/2026,Passed,Passage,H.R. 261: Undersea Cable Protection Act of 2025,Yes,https://www.govtrack.us/congress/votes/119-2026/h67,2026-02,2026-02,2026-02,2026-02,2026-02,2026-02, , , , ,2026-02,2026-02,2026-02,2026-02,2026-02,2026-02,2026-02,2026-02,2026-02,2026-02
66,House,2/11/2026,Failed,Procedural,On Motion to Recommit: H.R. 261: Undersea Cable Protection Act of 2025,No,https://www.govtrack.us/congress/votes/119-2026/h66,2026-02,2026-02,2026-02,2026-02,2026-02,2026-02, , , , ,2026-02,2026-02,2026-02,2026-02,2026-02,2026-02,2026-02,2026-02,2026-02,2026-02
65,House,2/11/2026,Passed,Passage,"H.J.Res. 72: Relating to a national emergency by the President on February 1, 2025.",Yes,https://www.govtrack.us/congress/votes/119-2026/h65,2026-02,2026-02,2026-02,2026-02,2026-02,2026-02, , , , ,2026-02,2026-02,2026-02,2026-02,2026-02,2026-02,2026-02,2026-02,2026-02,2026-02
38,Senate,2/12/2026,Cloture Motion Rejected,Cloture,Motion to Invoke Cloture: Motion to Proceed to H.R. 7147,No,https://www.govtrack.us/congress/votes/119-2026/s38,2026-02,2026-02,2026-02,2026-02,2026-02,2026-02, , , , ,2026-02,2026-02,2026-02,2026-02,2026-02,2026-02,2026-02,2026-02,2026-02,2026-02
37,Senate,2/12/2026,Joint Resolution Passed,Passage,H.J.Res. 142: Disapproving the action of the District of Columbia Council in approving the D.C. Income and Franchise Tax Conformity and Revision Temporary Amendment Act of 2025.,Yes,https://www.govtrack.us/congress/votes/119-2026/s37,2026-02,2026-02,2026-02,2026-02,2026-02,2026-02, , , , ,2026-02,2026-02,2026-02,2026-02,2026-02,2026-02,2026-02,2026-02,2026-02,2026-02
70,House,2/12/2026,Passed,Passage,H.R. 2189: Law-Enforcement Innovate to De-Escalate Act,Yes,https://www.govtrack.us/congress/votes/119-2026/h70,2026-02,2026-02,2026-02,2026-02,2026-02,2026-02, , , , ,2026-02,2026-02,2026-02,2026-02,2026-02,2026-02,2026-02,2026-02,2026-02,2026-02
39,Senate,2/24/2026,Cloture on the Motion to Proceed Rejected,Cloture,Motion to Invoke Cloture: Motion to Proceed to H.R. 7147,No,https://www.govtrack.us/congress/votes/119-2026/s39,2026-02,2026-02,2026-02,2026-02,2026-02,2026-02, , , , ,2026-02,2026-02,2026-02,2026-02,2026-02,2026-02,2026-02,2026-02,2026-02,2026-02
76,House,2/24/2026,Passed,Passage,H.R. 4626: Don’t Mess With My Home Appliances Act,Yes,https://www.govtrack.us/congress/votes/119-2026/h76,2026-02,2026-02,2026-02,2026-02,2026-02,2026-02, , , , ,2026-02,2026-02,2026-02,2026-02,2026-02,2026-02,2026-02,2026-02,2026-02,2026-02
75,House,2/24/2026,Failed,Procedural,On Motion to Recommit: H.R. 4626: Don’t Mess With My Home Appliances Act,No,https://www.govtrack.us/congress/votes/119-2026/h75,2026-02,2026-02,2026-02,2026-02,2026-02,2026-02, , , , ,2026-02,2026-02,2026-02,2026-02,2026-02,2026-02,2026-02,2026-02,2026-02,2026-02
74,House,2/24/2026,Passed,Passage,On Agreeing to the Resolution: H RES 1075 Providing for consideration of the bill (H.R. 4626) the Don’t Mess With My Home Appliances Act; and providing for consideration of the bill (H.R. 4758) the Homeowner Energy Freedom Act,Yes,https://www.govtrack.us/congress/votes/119-2026/h74,2026-02,2026-02,2026-02,2026-02,2026-02,2026-02, , , , ,2026-02,2026-02,2026-02,2026-02,2026-02,2026-02,2026-02,2026-02,2026-02,2026-02
73,House,2/24/2026,Passed,Procedural,On Ordering the Previous Question: H RES 1075 Providing for consideration of the bill (H.R. 4626) the Don’t Mess With My Home Appliances Act; and providing for consideration of the bill (H.R. 4758) the Homeowner Energy Freedom Act,Yes,https://www.govtrack.us/congress/votes/119-2026/h73,2026-02,2026-02,2026-02,2026-02,2026-02,2026-02, , , , ,2026-02,2026-02,2026-02,2026-02,2026-02,2026-02,2026-02,2026-02,2026-02,2026-02
41,Senate,2/25/2026,Nomination Confirmed,Nomination,"On the Nomination PN730-19: John DeLeeuw, of Texas, to be a Member of the National Transportation Safety Board for the remainder of the term expiring December 31, 2026",Yes,https://www.govtrack.us/congress/votes/119-2026/s41,2026-02,2026-02,2026-02,2026-02,2026-02,2026-02, , , , ,2026-02,2026-02,2026-02,2026-02,2026-02,2026-02,2026-02,2026-02,2026-02,2026-02
40,Senate,2/25/2026,Cloture Motion Agreed to,Cloture,"Motion to Invoke Cloture: John DeLeeuw to be a Member of the National Transportation Safety Board: John DeLeeuw, of Texas, to be a Member of the National Transportation Safety Board for the remainder of the term expiring December 31, 2026",Yes,https://www.govtrack.us/congress/votes/119-2026/s40,2026-02,2026-02,2026-02,2026-02,2026-02,2026-02, , , , ,2026-02,2026-02,2026-02,2026-02,2026-02,2026-02,2026-02,2026-02,2026-02,2026-02
78,House,2/25/2026,Passed,Passage,H.R. 4758: Homeowner Energy Freedom Act,Yes,https://www.govtrack.us/congress/votes/119-2026/h78,2026-02,2026-02,2026-02,2026-02,2026-02,2026-02, , , , ,2026-02,2026-02,2026-02,2026-02,2026-02,2026-02,2026-02,2026-02,2026-02,2026-02
77,House,2/25/2026,Failed,Procedural,On Motion to Recommit: H.R. 4758: Homeowner Energy Freedom Act,No,https://www.govtrack.us/congress/votes/119-2026/h77,2026-02,2026-02,2026-02,2026-02,2026-02,2026-02, , , , ,2026-02,2026-02,2026-02,2026-02,2026-02,2026-02,2026-02,2026-02,2026-02,2026-02
43,Senate,2/26/2026,Nomination Confirmed,Nomination,"On the Nomination PN730-46: Ryan McCormack, of Virginia, to be Under Secretary of Transportation for Policy",Yes,https://www.govtrack.us/congress/votes/119-2026/s43,2026-02,2026-02,2026-02,2026-02,2026-02,2026-02, , , , ,2026-02,2026-02,2026-02,2026-02,2026-02,2026-02,2026-02,2026-02,2026-02,2026-02
42,Senate,2/26/2026,Cloture Motion Agreed to,Cloture,"Motion to Invoke Cloture: Ryan McCormack to be Under Secretary of Transportation for Policy: Ryan McCormack, of Virginia, to be Under Secretary of Transportation for Policy",Yes,https://www.govtrack.us/congress/votes/119-2026/s42,2026-02,2026-02,2026-02,2026-02,2026-02,2026-02, , , , ,2026-02,2026-02,2026-02,2026-02,2026-02,2026-02,2026-02,2026-02,2026-02,2026-02
83,House,3/4/2026,Passed,Procedural,On Motion to Refer: H RES 1100 Directing the Committee on Ethics to preserve and publicly release records of the Committee’s review of violations or alleged violations of clause 9 (as it pertains to acts of sexual harassment) and clause 18 of rule XXIII of the Rules of the House of Representatives.,Yes,https://www.govtrack.us/congress/votes/119-2026/h83,2026-03,2026-03,2026-03,2026-03,2026-03,2026-03, , , , ,2026-03,2026-03,2026-03,2026-03,2026-03,2026-03,2026-03,2026-03,2026-03,2026-03
82,House,3/4/2026,Passed,Passage under Suspension,H.R. 6472: Territorial Student Access to Higher Education Act,Yes,https://www.govtrack.us/congress/votes/119-2026/h82,2026-03,2026-03,2026-03,2026-03,2026-03,2026-03, , , , ,2026-03,2026-03,2026-03,2026-03,2026-03,2026-03,2026-03,2026-03,2026-03,2026-03
81,House,3/4/2026,Passed,Passage under Suspension,S. 723: Tribal Trust Land Homeownership Act of 2025,Yes,https://www.govtrack.us/congress/votes/119-2026/h81,2026-03,2026-03,2026-03,2026-03,2026-03,2026-03, , , , ,2026-03,2026-03,2026-03,2026-03,2026-03,2026-03,2026-03,2026-03,2026-03,2026-03
80,House,3/4/2026,Passed,Passage,"H.Res. 1095: Providing for consideration of the bill (H.R. 7744) making appropriations for the Department of Homeland Security for the fiscal year ending September 30, 2026, and for other purposes.",Yes,https://www.govtrack.us/congress/votes/119-2026/h80,2026-03,2026-03,2026-03,2026-03,2026-03,2026-03, , , , ,2026-03,2026-03,2026-03,2026-03,2026-03,2026-03,2026-03,2026-03,2026-03,2026-03
87,House,3/5/2026,Passed,Passage,"H.R. 7744: Department of Homeland Security Appropriations Act, 2026",Yes,https://www.govtrack.us/congress/votes/119-2026/h87,2026-03,2026-03,2026-03,2026-03,2026-03,2026-03, , , , ,2026-03,2026-03,2026-03,2026-03,2026-03,2026-03,2026-03,2026-03,2026-03,2026-03
86,House,3/5/2026,Failed,Procedural,"On Motion to Recommit: H.R. 7744: Department of Homeland Security Appropriations Act, 2026",No,https://www.govtrack.us/congress/votes/119-2026/h86,2026-03,2026-03,2026-03,2026-03,2026-03,2026-03, , , , ,2026-03,2026-03,2026-03,2026-03,2026-03,2026-03,2026-03,2026-03,2026-03,2026-03
85,House,3/5/2026,Failed,Passage,H.Con.Res. 38: Directing the President pursuant to section 5(c) of the War Powers Resolution to remove United States Armed Forces from unauthorized hostilities in the Islamic Republic of Iran.,No,https://www.govtrack.us/congress/votes/119-2026/h85,2026-03,2026-03,2026-03,2026-03,2026-03,2026-03, , , , ,2026-03,2026-03,2026-03,2026-03,2026-03,2026-03,2026-03,2026-03,2026-03,2026-03
84,House,3/5/2026,Passed,Passage under Suspension,H.Res. 1099: Reaffirming Iran remains the largest state sponsor of terrorism.,Yes,https://www.govtrack.us/congress/votes/119-2026/h84,2026-03,2026-03,2026-03,2026-03,2026-03,2026-03, , , , ,2026-03,2026-03,2026-03,2026-03,2026-03,2026-03,2026-03,2026-03,2026-03,2026-03
50,Senate,3/10/2026,Cloture Motion Agreed to,Cloture,Motion to Invoke Cloture Re: Amdt. No. 4308,Yes,https://www.govtrack.us/congress/votes/119-2026/s50,2026-03,2026-03,2026-03,2026-03,2026-03,2026-03, , , , ,2026-03,2026-03,2026-03,2026-03,2026-03,2026-03,2026-03,2026-03,2026-03,2026-03
51,Senate,3/11/2026,Amendment Agreed to,Amendment,S.Amdt. 4308 (Scott) to H.R. 6644: In the nature of a substitute.,Yes,https://www.govtrack.us/congress/votes/119-2026/s51,2026-03,2026-03,2026-03,2026-03,2026-03,2026-03, , , , ,2026-03,2026-03,2026-03,2026-03,2026-03,2026-03,2026-03,2026-03,2026-03,2026-03
91,House,3/17/2026,Passed,Passage,H.Res. 1115: Providing for consideration of the bill (H.R. 556) to prohibit the Secretary of the Interior and the Secretary of Agriculture from prohibiting the use of lead ammunition or tackle on certain Federal land or water under the jurisdiction of th,Yes,https://www.govtrack.us/congress/votes/119-2026/h91,2026-03,2026-03,2026-03,2026-03,2026-03,2026-03, , , , ,2026-03,2026-03,2026-03,2026-03,2026-03,2026-03,2026-03,2026-03,2026-03,2026-03
90,House,3/17/2026,Passed,Procedural,On Ordering the Previous Question: H.Res. 1115: Providing for consideration of the bill (H.R. 556) to prohibit the Secretary of …,Yes,https://www.govtrack.us/congress/votes/119-2026/h90,2026-03,2026-03,2026-03,2026-03,2026-03,2026-03, , , , ,2026-03,2026-03,2026-03,2026-03,2026-03,2026-03,2026-03,2026-03,2026-03,2026-03
89,House,3/17/2026,Passed,Passage under Suspension,S. 3971: Small Business Innovation and Economic Security Act,Yes,https://www.govtrack.us/congress/votes/119-2026/h89,2026-03,2026-03,2026-03,2026-03,2026-03,2026-03, , , , ,2026-03,2026-03,2026-03,2026-03,2026-03,2026-03,2026-03,2026-03,2026-03,2026-03
88,House,3/17/2026,Passed,Passage under Suspension,H.R. 4294: MAWS Act of 2026,Yes,https://www.govtrack.us/congress/votes/119-2026/h88,2026-03,2026-03,2026-03,2026-03,2026-03,2026-03, , , , ,2026-03,2026-03,2026-03,2026-03,2026-03,2026-03,2026-03,2026-03,2026-03,2026-03
95,House,3/18/2026,Failed,Passage under Suspension,H.J.Res. 139: Proposing an amendment to the Constitution of the United States requiring a balanced budget for the Federal Government.,No,https://www.govtrack.us/congress/votes/119-2026/h95,2026-03,2026-03,2026-03,2026-03,2026-03,2026-03, , , , ,2026-03,2026-03,2026-03,2026-03,2026-03,2026-03,2026-03,2026-03,2026-03,2026-03
94,House,3/18/2026,Passed,Passage,H.R. 1958: Deporting Fraudsters Act of 2026,Yes,https://www.govtrack.us/congress/votes/119-2026/h94,2026-03,2026-03,2026-03,2026-03,2026-03,2026-03, , , , ,2026-03,2026-03,2026-03,2026-03,2026-03,2026-03,2026-03,2026-03,2026-03,2026-03
93,House,3/18/2026,Passed,Passage,H.R. 556: Protecting Access for Hunters and Anglers Act,Yes,https://www.govtrack.us/congress/votes/119-2026/h93,2026-03,2026-03,2026-03,2026-03,2026-03,2026-03, , , , ,2026-03,2026-03,2026-03,2026-03,2026-03,2026-03,2026-03,2026-03,2026-03,2026-03
92,House,3/18/2026,Failed,Procedural,On Motion to Recommit: H.R. 556: Protecting Access for Hunters and Anglers Act,No,https://www.govtrack.us/congress/votes/119-2026/h92,2026-03,2026-03,2026-03,2026-03,2026-03,2026-03, , , , ,2026-03,2026-03,2026-03,2026-03,2026-03,2026-03,2026-03,2026-03,2026-03,2026-03
96,House,3/19/2026,Passed,Passage,H.R. 4638: Federal Working Animal Protection Act,Yes,https://www.govtrack.us/congress/votes/119-2026/h96,2026-03,2026-03,2026-03,2026-03,2026-03,2026-03, , , , ,2026-03,2026-03,2026-03,2026-03,2026-03,2026-03,2026-03,2026-03,2026-03,2026-03
61,Senate,3/21/2026,Cloture Motion Rejected,Cloture,Motion to Invoke Cloture: Schumer Motion to Suspend the Rules re: TSA Funding,No,https://www.govtrack.us/congress/votes/119-2026/s61,2026-03,2026-03,2026-03,2026-03,2026-03,2026-03, , , , ,2026-03,2026-03,2026-03,2026-03,2026-03,2026-03,2026-03,2026-03,2026-03,2026-03
62,Senate,3/22/2026,Cloture Motion Agreed to,Cloture,"Motion to Invoke Cloture: Markwayne Mullin to be Secretary of Homeland Security: Markwayne Mullin, of Oklahoma, to be Secretary of Homeland Security",Yes,https://www.govtrack.us/congress/votes/119-2026/s62,2026-03,2026-03,2026-03,2026-03,2026-03,2026-03, , , , ,2026-03,2026-03,2026-03,2026-03,2026-03,2026-03,2026-03,2026-03,2026-03,2026-03
64,Senate,3/23/2026,Cloture Motion Agreed to,Cloture,"Motion to Invoke Cloture: Colin McDonald to be an Assistant Attorney General: Colin McDonald, of California, to be an Assistant Attorney General",Yes,https://www.govtrack.us/congress/votes/119-2026/s64,2026-03,2026-03,2026-03,2026-03,2026-03,2026-03, , , , ,2026-03,2026-03,2026-03,2026-03,2026-03,2026-03,2026-03,2026-03,2026-03,2026-03
63,Senate,3/23/2026,Nomination Confirmed,Nomination,"On the Nomination PN858: Markwayne Mullin, of Oklahoma, to be Secretary of Homeland Security",Yes,https://www.govtrack.us/congress/votes/119-2026/s63,2026-03,2026-03,2026-03,2026-03,2026-03,2026-03, , , , ,2026-03,2026-03,2026-03,2026-03,2026-03,2026-03,2026-03,2026-03,2026-03,2026-03
97,House,3/24/2026,Passed,Passage under Suspension,H.R. 6422: American Water Stewardship Act,Yes,https://www.govtrack.us/congress/votes/119-2026/h97,2026-03,2026-03,2026-03,2026-03,2026-03,2026-03, , , , ,2026-03,2026-03,2026-03,2026-03,2026-03,2026-03,2026-03,2026-03,2026-03,2026-03
72,Senate,3/25/2026,Motion to Proceed Rejected,Procedural,"Motion to Proceed on S.J.Res. 103: A joint resolution providing for congressional disapproval under chapter 8 of title 5, United States Code, of the rule submitted by the Department of Veterans Affairs relating to “Reproductive Health Services”.",No,https://www.govtrack.us/congress/votes/119-2026/s72,2026-03,2026-03,2026-03,2026-03,2026-03,2026-03, , , , ,2026-03,2026-03,2026-03,2026-03,2026-03,2026-03,2026-03,2026-03,2026-03,2026-03
101,House,3/25/2026,Passed,Passage,H.R. 5103: Make the District of Columbia Safe and Beautiful Act of 2026,Yes,https://www.govtrack.us/congress/votes/119-2026/h101,2026-03,2026-03,2026-03,2026-03,2026-03,2026-03, , , , ,2026-03,2026-03,2026-03,2026-03,2026-03,2026-03,2026-03,2026-03,2026-03,2026-03
71,Senate,3/25/2026,Cloture on the Motion to Proceed Rejected,Cloture,"Upon Reconsideration, Motion to Invoke Cloture Re: Motion to Proceed to H.R. 7147",No,https://www.govtrack.us/congress/votes/119-2026/s71,2026-03,2026-03,2026-03,2026-03,2026-03,2026-03, , , , ,2026-03,2026-03,2026-03,2026-03,2026-03,2026-03,2026-03,2026-03,2026-03,2026-03
100,House,3/25/2026,Failed,Procedural,On Motion to Recommit: H.R. 5103: Make the District of Columbia Safe and Beautiful Act of 2026,No,https://www.govtrack.us/congress/votes/119-2026/h100,2026-03,2026-03,2026-03,2026-03,2026-03,2026-03, , , , ,2026-03,2026-03,2026-03,2026-03,2026-03,2026-03,2026-03,2026-03,2026-03,2026-03
104,House,3/26/2026,Passed,Passage,H.R. 8029: Pay Our Homeland Defenders Act,Yes,https://www.govtrack.us/congress/votes/119-2026/h104,2026-03,2026-03,2026-03,2026-03,2026-03,2026-03, , , , ,2026-03,2026-03,2026-03,2026-03,2026-03,2026-03,2026-03,2026-03,2026-03,2026-03
103,House,3/26/2026,Failed,Procedural,On Motion to Recommit: H.R. 8029: Pay Our Homeland Defenders Act,No,https://www.govtrack.us/congress/votes/119-2026/h103,2026-03,2026-03,2026-03,2026-03,2026-03,2026-03, , , , ,2026-03,2026-03,2026-03,2026-03,2026-03,2026-03,2026-03,2026-03,2026-03,2026-03
102,House,3/26/2026,Passed,Passage,H.Res. 1128: Expressing the support of the House of Representatives for the Department of Homeland Security.,Yes,https://www.govtrack.us/congress/votes/119-2026/h102,2026-03,2026-03,2026-03,2026-03,2026-03,2026-03, , , , ,2026-03,2026-03,2026-03,2026-03,2026-03,2026-03,2026-03,2026-03,2026-03,2026-03
108,House,3/27/2026,Passed,Passage,"On Agreeing to the Resolution: H RES 1142 Providing for disposition of the Senate amendment to the bill (H.R. 7147) Department of Homeland Security Appropriations Act, 2026",Yes,https://www.govtrack.us/congress/votes/119-2026/h108,2026-03,2026-03,2026-03,2026-03,2026-03,2026-03, , , , ,2026-03,2026-03,2026-03,2026-03,2026-03,2026-03,2026-03,2026-03,2026-03,2026-03
107,House,3/27/2026,Passed,Procedural,"On Ordering the Previous Question: H RES 1142 Providing for disposition of the Senate amendment to the bill (H.R. 7147) Department of Homeland Security Appropriations Act, 2026",Yes,https://www.govtrack.us/congress/votes/119-2026/h107,2026-03,2026-03,2026-03,2026-03,2026-03,2026-03, , , , ,2026-03,2026-03,2026-03,2026-03,2026-03,2026-03,2026-03,2026-03,2026-03,2026-03
106,House,3/27/2026,Passed,Procedural,On Motion to Adjourn,Yes,https://www.govtrack.us/congress/votes/119-2026/h106,2026-03,2026-03,2026-03,2026-03,2026-03,2026-03, , , , ,2026-03,2026-03,2026-03,2026-03,2026-03,2026-03,2026-03,2026-03,2026-03,2026-03
105,House,3/27/2026,Passed,Passage,H.R. 7084: Defending American Property Abroad Act of 2026,Yes,https://www.govtrack.us/congress/votes/119-2026/h105,2026-03,2026-03,2026-03,2026-03,2026-03,2026-03, , , , ,2026-03,2026-03,2026-03,2026-03,2026-03,2026-03,2026-03,2026-03,2026-03,2026-03
110,House,4/14/2026,Passed,Passage under Suspension,H.R. 7613: ALERT Act,Yes,https://www.govtrack.us/congress/votes/119-2026/h110,2026-04,2026-04,2026-04,2026-04,2026-04,2026-04, , , , ,2026-04,2026-04,2026-04,2026-04,2026-04,2026-04,2026-04,2026-04,2026-04,2026-04
109,House,4/14/2026,Passed,Passage under Suspension,H.R. 1011: Emergency Conservation Program Improvement Act of 2025,Yes,https://www.govtrack.us/congress/votes/119-2026/h109,2026-04,2026-04,2026-04,2026-04,2026-04,2026-04, , , , ,2026-04,2026-04,2026-04,2026-04,2026-04,2026-04,2026-04,2026-04,2026-04,2026-04
79,Senate,4/15/2026,Motion to Discharge Rejected,Procedural,On the Motion to Discharge S.J.Res. 123,No,https://www.govtrack.us/congress/votes/119-2026/s79,2026-04,2026-04,2026-04,2026-04,2026-04,2026-04, , , , ,2026-04,2026-04,2026-04,2026-04,2026-04,2026-04,2026-04,2026-04,2026-04,2026-04
124,House,4/16/2026,Failed,Passage,"H.Res. 1175: Providing for consideration of the bill (H.R. 8035) to amend the FISA Amendments Act of 2008 to extend the authorities of title VII of the Foreign Intelligence Surveillance Act of 1978 through October 20, 2027, and for other purposes.",No,https://www.govtrack.us/congress/votes/119-2026/h124,2026-04,2026-04,2026-04,2026-04,2026-04,2026-04, , , , ,2026-04,2026-04,2026-04,2026-04,2026-04,2026-04,2026-04,2026-04,2026-04,2026-04
123,House,4/16/2026,Failed,Amendment,On Agreeing to the Amendment: Amendment 1 to H RES 1175,No,https://www.govtrack.us/congress/votes/119-2026/h123,2026-04,2026-04,2026-04,2026-04,2026-04,2026-04, , , , ,2026-04,2026-04,2026-04,2026-04,2026-04,2026-04,2026-04,2026-04,2026-04,2026-04
122,House,4/16/2026,Passed,Procedural,On Ordering the Previous Question: H.Res. 1175: Providing for consideration of the bill (H.R. 8035) to amend the FISA Amendments …,Yes,https://www.govtrack.us/congress/votes/119-2026/h122,2026-04,2026-04,2026-04,2026-04,2026-04,2026-04, , , , ,2026-04,2026-04,2026-04,2026-04,2026-04,2026-04,2026-04,2026-04,2026-04,2026-04
121,House,4/16/2026,Passed,Passage,H.Res. 1156: Expressing support for tax policies that support working families.,Yes,https://www.govtrack.us/congress/votes/119-2026/h121,2026-04,2026-04,2026-04,2026-04,2026-04,2026-04, , , , ,2026-04,2026-04,2026-04,2026-04,2026-04,2026-04,2026-04,2026-04,2026-04,2026-04
120,House,4/16/2026,Passed,Passage,H.R. 1689: To require the Secretary of Homeland Security to designate Haiti for temporary protected status.,Yes,https://www.govtrack.us/congress/votes/119-2026/h120,2026-04,2026-04,2026-04,2026-04,2026-04,2026-04, , , , ,2026-04,2026-04,2026-04,2026-04,2026-04,2026-04,2026-04,2026-04,2026-04,2026-04
125,House,4/20/2026,Passed,Passage under Suspension,H.R. 1681: Expediting Federal Broadband Deployment Reviews Act,Yes,https://www.govtrack.us/congress/votes/119-2026/h125,2026-04,2026-04,2026-04,2026-04,2026-04,2026-04, , , , ,2026-04,2026-04,2026-04,2026-04,2026-04,2026-04,2026-04,2026-04,2026-04,2026-04
137,House,4/23/2026,Passed,Passage,H.R. 5587: HEATS Act,Yes,https://www.govtrack.us/congress/votes/119-2026/h137,2026-04,2026-04,2026-04,2026-04,2026-04,2026-04, , , , ,2026-04,2026-04,2026-04,2026-04,2026-04,2026-04,2026-04,2026-04,2026-04,2026-04
139,House,4/27/2026,Passed,Passage under Suspension,H.R. 227: Clergy Act,Yes,https://www.govtrack.us/congress/votes/119-2026/h139,2026-04,2026-04,2026-04,2026-04,2026-04,2026-04, , , , ,2026-04,2026-04,2026-04,2026-04,2026-04,2026-04,2026-04,2026-04,2026-04,2026-04
138,House,4/27/2026,Passed,Passage under Suspension,H.R. 7959: IRS Whistleblower Program Improvement Act,Yes,https://www.govtrack.us/congress/votes/119-2026/h138,2026-04,2026-04,2026-04,2026-04,2026-04,2026-04, , , , ,2026-04,2026-04,2026-04,2026-04,2026-04,2026-04,2026-04,2026-04,2026-04,2026-04
143,House,4/29/2026,Passed,Passage,S.Con.Res. 33: A concurrent resolution setting forth the congressional budget for the United States Government for fiscal year 2026 and setting forth the appropriate budgetary levels for fiscal years 2027 through 2035.,Yes,https://www.govtrack.us/congress/votes/119-2026/h143,2026-04,2026-04,2026-04,2026-04,2026-04,2026-04, , , , ,2026-04,2026-04,2026-04,2026-04,2026-04,2026-04,2026-04,2026-04,2026-04,2026-04
111,Senate,4/29/2026,Motion to Proceed Rejected,Procedural,"Motion to Proceed on S.J.Res. 99: A joint resolution providing for congressional disapproval under chapter 8 of title 5, United States Code, of the rule submitted by U.S. Citizenship and Immigration Services relating to “Removal of the Automatic Extension of Employment Autho",No,https://www.govtrack.us/congress/votes/119-2026/s111,2026-04,2026-04,2026-04,2026-04,2026-04,2026-04, , , , ,2026-04,2026-04,2026-04,2026-04,2026-04,2026-04,2026-04,2026-04,2026-04,2026-04
142,House,4/29/2026,Passed,Passage,S. 1318: Fallen Servicemembers Religious Heritage Restoration Act,Yes,https://www.govtrack.us/congress/votes/119-2026/h142,2026-04,2026-04,2026-04,2026-04,2026-04,2026-04, , , , ,2026-04,2026-04,2026-04,2026-04,2026-04,2026-04,2026-04,2026-04,2026-04,2026-04
155,House,4/30/2026,Passed,Passage under Suspension,"On Motion to Suspend the Rules and Pass: S 4465 To amend the FISA Amendments Act of 2008 to extend the authorities of title VII of the Foreign Intelligence Surveillance Act of 1978, and for other purposes",Yes,https://www.govtrack.us/congress/votes/119-2026/h155,2026-04,2026-04,2026-04,2026-04,2026-04,2026-04, , , , ,2026-04,2026-04,2026-04,2026-04,2026-04,2026-04,2026-04,2026-04,2026-04,2026-04
113,Senate,4/30/2026,Motion to Discharge Rejected,Procedural,On the Motion to Discharge S.J.Res. 184,No,https://www.govtrack.us/congress/votes/119-2026/s113,2026-04,2026-04,2026-04,2026-04,2026-04,2026-04, , , , ,2026-04,2026-04,2026-04,2026-04,2026-04,2026-04,2026-04,2026-04,2026-04,2026-04
112,Senate,4/30/2026,Cloture Motion Agreed to,Cloture,Motion to Invoke Cloture: S. Res. 690,Yes,https://www.govtrack.us/congress/votes/119-2026/s112,2026-04,2026-04,2026-04,2026-04,2026-04,2026-04, , , , ,2026-04,2026-04,2026-04,2026-04,2026-04,2026-04,2026-04,2026-04,2026-04,2026-04
154,House,4/30/2026,Passed,Passage,"H.R. 7567: Farm, Food, and National Security Act of 2026",Yes,https://www.govtrack.us/congress/votes/119-2026/h154,2026-04,2026-04,2026-04,2026-04,2026-04,2026-04, , , , ,2026-04,2026-04,2026-04,2026-04,2026-04,2026-04,2026-04,2026-04,2026-04,2026-04
153,House,4/30/2026,Failed,Procedural,"On Motion to Recommit: H.R. 7567: Farm, Food, and National Security Act of 2026",No,https://www.govtrack.us/congress/votes/119-2026/h153,2026-04,2026-04,2026-04,2026-04,2026-04,2026-04, , , , ,2026-04,2026-04,2026-04,2026-04,2026-04,2026-04,2026-04,2026-04,2026-04,2026-04
115,Senate,5/11/2026,Cloture Motion Agreed to,Cloture,"Motion to Invoke Cloture: Kevin Warsh to be a Member of the Board of Governors of the Federal Reserve System: Kevin Warsh, of Florida, to be a Member of the Board of Governors of the Federal Reserve System for a term of fourteen years from February 1, 2026",Yes,https://www.govtrack.us/congress/votes/119-2026/s115,2026-05,2026-05,2026-05,2026-05,2026-05,2026-05, , , , ,2026-05,2026-05,2026-05,2026-05,2026-05,2026-05,2026-05,2026-05,2026-05,2026-05
114,Senate,5/11/2026,Resolution Agreed to,Passage,S.Res. 690: An executive resolution authorizing the en bloc consideration in Executive Session of certain nominations on the Executive Calendar.,Yes,https://www.govtrack.us/congress/votes/119-2026/s114,2026-05,2026-05,2026-05,2026-05,2026-05,2026-05, , , , ,2026-05,2026-05,2026-05,2026-05,2026-05,2026-05,2026-05,2026-05,2026-05,2026-05
157,House,5/12/2026,Passed,Passage under Suspension,H.R. 2853: Combating Organized Retail Crime Act of 2025,Yes,https://www.govtrack.us/congress/votes/119-2026/h157,2026-05,2026-05,2026-05,2026-05,2026-05,2026-05, , , , ,2026-05,2026-05,2026-05,2026-05,2026-05,2026-05,2026-05,2026-05,2026-05,2026-05
156,House,5/12/2026,Passed,Passage under Suspension,H.R. 2071: Save Our Shrimpers Act,Yes,https://www.govtrack.us/congress/votes/119-2026/h156,2026-05,2026-05,2026-05,2026-05,2026-05,2026-05, , , , ,2026-05,2026-05,2026-05,2026-05,2026-05,2026-05,2026-05,2026-05,2026-05,2026-05
117,Senate,5/12/2026,Cloture Motion Agreed to,Cloture,"Motion to Invoke Cloture: Kevin Warsh to be Chairman of the Board of Governors, Federal Reserve System: Kevin Warsh, of Florida, to be Chairman of the Board of Governors of the Federal Reserve System for a term of four years",Yes,https://www.govtrack.us/congress/votes/119-2026/s117,2026-05,2026-05,2026-05,2026-05,2026-05,2026-05, , , , ,2026-05,2026-05,2026-05,2026-05,2026-05,2026-05,2026-05,2026-05,2026-05,2026-05
116,Senate,5/12/2026,Nomination Confirmed,Nomination,"On the Nomination PN855-2: Kevin Warsh, of Florida, to be a Member of the Board of Governors of the Federal Reserve System for a term of fourteen years from February 1, 2026",Yes,https://www.govtrack.us/congress/votes/119-2026/s116,2026-05,2026-05,2026-05,2026-05,2026-05,2026-05, , , , ,2026-05,2026-05,2026-05,2026-05,2026-05,2026-05,2026-05,2026-05,2026-05,2026-05
166,House,5/13/2026,Passed,Passage under Suspension,H.Res. 1251: Calling on elected officials and civil society leaders to counter antisemitism and educate the public on the contributions of the Jewish-American community.,Yes,https://www.govtrack.us/congress/votes/119-2026/h166,2026-05,2026-05,2026-05,2026-05,2026-05,2026-05, , , , ,2026-05,2026-05,2026-05,2026-05,2026-05,2026-05,2026-05,2026-05,2026-05,2026-05
175,House,5/15/2026,Passed,Passage,"H.R. 8469: Making appropriations for military construction, the Department of Veterans Affairs, and related agencies for the fiscal year ending September 30, 2027, and for other purposes.",Yes,https://www.govtrack.us/congress/votes/119-2026/h175,2026-05,2026-05,2026-05,2026-05,2026-05,2026-05, , , , ,2026-05,2026-05,2026-05,2026-05,2026-05,2026-05,2026-05,2026-05,2026-05,2026-05
129,Senate,5/19/2026,Motion to Discharge Agreed to,Procedural,On the Motion to Discharge S.J.Res. 185,Yes,https://www.govtrack.us/congress/votes/119-2026/s129,2026-05,2026-05,2026-05,2026-05,2026-05,2026-05, , , , ,2026-05,2026-05,2026-05,2026-05,2026-05,2026-05,2026-05,2026-05,2026-05,2026-05
128,Senate,5/19/2026,Cloture Motion Agreed to,Cloture,"Motion to Invoke Cloture: Evan Rikhye to be Judge for the District Court of the Virgin Islands: Evan Rikhye, of the Virgin Islands, to be Judge for the District Court of the Virgin Islands for a term of ten years",Yes,https://www.govtrack.us/congress/votes/119-2026/s128,2026-05,2026-05,2026-05,2026-05,2026-05,2026-05, , , , ,2026-05,2026-05,2026-05,2026-05,2026-05,2026-05,2026-05,2026-05,2026-05,2026-05
127,Senate,5/19/2026,Nomination Confirmed,Nomination,"On the Nomination PN851-1: Sheria Akins Clarke, of South Carolina, to be United States District Judge for the District of South Carolina",Yes,https://www.govtrack.us/congress/votes/119-2026/s127,2026-05,2026-05,2026-05,2026-05,2026-05,2026-05, , , , ,2026-05,2026-05,2026-05,2026-05,2026-05,2026-05,2026-05,2026-05,2026-05,2026-05
126,Senate,5/19/2026,Cloture Motion Agreed to,Cloture,"Motion to Invoke Cloture: Sheria Akins Clarke to be U.S. District Judge for the District of South Carolina: Sheria Akins Clarke, of South Carolina, to be United States District Judge for the District of South Carolina",Yes,https://www.govtrack.us/congress/votes/119-2026/s126,2026-05,2026-05,2026-05,2026-05,2026-05,2026-05, , , , ,2026-05,2026-05,2026-05,2026-05,2026-05,2026-05,2026-05,2026-05,2026-05,2026-05
131,Senate,6/1/2026,Cloture Motion Agreed to,Cloture,"Motion to Invoke Cloture: Kathleen S. Lane to be U.S. District Judge for the District of Montana: Kathleen S. Lane, of Montana, to be United States District Judge for the District of Montana",Yes,https://www.govtrack.us/congress/votes/119-2026/s131,2026-06,2026-06,2026-06,2026-06,2026-06,2026-06, , , , ,2026-06,2026-06,2026-06,2026-06,2026-06,2026-06,2026-06,2026-06,2026-06,2026-06
134,Senate,6/2/2026,Nomination Confirmed,Nomination,"On the Nomination PN851-2: Jeffrey M. Kuhlman, of Kansas, to be United States District Judge for the District of Kansas",Yes,https://www.govtrack.us/congress/votes/119-2026/s134,2026-06,2026-06,2026-06,2026-06,2026-06,2026-06, , , , ,2026-06,2026-06,2026-06,2026-06,2026-06,2026-06,2026-06,2026-06,2026-06,2026-06
133,Senate,6/2/2026,Cloture Motion Agreed to,Cloture,"Motion to Invoke Cloture: Jeffrey M. Kuhlman to be U.S. District Judge for the District of Kansas: Jeffrey M. Kuhlman, of Kansas, to be United States District Judge for the District of Kansas",Yes,https://www.govtrack.us/congress/votes/119-2026/s133,2026-06,2026-06,2026-06,2026-06,2026-06,2026-06, , , , ,2026-06,2026-06,2026-06,2026-06,2026-06,2026-06,2026-06,2026-06,2026-06,2026-06
132,Senate,6/2/2026,Nomination Confirmed,Nomination,"On the Nomination PN851-3: Kathleen S. Lane, of Montana, to be United States District Judge for the District of Montana",Yes,https://www.govtrack.us/congress/votes/119-2026/s132,2026-06,2026-06,2026-06,2026-06,2026-06,2026-06, , , , ,2026-06,2026-06,2026-06,2026-06,2026-06,2026-06,2026-06,2026-06,2026-06,2026-06
200,House,6/3/2026,Passed,Procedural,"On Motion to Discharge: H.Res. 518: Providing for consideration of the bill (H.R. 2913) to authorize support for Ukraine, …",Yes,https://www.govtrack.us/congress/votes/119-2026/h200,2026-06,2026-06,2026-06,2026-06,2026-06,2026-06, , , , ,2026-06,2026-06,2026-06,2026-06,2026-06,2026-06,2026-06,2026-06,2026-06,2026-06
199,House,6/3/2026,Passed,Passage,"H.Con.Res. 86: Directing the President, pursuant to section 5(c) of the War Powers Resolution, to remove United States Armed Forces from hostilities with Iran.",Yes,https://www.govtrack.us/congress/votes/119-2026/h199,2026-06,2026-06,2026-06,2026-06,2026-06,2026-06, , , , ,2026-06,2026-06,2026-06,2026-06,2026-06,2026-06,2026-06,2026-06,2026-06,2026-06
198,House,6/3/2026,Passed,Passage,H.R. 7726: No Funds for Repeat Child Care Violations Act of 2026,Yes,https://www.govtrack.us/congress/votes/119-2026/h198,2026-06,2026-06,2026-06,2026-06,2026-06,2026-06, , , , ,2026-06,2026-06,2026-06,2026-06,2026-06,2026-06,2026-06,2026-06,2026-06,2026-06
197,House,6/3/2026,Failed,Procedural,On Motion to Recommit: H.R. 7726: No Funds for Repeat Child Care Violations Act of 2026,No,https://www.govtrack.us/congress/votes/119-2026/h197,2026-06,2026-06,2026-06,2026-06,2026-06,2026-06, , , , ,2026-06,2026-06,2026-06,2026-06,2026-06,2026-06,2026-06,2026-06,2026-06,2026-06
151,Senate,6/5/2026,Motion Rejected,Procedural,On the Motion (Motion to Waive All Budgetary Discipline Re: Lee Amdt. No. 5804),No,https://www.govtrack.us/congress/votes/119-2026/s151,2026-06,2026-06,2026-06,2026-06,2026-06,2026-06, , , , ,2026-06,2026-06,2026-06,2026-06,2026-06,2026-06,2026-06,2026-06,2026-06,2026-06
152,Senate,6/4/2026,Motion Rejected,Procedural,On the Motion (Motion to Waive All Applicable Budgetary Discipline Re: Durbin Amdt. No. 5806),No,https://www.govtrack.us/congress/votes/119-2026/s152,2026-06,2026-06,2026-06,2026-06,2026-06,2026-06, , , , ,2026-06,2026-06,2026-06,2026-06,2026-06,2026-06,2026-06,2026-06,2026-06,2026-06
150,Senate,6/4/2026,Motion Rejected,Procedural,On the Motion (Motion to Waive All Applicable Budgetary Discipline Re: Booker Amdt. No. 5803),No,https://www.govtrack.us/congress/votes/119-2026/s150,2026-06,2026-06,2026-06,2026-06,2026-06,2026-06, , , , ,2026-06,2026-06,2026-06,2026-06,2026-06,2026-06,2026-06,2026-06,2026-06,2026-06
162,Senate,6/5/2026,Motion Rejected,Procedural,On the Motion (Motion to Waive All Applicable Budgetary Discipline Re: Schiff Amdt. No. 5740),No,https://www.govtrack.us/congress/votes/119-2026/s162,2026-06,2026-06,2026-06,2026-06,2026-06,2026-06, , , , ,2026-06,2026-06,2026-06,2026-06,2026-06,2026-06,2026-06,2026-06,2026-06,2026-06
222,House,6/11/2026,Passed,Passage,"H.Res. 1335: Condemning actors seeking to defraud the United States Government, and expressing the sense of the House of Representatives that governmentwide fraud and improper payment prevention reforms will meaningfully improve the financial prosperity ",Yes,https://www.govtrack.us/congress/votes/119-2026/h222,2026-06,2026-06,2026-06,2026-06,2026-06,2026-06, , , , ,2026-06,2026-06,2026-06,2026-06,2026-06,2026-06,2026-06,2026-06,2026-06,2026-06
221,House,6/11/2026,Failed,Passage under Suspension,"H.R. 9238: To amend the FISA Amendments Act of 2008 to extend the authorities of title VII of the Foreign Intelligence Surveillance Act of 1978, and for other purposes.",No,https://www.govtrack.us/congress/votes/119-2026/h221,2026-06,2026-06,2026-06,2026-06,2026-06,2026-06, , , , ,2026-06,2026-06,2026-06,2026-06,2026-06,2026-06,2026-06,2026-06,2026-06,2026-06
224,House,6/23/2026,Passed,Passage under Suspension,H.R. 6644: 21st Century ROAD to Housing Act,Yes,https://www.govtrack.us/congress/votes/119-2026/h224,2026-06,2026-06,2026-06,2026-06,2026-06,2026-06, , , , ,2026-06,2026-06,2026-06,2026-06,2026-06,2026-06,2026-06,2026-06,2026-06,2026-06
223,House,6/23/2026,Passed,Passage under Suspension,S. 629: Emergency Conservation Program Improvement Act of 2025,Yes,https://www.govtrack.us/congress/votes/119-2026/h223,2026-06,2026-06,2026-06,2026-06,2026-06,2026-06, , , , ,2026-06,2026-06,2026-06,2026-06,2026-06,2026-06,2026-06,2026-06,2026-06,2026-06
227,House,6/25/2026,Passed,Passage under Suspension,H.R. 2478: Financial Exploitation Prevention Act of 2025,Yes,https://www.govtrack.us/congress/votes/119-2026/h227,2026-06,2026-06,2026-06,2026-06,2026-06,2026-06, , , , ,2026-06,2026-06,2026-06,2026-06,2026-06,2026-06,2026-06,2026-06,2026-06,2026-06
229,House,6/29/2026,Passed,Passage under Suspension,H.R. 7128: TRIA Program Reauthorization Act of 2026,Yes,https://www.govtrack.us/congress/votes/119-2026/h229,2026-06,2026-06,2026-06,2026-06,2026-06,2026-06, , , , ,2026-06,2026-06,2026-06,2026-06,2026-06,2026-06,2026-06,2026-06,2026-06,2026-06
228,House,6/29/2026,Passed,Passage under Suspension,H.R. 7757: KIDS Act,Yes,https://www.govtrack.us/congress/votes/119-2026/h228,2026-06,2026-06,2026-06,2026-06,2026-06,2026-06, , , , ,2026-06,2026-06,2026-06,2026-06,2026-06,2026-06,2026-06,2026-06,2026-06,2026-06
235,House,7/13/2026,Passed,Passage under Suspension,H.R. 8897: Improving Travel for American Families Act,Yes,https://www.govtrack.us/congress/votes/119-2026/h235,2026-07,2026-07,2026-07,2026-07,2026-07,2026-07, , , , ,2026-07,2026-07,2026-07,2026-07,2026-07,2026-07,2026-07,2026-07,2026-07,2026-07
237,House,7/14/2026,Passed,Passage,"H.Res. 1423: Providing for consideration of the bill (H.R. 139) to make daylight savings time permanent, and for other purposes; providing for consideration of the bill (H.R. 8595) making appropriations for national security, Department of State, and rel",Yes,https://www.govtrack.us/congress/votes/119-2026/h237,2026-07,2026-07,2026-07,2026-07,2026-07,2026-07, , , , ,2026-07,2026-07,2026-07,2026-07,2026-07,2026-07,2026-07,2026-07,2026-07,2026-07
236,House,7/14/2026,Passed,Procedural,On Ordering the Previous Question: H.Res. 1423: Providing for consideration of the bill (H.R. 139) to make daylight savings time …,Yes,https://www.govtrack.us/congress/votes/119-2026/h236,2026-07,2026-07,2026-07,2026-07,2026-07,2026-07, , , , ,2026-07,2026-07,2026-07,2026-07,2026-07,2026-07,2026-07,2026-07,2026-07,2026-07
247,House,7/15/2026,Passed,Passage,"H.R. 8595: National Security, Department of State, and Related Programs Appropriations Act, 2027",Yes,https://www.govtrack.us/congress/votes/119-2026/h247,2026-07,2026-07,2026-07,2026-07,2026-07,2026-07, , , , ,2026-07,2026-07,2026-07,2026-07,2026-07,2026-07,2026-07,2026-07,2026-07,2026-07
246,House,7/15/2026,Failed,Procedural,"On Motion to Recommit: H.R. 8595: National Security, Department of State, and Related Programs Appropriations Act, 2027",No,https://www.govtrack.us/congress/votes/119-2026/h246,2026-07,2026-07,2026-07,2026-07,2026-07,2026-07, , , , ,2026-07,2026-07,2026-07,2026-07,2026-07,2026-07,2026-07,2026-07,2026-07,2026-07
245,House,7/15/2026,Failed,Amendment,On Agreeing to the Amendment: Amendment 7 to H R 8595,No,https://www.govtrack.us/congress/votes/119-2026/h245,2026-07,2026-07,2026-07,2026-07,2026-07,2026-07, , , , ,2026-07,2026-07,2026-07,2026-07,2026-07,2026-07,2026-07,2026-07,2026-07,2026-07
243,House,7/15/2026,Failed,Amendment,On Agreeing to the Amendment: Amendment 5 to H R 8595,No,https://www.govtrack.us/congress/votes/119-2026/h243,2026-07,2026-07,2026-07,2026-07,2026-07,2026-07, , , , ,2026-07,2026-07,2026-07,2026-07,2026-07,2026-07,2026-07,2026-07,2026-07,2026-07
249,House,7/16/2026,Failed,Procedural,On Motion to Recommit: H.R. 9237: Take Care of America’s Veterans Act,No,https://www.govtrack.us/congress/votes/119-2026/h249,2026-07,2026-07,2026-07,2026-07,2026-07,2026-07, , , , ,2026-07,2026-07,2026-07,2026-07,2026-07,2026-07,2026-07,2026-07,2026-07,2026-07
248,House,7/16/2026,Passed,Passage under Suspension,"H.R. 5362: To name the Department of Veterans Affairs multispecialty clinic in Marietta, Georgia, as the “Colonel Michael H. Boyce Department of Veterans Affairs Multispecialty Clinic”.",Yes,https://www.govtrack.us/congress/votes/119-2026/h248,2026-07,2026-07,2026-07,2026-07,2026-07,2026-07, , , , ,2026-07,2026-07,2026-07,2026-07,2026-07,2026-07,2026-07,2026-07,2026-07,2026-07
251,House,7/20/2026,Passed,Passage under Suspension,H.R. 8823: Putting Patients First by Strengthening Provider Accountability in FECA Act,Yes,https://www.govtrack.us/congress/votes/119-2026/h251,2026-07,2026-07,2026-07,2026-07,2026-07,2026-07, , , , ,2026-07,2026-07,2026-07,2026-07,2026-07,2026-07,2026-07,2026-07,2026-07,2026-07
250,House,7/20/2026,Passed,Passage under Suspension,H.R. 4541: EARLY Act Reauthorization of 2025,Yes,https://www.govtrack.us/congress/votes/119-2026/h250,2026-07,2026-07,2026-07,2026-07,2026-07,2026-07, , , , ,2026-07,2026-07,2026-07,2026-07,2026-07,2026-07,2026-07,2026-07,2026-07,2026-07
206,Senate,7/22/2026,Cloture Motion Agreed to,Cloture,"Motion to Invoke Cloture: Daniel Mack Traynor to be U.S. Circuit Judge for the Eighth Circuit: Daniel Mack Traynor, of North Dakota, to be United States Circuit Judge for the Eighth Circuit",Yes,https://www.govtrack.us/congress/votes/119-2026/s206,2026-07,2026-07,2026-07,2026-07,2026-07,2026-07, , , , ,2026-07,2026-07,2026-07,2026-07,2026-07,2026-07,2026-07,2026-07,2026-07,2026-07
281,House,7/22/2026,Passed,Passage,H.Con.Res. 113: Establishing the congressional budget for the United States Government for fiscal year 2027 and setting forth the appropriate budgetary levels for fiscal years 2028 through 2036.,Yes,https://www.govtrack.us/congress/votes/119-2026/h281,2026-07,2026-07,2026-07,2026-07,2026-07,2026-07, , , , ,2026-07,2026-07,2026-07,2026-07,2026-07,2026-07,2026-07,2026-07,2026-07,2026-07
280,House,7/22/2026,Passed,Passage,H.R. 7008: Stop Insider Trading Act,Yes,https://www.govtrack.us/congress/votes/119-2026/h280,2026-07,2026-07,2026-07,2026-07,2026-07,2026-07, , , , ,2026-07,2026-07,2026-07,2026-07,2026-07,2026-07,2026-07,2026-07,2026-07,2026-07
207,Senate,7/23/2026,Motion to Discharge Rejected,Procedural,On the Motion to Discharge S.J.Res. 180,No,https://www.govtrack.us/congress/votes/119-2026/s207,2026-07,2026-07,2026-07,2026-07,2026-07,2026-07, , , , ,2026-07,2026-07,2026-07,2026-07,2026-07,2026-07,2026-07,2026-07,2026-07,2026-07
283,House,7/23/2026,Passed,Passage,H.R. 8884: Removing Barriers to Work for Disabled Americans Act,Yes,https://www.govtrack.us/congress/votes/119-2026/h283,2026-07,2026-07,2026-07,2026-07,2026-07,2026-07, , , , ,2026-07,2026-07,2026-07,2026-07,2026-07,2026-07,2026-07,2026-07,2026-07,2026-07
217,Senate,7/30/2026,Resolution Agreed to,Passage,S.Res. 817: An executive resolution authorizing the en bloc consideration in Executive Session of certain nominations on the Executive Calendar.,Yes,https://www.govtrack.us/congress/votes/119-2026/s217,2026-07,2026-07,2026-07,2026-07,2026-07,2026-07, , , , ,2026-07,2026-07,2026-07,2026-07,2026-07,2026-07,2026-07,2026-07,2026-07,2026-07