vote_id,congress_era,vote_date,vote_category,bill_id,title,plain_language_summary,crs_url,suggested_theme,suggested,adjudicated,notes
h-111-1-1,111,2009-01-06,PROCEDURAL,,,,,,true,false,
h-111-1-3,111,2009-01-06,PROCEDURAL,hres-5-111,Adopting rules for the One Hundred Eleventh Congress,,,,true,false,
h-111-1-4,111,2009-01-06,PASSAGE,hres-5-111,Adopting rules for the One Hundred Eleventh Congress,,,,true,false,
h-111-1-5,111,2009-01-07,SUSPENSION,hr-35-111,Presidential Records Act Amendments,,,,true,false,
h-111-1-6,111,2009-01-07,SUSPENSION,hr-36-111,Presidential Library Donation Reform Act,,,,true,false,
h-111-1-10,111,2009-01-09,SUSPENSION,hres-34-111,"Recognizing Israel’s right to defend itself against attacks from Gaza, reaffirming the United States’ strong support for Israel, and supporting the Israeli-Palestinian peace process",,,,true,false,
h-111-1-7,111,2009-01-09,MOTION_TO_RECOMMIT,hr-12-111,Paycheck Fairness Act,,,,true,false,
h-111-1-8,111,2009-01-09,PASSAGE,hr-12-111,Paycheck Fairness Act,,,,true,false,
h-111-1-9,111,2009-01-09,PASSAGE,hr-11-111,Lilly Ledbetter Fair Pay Act of 2009,,,WORKFORCE,true,true,
h-111-1-11,111,2009-01-13,SUSPENSION,hres-41-111,Supporting the goals and ideals of National Mentoring Month 2009,,,,true,false,
h-111-1-12,111,2009-01-13,SUSPENSION,hres-50-111,"Honoring the life of Claiborne Pell, distinguished former Senator from the State of Rhode Island",,,,true,false,
h-111-1-13,111,2009-01-13,SUSPENSION,hres-43-111,Recognizing the efforts of those who serve their communities on Martin Luther King Day and promoting the holiday as a day of national service,,,,true,false,
h-111-1-14,111,2009-01-14,PASSAGE,hres-52-111,"Providing for consideration of H.R. 2, to amend title XXI of the Social Security Act to extend and improve the Children’s Health Insurance Program, and for other purposes",,,HEALTH_COSTS,true,false,
h-111-1-15,111,2009-01-14,MOTION_TO_RECOMMIT,hr-2-111,Children’s Health Insurance Program Reauthorization Act of 2009,,,HEALTH_COSTS,true,false,
h-111-1-16,111,2009-01-14,PASSAGE,hr-2-111,Children’s Health Insurance Program Reauthorization Act of 2009,,,HEALTH_COSTS,true,true,
h-111-1-17,111,2009-01-14,PASSAGE,hres-53-111,"Providing for consideration of H.R. 384, to reform the Troubled Assets Relief Program of the Secretary of the Treasury and ensure accountability under such program",,,,true,false,
h-111-1-18,111,2009-01-14,SUSPENSION,hres-40-111,"Amending the Rules of the House of Representatives to require each standing committee to hold periodic hearings on the topic of waste, fraud, abuse, or mismanagement in Government programs which that committee may authorize, and for other purposes",,,,true,false,
h-111-1-19,111,2009-01-15,AMENDMENT,hr-384-111,TARP Reform and Accountability Act,,,,true,false,
h-111-1-20,111,2009-01-15,AMENDMENT,hr-384-111,TARP Reform and Accountability Act,,,,true,false,
h-111-1-21,111,2009-01-15,AMENDMENT,hr-384-111,TARP Reform and Accountability Act,,,,true,false,
h-111-1-22,111,2009-01-15,AMENDMENT,hr-384-111,TARP Reform and Accountability Act,,,,true,false,
h-111-1-23,111,2009-01-21,AMENDMENT,hr-384-111,TARP Reform and Accountability Act,,,,true,false,
h-111-1-24,111,2009-01-21,PROCEDURAL,hr-384-111,TARP Reform and Accountability Act,,,,true,false,
h-111-1-25,111,2009-01-21,MOTION_TO_RECOMMIT,hr-384-111,TARP Reform and Accountability Act,,,,true,false,
h-111-1-26,111,2009-01-21,PASSAGE,hr-384-111,TARP Reform and Accountability Act,,,,true,false,
h-111-1-27,111,2009-01-22,PASSAGE,hjres-3-111,Relating to the disapproval of obligations under the Emergency Economic Stabilization Act of 2008,,,,true,false,
h-111-1-28,111,2009-01-22,SUSPENSION,hres-56-111,"Designating the week of February 2 through February 6, 2009 as “National School Couseling Week”",,,,true,false,
h-111-1-29,111,2009-01-22,SUSPENSION,hres-58-111,Commending the University of Florida Gators for winning the Bowl Championship Series National Championship Game,,,,true,false,
h-111-1-30,111,2009-01-26,SUSPENSION,hres-31-111,"Expressing support for designation of January 28, 2009, as “National Data Privacy Day”",,,,true,false,
h-111-1-31,111,2009-01-26,SUSPENSION,hres-84-111,"Honoring the heroic actions of the pilot, crew, and rescuers of US Airways Flight 1549",,,,true,false,
h-111-1-32,111,2009-01-27,PROCEDURAL,hres-87-111,Rule providing for consideration of the bill S. 181,,,,true,false,
h-111-1-33,111,2009-01-27,PASSAGE,hres-87-111,Rule providing for consideration of the bill S. 181,,,,true,false,
h-111-1-34,111,2009-01-27,PROCEDURAL,hres-88-111,Rule providing for consideration of the bill H.R. 1,,,,true,false,
h-111-1-35,111,2009-01-27,PASSAGE,hres-88-111,Rule providing for consideration of the bill H.R. 1,,,,true,false,
h-111-1-36,111,2009-01-27,PROCEDURAL,s-181-111,Lilly Ledbetter Fair Pay Act of 2009,,,WORKFORCE,true,false,
h-111-1-37,111,2009-01-27,PASSAGE,s-181-111,Lilly Ledbetter Fair Pay Act of 2009,,,WORKFORCE,true,true,
h-111-1-38,111,2009-01-27,PROCEDURAL,hr-1-111,Making supplemental appropriations for fiscal year ending 2009,,,,true,false,
h-111-1-39,111,2009-01-28,PROCEDURAL,hres-92-111,Rule providing for consideration of H.R. 1,,,,true,false,
h-111-1-40,111,2009-01-28,PASSAGE,hres-92-111,Rule providing for consideration of H.R. 1,,,,true,false,
h-111-1-41,111,2009-01-28,SUSPENSION,s-328-111,To postpone the DTV transition date.,,,,true,false,
h-111-1-42,111,2009-01-28,AMENDMENT,hr-1-111,Making supplemental appropriations for fiscal year ending 2009,,,,true,false,
h-111-1-43,111,2009-01-28,AMENDMENT,hr-1-111,Making supplemental appropriations for fiscal year ending 2009,,,,true,false,
h-111-1-44,111,2009-01-28,AMENDMENT,hr-1-111,Making supplemental appropriations for fiscal year ending 2009,,,,true,false,
h-111-1-45,111,2009-01-28,MOTION_TO_RECOMMIT,hr-1-111,Making supplemental appropriations for fiscal year ending 2009,,,,true,false,
h-111-1-46,111,2009-01-28,PASSAGE,hr-1-111,Making supplemental appropriations for fiscal year ending 2009,,,,true,false,
h-111-1-47,111,2009-02-03,SUSPENSION,hres-82-111,Raising awareness and encouraging prevention of stalking by establishing January 2009 as “National Stalking Awareness Month”,,,,true,false,
h-111-1-48,111,2009-02-03,SUSPENSION,hres-103-111,Supporting the goals and ideals of National Teen Dating Violence Awareness and Prevention Week,,,,true,false,
h-111-1-49,111,2009-02-03,SUSPENSION,hr-559-111,FAST Redress Act of 2009,,,,true,false,
h-111-1-50,111,2009-02-04,AMENDMENT,hr-2-111,Children’s Health Insurance Program Reauthorization Act of 2009,,,HEALTH_COSTS,true,true,
h-111-1-51,111,2009-02-04,PROCEDURAL,s-352-111,DTV Delay Act,,,,true,false,
h-111-1-52,111,2009-02-04,PASSAGE,s-352-111,DTV Delay Act,,,,true,false,
h-111-1-53,111,2009-02-04,SUSPENSION,hr-738-111,Death in Custody Reporting Act,,,,true,false,
h-111-1-54,111,2009-02-10,PROCEDURAL,hr-1-111,Making supplemental appropriations for fiscal year ending 2009,,,,true,false,
h-111-1-55,111,2009-02-10,SUSPENSION,hres-114-111,Supporting the goals and ideals of “National Girls and Women in Sports Day”,,,,true,false,
h-111-1-56,111,2009-02-10,SUSPENSION,hres-60-111,Recognizing and commending University of Oklahoma quarterback Sam Bradford for winning the 2008 Heisman Trophy and for his academic and athletic accomplishments,,,,true,false,
h-111-1-57,111,2009-02-10,PROCEDURAL,hres-143-111,Raising a Question of the Privileges of the House,,,,true,false,
h-111-1-58,111,2009-02-10,SUSPENSION,hres-128-111,Honoring Miami University for its 200 years of commitment to extraordinary higher education,,,,true,false,
h-111-1-59,111,2009-02-10,SUSPENSION,hres-134-111,"Recognizing the 50th Anniversary of Dr. Martin Luther King, Jr.’s visit to India, and the positive influence that the teachings of Mahatma Gandhi had on Dr. King’s work during the Civil Rights Movement",,,,true,false,
h-111-1-60,111,2009-02-11,PASSAGE,hconres-47-111,Providing for an adjournment or recess of the two Houses,,,,true,false,
h-111-1-61,111,2009-02-11,SUSPENSION,hres-154-111,Honoring John D. Dingell for holding the record as the longest serving member of the House of Representatives,,,,true,false,
h-111-1-62,111,2009-02-11,SUSPENSION,hr-448-111,Elder Abuse Victims Act,,,,true,false,
h-111-1-63,111,2009-02-12,PASSAGE,hres-157-111,"Providing for consideration of motions to suspend the rules, and for other purposes",,,,true,false,
h-111-1-64,111,2009-02-12,SUSPENSION,hres-117-111,Supporting the goals and ideals of National Engineers Week,,,,true,false,
h-111-1-65,111,2009-02-12,SUSPENSION,hconres-35-111,Honoring and praising the National Association for the Advancement of Colored People on the occasion of its 100th anniversary,,,,true,false,
h-111-1-66,111,2009-02-13,PROCEDURAL,hres-168-111,"Providing for consideration of the conference report to accompany H.R. 1, Economic Stimulus",,,,true,false,
h-111-1-67,111,2009-02-13,PASSAGE,hres-168-111,"Providing for consideration of the conference report to accompany H.R. 1, Economic Stimulus",,,,true,false,
h-111-1-68,111,2009-02-13,PROCEDURAL,hr-1-111,Making supplemental appropriations for fiscal year ending 2009,,,,true,false,
h-111-1-69,111,2009-02-13,MOTION_TO_RECOMMIT,hr-1-111,Making supplemental appropriations for fiscal year ending 2009,,,,true,false,
h-111-1-70,111,2009-02-13,PASSAGE,hr-1-111,Making supplemental appropriations for fiscal year ending 2009,,,,true,false,
h-111-1-71,111,2009-02-13,SUSPENSION,hres-139-111,Commemorating the life and legacy of President Abraham Lincoln on the bicentennial of his birth,,,,true,false,
h-111-1-72,111,2009-02-23,SUSPENSION,hr-911-111,Stop Child Abuse in Residential Programs for Teens Act,,,,true,false,
h-111-1-73,111,2009-02-23,SUSPENSION,hr-44-111,Guam World War II Loyalty Recognition Act,,,,true,false,
h-111-1-74,111,2009-02-23,SUSPENSION,hr-601-111,Box Elder Utah Land Conveyance Act,,,,true,false,
h-111-1-75,111,2009-02-24,PROCEDURAL,,,,,,true,false,
h-111-1-76,111,2009-02-24,SUSPENSION,hr-80-111,Captive Primate Safety Act,,,,true,false,
h-111-1-77,111,2009-02-24,SUSPENSION,hr-637-111,South Orange County Recycled Water Enhancement Act,,,,true,false,
h-111-1-78,111,2009-02-24,SUSPENSION,hres-83-111,Recognizing the significance of Black History Month,,,,true,false,
h-111-1-79,111,2009-02-24,SUSPENSION,s-234-111,"Colonel John H. Wilson, Jr. Post Office Building",,,,true,false,
h-111-1-80,111,2009-02-25,PROCEDURAL,,,,,,true,false,
h-111-1-81,111,2009-02-25,SUSPENSION,hres-47-111,Supporting the goals and ideals of Peace Officers Memorial Day,,,,true,false,
h-111-1-82,111,2009-02-25,SUSPENSION,hres-180-111,Supporting the goals and ideals of the third annual America Saves Week,,,,true,false,
h-111-1-83,111,2009-02-25,PROCEDURAL,hres-184-111,"Providing for consideration of H.R. 1105, the Omnibus Appropriations for 2009",,,,true,false,
h-111-1-84,111,2009-02-25,PROCEDURAL,hres-184-111,"Providing for consideration of H.R. 1105, the Omnibus Appropriations for 2009",,,,true,false,
h-111-1-85,111,2009-02-25,PASSAGE,hres-184-111,"Providing for consideration of H.R. 1105, the Omnibus Appropriations for 2009",,,,true,false,
h-111-1-86,111,2009-02-25,PASSAGE,hr-1105-111,"Omnibus Appropriations Act, 2009",,,,true,false,
h-111-1-87,111,2009-02-25,PROCEDURAL,hres-189-111,Flake of Arizona Privileged Resolution,,,,true,false,
h-111-1-88,111,2009-02-26,PROCEDURAL,hres-190-111,Providing for consideration of H.R. 1106 to prevent mortgage foreclosures and enhance mortgage credit availability,,,,true,false,
h-111-1-89,111,2009-02-26,PASSAGE,hres-190-111,Providing for consideration of H.R. 1106 to prevent mortgage foreclosures and enhance mortgage credit availability,,,,true,false,
h-111-1-90,111,2009-02-26,SUSPENSION,hres-183-111,"Expressing condolences to the families, friends, and loved ones of the victims of the crash of Continental Connection Flight 3407, and for other purposes",,,,true,false,
h-111-1-91,111,2009-03-03,SUSPENSION,hr-146-111,Omnibus Public Land Management Act of 2009,,,,true,false,
h-111-1-92,111,2009-03-03,SUSPENSION,hr-548-111,Civil War Battlefield Preservation Act,,,,true,false,
h-111-1-93,111,2009-03-03,SUSPENSION,hres-77-111,"Congratulating the University of Mary Washington in Fredericksburg, Virginia, for more than 100 years of service and leadership to the United States",,,,true,false,
h-111-1-94,111,2009-03-04,SUSPENSION,hres-201-111,"Recognizing Beverly Eckert’s service to the Nation and particularly to the survivors and families of the September 11, 2001, attacks.",,,,true,false,
h-111-1-95,111,2009-03-04,SUSPENSION,hres-195-111,Recognizing and honoring the employees of the Department of Homeland Security on its sixth anniversary for their continuous efforts to keep the nation safe.,,,,true,false,
h-111-1-96,111,2009-03-04,SUSPENSION,hres-45-111,Raising awareness and promoting education on the criminal justice system by establishing March as “National Criminal Justice Month”.,,,,true,false,
h-111-1-100,111,2009-03-05,AMENDMENT,hr-1106-111,Helping Families Save Their Homes Act of 2009,,,,true,false,
h-111-1-101,111,2009-03-05,AMENDMENT,hr-1106-111,Helping Families Save Their Homes Act of 2009,,,,true,false,
h-111-1-102,111,2009-03-05,AMENDMENT,hr-1106-111,Helping Families Save Their Homes Act of 2009,,,,true,false,
h-111-1-103,111,2009-03-05,MOTION_TO_RECOMMIT,hr-1106-111,Helping Families Save Their Homes Act of 2009,,,,true,false,
h-111-1-104,111,2009-03-05,PASSAGE,hr-1106-111,Helping Families Save Their Homes Act of 2009,,,,true,false,
h-111-1-105,111,2009-03-05,PROCEDURAL,hres-212-111,Raising a question of the privileges of the House.,,,,true,false,
h-111-1-106,111,2009-03-05,SUSPENSION,hres-153-111,Commending the University of Southern California Trojan football team for its victory in the 2009 Rose Bowl,,,,true,false,
h-111-1-97,111,2009-03-05,PASSAGE,hres-205-111,Providing for further consideration of the bill (H.R. 1106) to prevent mortgage foreclosures and enhance mortgage credit availability,,,,true,false,
h-111-1-98,111,2009-03-05,SUSPENSION,hres-146-111,"Designating March 2, 2009, as “Read Across America Day”",,,,true,false,
h-111-1-99,111,2009-03-05,SUSPENSION,hconres-14-111,Supporting the goals and ideals of Multiple Sclerosis Awareness Week.,,,,true,false,
h-111-1-107,111,2009-03-06,PROCEDURAL,,,,,,true,false,
h-111-1-108,111,2009-03-06,MOTION_TO_RECOMMIT,hjres-38-111,"Making further continuing appropriations for fiscal year 2009, and for other purposes",,,,true,false,
h-111-1-109,111,2009-03-06,PASSAGE,hjres-38-111,"Making further continuing appropriations for fiscal year 2009, and for other purposes",,,,true,false,
h-111-1-110,111,2009-03-09,SUSPENSION,hres-210-111,Expressing the sense of the House of Representatives that providing breakfast in schools through the National School Breakfast Program has a positive impact on classroom performance,,,,true,false,
h-111-1-111,111,2009-03-09,SUSPENSION,hres-222-111,Congratulating the National Assessment Governing Board on its 20th Anniversary in measuring student academic achievement,,,,true,false,
h-111-1-112,111,2009-03-09,SUSPENSION,hr-131-111,Ronald Reagan Centennial Commission Act,,,,true,false,
h-111-1-113,111,2009-03-10,PROCEDURAL,hres-228-111,Flake Privilege Resolution,,,,true,false,
h-111-1-114,111,2009-03-10,SUSPENSION,hr-813-111,J. Herbert W. Small Federal Building and United States Courthouse,,,,true,false,
h-111-1-115,111,2009-03-10,SUSPENSION,hr-842-111,R. Jess Brown United States Courthouse,,,,true,false,
h-111-1-116,111,2009-03-11,SUSPENSION,hres-67-111,"Recognizing and commending the National Aeronautics and Space Administration (NASA), the Jet Propulsion Laboratory (JPL), and Cornell University for the success of the Mars Exploration Rovers, Spirit and Opportunity, on the 5th anniversary of their successful landing",,,,true,false,
h-111-1-117,111,2009-03-11,SUSPENSION,s-22-111,Omnibus Public Land Management Act,,,,true,false,
h-111-1-118,111,2009-03-11,SUSPENSION,hconres-38-111,Authorizing the use of the Capitol Grounds for the National Peace Officers’ Memorial Service,,,,true,false,
h-111-1-119,111,2009-03-11,SUSPENSION,hconres-64-111,Urging the President to designate 2009 as the “Year of the Military Family”,,,,true,false,
h-111-1-120,111,2009-03-11,SUSPENSION,hres-125-111,"Calling on the central authority of Brazil to immediately discharge all judicial proceedings as a matter of extreme urgency to obtain the return of Sean Goldman to his father, David Goldman, for immediate return to the United States",,,,true,false,
h-111-1-121,111,2009-03-11,SUSPENSION,hres-226-111,Recognizing the plight of the Tibetan people on the 50th anniversary of His Holiness the Dalai Lama being forced into exile and calling for a sustained multilateral effort to bring about a durable and peaceful solution to the Tibet issue,,,,true,false,
h-111-1-122,111,2009-03-12,AMENDMENT,hr-1262-111,Federal Water Pollution Control Act Authorization Amendments,,,,true,false,
h-111-1-123,111,2009-03-12,PASSAGE,hr-1262-111,Federal Water Pollution Control Act Authorization Amendments,,,,true,false,
h-111-1-124,111,2009-03-12,SUSPENSION,hres-224-111,"Supporting the designation of Pi Day, and for other purposes",,,,true,false,
h-111-1-125,111,2009-03-16,SUSPENSION,hr-987-111,"John Scott Challis, Jr. Post Office",,,,true,false,
h-111-1-126,111,2009-03-16,SUSPENSION,hr-1217-111,Specialist Peter J. Navarro Post Office Building,,,,true,false,
h-111-1-127,111,2009-03-16,SUSPENSION,hr-1284-111,Major Ed W. Freeman Post Office,,,,true,false,
h-111-1-128,111,2009-03-17,SUSPENSION,hres-240-111,To support the goals and ideals of Professional Social Work Month and World Social Work Day,,,,true,false,
h-111-1-129,111,2009-03-17,SUSPENSION,hres-211-111,Supporting the goals and ideals of National Women’s History Month,,,,true,false,
h-111-1-130,111,2009-03-17,SUSPENSION,hr-628-111,An act to establish a pilot program in certain United States district courts to encourage enhancement of expertise in patent cases among district judges,,,,true,false,
h-111-1-131,111,2009-03-18,PROCEDURAL,hres-250-111,"Providing for consideration of H.R. 1388, to reauthorize and reform the national service laws",,,,true,false,
h-111-1-132,111,2009-03-18,PASSAGE,hres-250-111,"Providing for consideration of H.R. 1388, to reauthorize and reform the national service laws",,,,true,false,
h-111-1-133,111,2009-03-18,AMENDMENT,hr-1388-111,Generations Invigorating Volunteerism and Education (GIVE) Act,,,,true,false,
h-111-1-134,111,2009-03-18,AMENDMENT,hr-1388-111,Generations Invigorating Volunteerism and Education (GIVE) Act,,,,true,false,
h-111-1-135,111,2009-03-18,AMENDMENT,hr-1388-111,Generations Invigorating Volunteerism and Education (GIVE) Act,,,,true,false,
h-111-1-136,111,2009-03-18,AMENDMENT,hr-1388-111,Generations Invigorating Volunteerism and Education (GIVE) Act,,,,true,false,
h-111-1-137,111,2009-03-18,AMENDMENT,hr-1388-111,Generations Invigorating Volunteerism and Education (GIVE) Act,,,,true,false,
h-111-1-138,111,2009-03-18,AMENDMENT,hr-1388-111,Generations Invigorating Volunteerism and Education (GIVE) Act,,,,true,false,
h-111-1-139,111,2009-03-18,MOTION_TO_RECOMMIT,hr-1388-111,Generations Invigorating Volunteerism and Education (GIVE) Act,,,,true,false,
h-111-1-140,111,2009-03-18,PASSAGE,hr-1388-111,Generations Invigorating Volunteerism and Education (GIVE) Act,,,,true,false,
h-111-1-141,111,2009-03-19,PROCEDURAL,hres-265-111,,,,,true,false,
h-111-1-142,111,2009-03-19,PROCEDURAL,hres-257-111,Providing for consideration of motions to suspend the rules,,,,true,false,
h-111-1-143,111,2009-03-19,SUSPENSION,hr-1586-111,"To modernize the air traffic control system, improve the safety, reliability, and availability of transportation by air in the United States, provide for modernization of the air traffic control system, reauthorize the Federal Aviation Administration, and for other purposes.",,,,true,false,
h-111-1-144,111,2009-03-19,SUSPENSION,hconres-76-111,Expressing the sense of the Congress regarding executive and employee bonuses paid by AIG and other companies assisted with taxpayer funds provided under the Troubled Assets Relief Program of the Secretary of the Treasury.,,,,true,false,
h-111-1-145,111,2009-03-23,SUSPENSION,hr-918-111,Stan Lundine Post Office Building Designation,,,,true,false,
h-111-1-146,111,2009-03-23,SUSPENSION,hr-1218-111,Lance Corporal Drew W. Weaver Post Office Building Designation,,,,true,false,
h-111-1-147,111,2009-03-24,SUSPENSION,hr-1617-111,Department of Homeland Security Component Privacy Act of 2009,,,,true,false,
h-111-1-148,111,2009-03-24,SUSPENSION,hr-730-111,Nuclear Forensics and Attribution Act,,,,true,false,
h-111-1-149,111,2009-03-24,SUSPENSION,hres-182-111,"Expressing support for designation of the week of March 1 through March 8, 2009, as “School Social Work Week”.",,,,true,false,
h-111-1-150,111,2009-03-25,PROCEDURAL,hres-280-111,"Providing for consideration of the Senate amendments to H.R. 146, the Omnibus Public Land Management Act",,,,true,false,
h-111-1-151,111,2009-03-25,PASSAGE,hres-280-111,"Providing for consideration of the Senate amendments to H.R. 146, the Omnibus Public Land Management Act",,,,true,false,
h-111-1-152,111,2009-03-25,SUSPENSION,s-383-111,Special Inspector General for the Troubled Asset Relief Program Act,,,,true,false,
h-111-1-153,111,2009-03-25,AMENDMENT,hr-146-111,Omnibus Public Land Management Act of 2009,,,,true,false,
h-111-1-154,111,2009-03-25,SUSPENSION,hres-273-111,Recognizing the 188th anniversary of the independence of Greece and celebrating Greek and American democracy,,,,true,false,
h-111-1-155,111,2009-03-25,PROCEDURAL,hres-286-111,Raising a question of the privileges of the House regarding earmarks and campaign contributions,,,,true,false,
h-111-1-156,111,2009-03-25,PASSAGE,hres-281-111,"Rule providing for the consideration of H.R. 1404, the Federal Land Assistance, Managment, and Enhancement Act",,,,true,false,
h-111-1-157,111,2009-03-26,AMENDMENT,hr-1404-111,"Federal Land Assistance, Managment and Enhancement Act",,,,true,false,
h-111-1-158,111,2009-03-26,AMENDMENT,hr-1404-111,"Federal Land Assistance, Managment and Enhancement Act",,,,true,false,
h-111-1-159,111,2009-03-26,AMENDMENT,hr-1404-111,"Federal Land Assistance, Managment and Enhancement Act",,,,true,false,
h-111-1-160,111,2009-03-26,AMENDMENT,hr-1404-111,"Federal Land Assistance, Managment and Enhancement Act",,,,true,false,
h-111-1-161,111,2009-03-26,AMENDMENT,hr-1404-111,"Federal Land Assistance, Managment and Enhancement Act",,,,true,false,
h-111-1-162,111,2009-03-26,PASSAGE,hr-1404-111,"Federal Land Assistance, Managment and Enhancement Act",,,,true,false,
h-111-1-163,111,2009-03-30,PROCEDURAL,hres-295-111,Raising a question of the privileges of the House,,,,true,false,
h-111-1-164,111,2009-03-30,SUSPENSION,hr-20-111,Melanie Blocker Stokes MOTHERS Act,,,,true,false,
h-111-1-165,111,2009-03-30,SUSPENSION,hr-479-111,Wakefield Act,,,,true,false,
h-111-1-166,111,2009-03-31,PASSAGE,hres-296-111,Providing for the consideration of the Senate amendments to H.R. 1388,,,,true,false,
h-111-1-167,111,2009-03-31,SUSPENSION,hr-1259-111,Dextromethorphan Distribution Act,,,,true,false,
h-111-1-168,111,2009-03-31,SUSPENSION,hres-282-111,Recognizing the 30th anniversary of the peace treaty between Egypt and Israel,,,,true,false,
h-111-1-169,111,2009-03-31,AMENDMENT,hr-1388-111,Generations Invigorating Volunteerism and Education (GIVE) Act,,,,true,false,
h-111-1-170,111,2009-03-31,SUSPENSION,hr-577-111,Vision Care for Kids Act of 2009,,,,true,false,
h-111-1-171,111,2009-03-31,SUSPENSION,hr-1253-111,Health Insurance Restrictions and Limitations Clarification Act,,,HEALTH_COSTS,true,false,
h-111-1-172,111,2009-03-31,PASSAGE,hres-279-111,Providing for the expenses of certain committees of the House of Representatives in the One Hundred Eleventh Congress,,,,true,false,
h-111-1-173,111,2009-03-31,SUSPENSION,hr-151-111,To establish the Daniel Webster Congressional Clerkship Program,,,,true,false,
h-111-1-174,111,2009-03-31,SUSPENSION,hr-1299-111,Capitol Police Administrative Technical Corrections Act of 2009,,,,true,false,
h-111-1-175,111,2009-04-01,PROCEDURAL,hres-312-111,Flake Resolution,,,,true,false,
h-111-1-176,111,2009-04-01,PASSAGE,hres-305-111,Providing for consideration of the concurrent resolution (H.Con.Res. 85) setting forth the congressional budget for the United States Government for fiscal year 2010 and including the appropriate budgetary levels for fiscal years 2009 and 2011 through 2014,,,,true,false,
h-111-1-177,111,2009-04-01,PASSAGE,hres-306-111,Providing for consideration of the bill (H.R. 1664) to amend the executive compensation provisions of the Emergency Economic Stabilization Act of 2008 to prohibit unreasonable and excessive compensation and compensation not based on performance standards,,,,true,false,
h-111-1-178,111,2009-04-01,SUSPENSION,hr-1575-111,End Government Reimbursement of Excessive Executive Disbursements (End GREED) Act,,,,true,false,
h-111-1-179,111,2009-04-01,SUSPENSION,hres-290-111,"Honoring the lives, and mourning the loss, of Sergeant Mark Dunakin, Sergeant Ervin Romans, Sergeant Daniel Sakai, and Officer John Hege, members of the Oakland Police Department in California who were brutally slain in the line of duty",,,,true,false,
h-111-1-180,111,2009-04-01,AMENDMENT,hr-1664-111,To amend the executive compensation provisions of the Emergency Economic Stabilization Act of 2008 to prohibit unreasonable and excessive compensation and compensation not based on performance standards,,,,true,false,
h-111-1-181,111,2009-04-01,AMENDMENT,hr-1664-111,To amend the executive compensation provisions of the Emergency Economic Stabilization Act of 2008 to prohibit unreasonable and excessive compensation and compensation not based on performance standards,,,,true,false,
h-111-1-182,111,2009-04-01,PASSAGE,hr-1664-111,To amend the executive compensation provisions of the Emergency Economic Stabilization Act of 2008 to prohibit unreasonable and excessive compensation and compensation not based on performance standards,,,,true,false,
h-111-1-183,111,2009-04-02,PASSAGE,hconres-93-111,Providing for the adjournment of the House and Senate,,,,true,false,
h-111-1-184,111,2009-04-02,PASSAGE,hres-316-111,Providing for consideration of H. Con. Res. 85,,,,true,false,
h-111-1-185,111,2009-04-02,AMENDMENT,hr-1256-111,Family Smoking Prevention and Tobacco Control Act,,,,true,false,
h-111-1-186,111,2009-04-02,MOTION_TO_RECOMMIT,hr-1256-111,Family Smoking Prevention and Tobacco Control Act,,,,true,false,
h-111-1-187,111,2009-04-02,PASSAGE,hr-1256-111,Family Smoking Prevention and Tobacco Control Act,,,,true,false,
h-111-1-188,111,2009-04-02,AMENDMENT,hconres-85-111,Congressional Budget for Fiscal Year 2010,,,,true,false,
h-111-1-189,111,2009-04-02,AMENDMENT,hconres-85-111,Congressional Budget for Fiscal Year 2010,,,,true,false,
h-111-1-190,111,2009-04-02,AMENDMENT,hconres-85-111,Congressional Budget for Fiscal Year 2010,,,,true,false,
h-111-1-191,111,2009-04-02,AMENDMENT,hconres-85-111,Congressional Budget for Fiscal Year 2010,,,,true,false,
h-111-1-192,111,2009-04-02,PASSAGE,hconres-85-111,Congressional Budget for Fiscal Year 2010,,,,true,false,
h-111-1-193,111,2009-04-21,SUSPENSION,hr-388-111,Crane Conservation Act of 2009,,,,true,false,
h-111-1-194,111,2009-04-21,SUSPENSION,hr-411-111,Great Cats and Rare Canids Act of 2009,,,,true,false,
h-111-1-195,111,2009-04-21,SUSPENSION,hr-1219-111,Lake Hodges Surface Water Improvement and Reclamation Act of 2009,,,,true,false,
h-111-1-196,111,2009-04-22,SUSPENSION,hr-1679-111,House Reservists Pay Adjustment Act,,,,true,false,
h-111-1-197,111,2009-04-22,SUSPENSION,hr-586-111,Civil Rights History Project Act,,,,true,false,
h-111-1-198,111,2009-04-22,PROCEDURAL,sconres-13-111,Congressional Budget for Fiscal Year 2010,,,,true,false,
h-111-1-199,111,2009-04-22,SUSPENSION,hr-957-111,Green Energy Education Act,,,,true,false,
h-111-1-200,111,2009-04-23,AMENDMENT,hr-1145-111,National Water Research and Development Initiative Act of 2009,,,,true,false,
h-111-1-201,111,2009-04-23,AMENDMENT,hr-1145-111,National Water Research and Development Initiative Act of 2009,,,,true,false,
h-111-1-202,111,2009-04-23,AMENDMENT,hr-1145-111,National Water Research and Development Initiative Act of 2009,,,,true,false,
h-111-1-203,111,2009-04-23,AMENDMENT,hr-1145-111,National Water Research and Development Initiative Act of 2009,,,,true,false,
h-111-1-204,111,2009-04-23,MOTION_TO_RECOMMIT,hr-1145-111,National Water Research and Development Initiative Act of 2009,,,,true,false,
h-111-1-205,111,2009-04-23,PASSAGE,hr-1145-111,National Water Research and Development Initiative Act of 2009,,,,true,false,
h-111-1-206,111,2009-04-23,SUSPENSION,hr-1139-111,COPS Improvements Act of 2009,,,,true,false,
h-111-1-207,111,2009-04-27,SUSPENSION,hres-329-111,Recognizing the anniversary of the tragic accident of the steamboat ship SS Sultana,,,,true,false,
h-111-1-208,111,2009-04-27,SUSPENSION,hr-1746-111,Pre-Disaster Mitigation Act of 2009,,,,true,false,
h-111-1-209,111,2009-04-27,SUSPENSION,hres-335-111,Supporting the goals and ideals of National Volunteer Week,,,,true,false,
h-111-1-210,111,2009-04-28,SUSPENSION,hr-1243-111,To provide for the award of a gold medal on behalf of Congress to Arnold Palmer in recognition of his service to the Nation in promoting excellence and good sportsmanship in golf,,,,true,false,
h-111-1-211,111,2009-04-28,SUSPENSION,hres-344-111,Commending the University of Connecticut Huskies for their historic win in the 2009 National Collegiate Athletic Association Division I Women’s Basketball Tournament,,,,true,false,
h-111-1-212,111,2009-04-28,PASSAGE,hres-365-111,Waiving a requirement of clause 6(a) of Rule XIII with respect to consideration of certain resolutions reports from the Committee on Rules,,,,true,false,
h-111-1-213,111,2009-04-28,AMENDMENT,hres-371-111,"Providing for consideration of the conference report to accompany the concurrent resolution (S.Con.Res. 13), the Congressional Budget for fiscal year 2010",,,,true,false,
h-111-1-214,111,2009-04-28,PASSAGE,hres-371-111,"Providing for consideration of the conference report to accompany the concurrent resolution (S.Con.Res. 13), the Congressional Budget for fiscal year 2010",,,,true,false,
h-111-1-215,111,2009-04-28,SUSPENSION,hr-1595-111,Brian K. Schramm Post Office Building Designation,,,,true,false,
h-111-1-216,111,2009-04-29,PASSAGE,sconres-13-111,Congressional Budget for Fiscal Year 2010,,,,true,false,
h-111-1-217,111,2009-04-29,SUSPENSION,hres-357-111,"Supporting the goals and ideals of Financial Literacy Month 2009, and for other purposes",,,,true,false,
h-111-1-218,111,2009-04-29,SUSPENSION,hres-109-111,National Crime Victims’ Rights Week,,,,true,false,
h-111-1-219,111,2009-04-29,PROCEDURAL,hres-372-111,"Providing for consideration of H.R. 1913, to provide Federal assistance to States, local jurisdictions, and Indian tribes to prosecute hate crimes",,,,true,false,
h-111-1-220,111,2009-04-29,PASSAGE,hres-372-111,"Providing for consideration of H.R. 1913, to provide Federal assistance to States, local jurisdictions, and Indian tribes to prosecute hate crimes",,,,true,false,
h-111-1-221,111,2009-04-29,SUSPENSION,hr-46-111,Family Self-Sufficiency Act of 2009,,,,true,false,
h-111-1-222,111,2009-04-29,MOTION_TO_RECOMMIT,hr-1913-111,Local Law Enforcement Hate Crimes Prevention Act,,,,true,false,
h-111-1-223,111,2009-04-29,PASSAGE,hr-1913-111,Local Law Enforcement Hate Crimes Prevention Act,,,,true,false,
h-111-1-224,111,2009-04-30,PASSAGE,hres-379-111,"Providing for further consideration of the bill (H.R. 627) to amend the Truth in Lending Act to establish fair and transparent practices relating to the extension of credit under an open end consumer credit plan, and for other purposes",,,ACCESS_TO_CAPITAL,true,false,
h-111-1-225,111,2009-04-30,AMENDMENT,hr-627-111,Credit Cardholders’ Bill of Rights Act of 2009,,,ACCESS_TO_CAPITAL,true,true,
h-111-1-226,111,2009-04-30,AMENDMENT,hr-627-111,Credit Cardholders’ Bill of Rights Act of 2009,,,ACCESS_TO_CAPITAL,true,true,
h-111-1-227,111,2009-04-30,MOTION_TO_RECOMMIT,hr-627-111,Credit Cardholders’ Bill of Rights Act of 2009,,,ACCESS_TO_CAPITAL,true,false,
h-111-1-228,111,2009-04-30,PASSAGE,hr-627-111,Credit Cardholders’ Bill of Rights Act of 2009,,,ACCESS_TO_CAPITAL,true,true,
h-111-1-229,111,2009-05-04,SUSPENSION,hres-230-111,Recognizing the historical significance of the Mexican holiday of Cinco de Mayo,,,,true,false,
h-111-1-230,111,2009-05-04,SUSPENSION,hconres-111-111,Recognizing the 61st anniversary of the Independence of the State of Israel,,,,true,false,
h-111-1-231,111,2009-05-05,SUSPENSION,hres-299-111,"Expressing the sense of the House of Representatives that public servants should be commended for their dedication and continued service to the Nation during Public Service Recognition Week, May 4 through 10, 2009, and throughout the year",,,,true,false,
h-111-1-232,111,2009-05-05,SUSPENSION,hres-338-111,Supporting the goals and ideals of National Community College Month,,,,true,false,
h-111-1-233,111,2009-05-05,SUSPENSION,hres-353-111,Supporting the goals and ideals of Global Youth Service Days,,,,true,false,
h-111-1-234,111,2009-05-06,SUSPENSION,hres-367-111,Supporting the goals and ideals of National Train Day,,,,true,false,
h-111-1-235,111,2009-05-06,SUSPENSION,s-386-111,Fraud Enforcement and Recovery Act,,,,true,false,
h-111-1-236,111,2009-05-06,SUSPENSION,hres-348-111,Congratulating the University of North Carolina men’s basketball team for winning the 2009 NCAA Division I Men’s Basketball National Championship,,,,true,false,
h-111-1-237,111,2009-05-07,PASSAGE,hres-406-111,"Providing for further consideration of H.R. 1728, Mortgage Reform and Anti-Predatory Lending Act",,,ACCESS_TO_CAPITAL,true,false,
h-111-1-238,111,2009-05-07,AMENDMENT,hr-1728-111,Mortgage Reform and Anti-Predatory Lending Act,,,ACCESS_TO_CAPITAL,true,true,
h-111-1-239,111,2009-05-07,AMENDMENT,hr-1728-111,Mortgage Reform and Anti-Predatory Lending Act,,,ACCESS_TO_CAPITAL,true,false,
h-111-1-240,111,2009-05-07,AMENDMENT,hr-1728-111,Mortgage Reform and Anti-Predatory Lending Act,,,ACCESS_TO_CAPITAL,true,false,
h-111-1-241,111,2009-05-07,AMENDMENT,hr-1728-111,Mortgage Reform and Anti-Predatory Lending Act,,,ACCESS_TO_CAPITAL,true,false,
h-111-1-242,111,2009-05-07,PASSAGE,hr-1728-111,Mortgage Reform and Anti-Predatory Lending Act,,,ACCESS_TO_CAPITAL,true,false,
h-111-1-243,111,2009-05-12,PROCEDURAL,hres-425-111,Raising a Question of the Privileges of the House,,,,true,false,
h-111-1-244,111,2009-05-12,SUSPENSION,hres-413-111,"Supporting the goals and ideals of “IEEE Engineering the Future” Day on May 13, 2009, and for other purposes",,,,true,false,
h-111-1-245,111,2009-05-12,SUSPENSION,hres-378-111,Recognizing the 30th anniversary of the election of Margaret Thatcher as the first female Prime Minister of Great Britain,,,,true,false,
h-111-1-246,111,2009-05-13,PASSAGE,hres-427-111,"Providing for consideration of H.R. 2187, the 21st Century Green High-Performing Public School Facilities Act",,,,true,false,
h-111-1-247,111,2009-05-13,SUSPENSION,hconres-84-111,Supporting the goals and objectives of a National Military Appreciation Month,,,,true,false,
h-111-1-248,111,2009-05-13,SUSPENSION,hr-2162-111,Herbert A Littleton Postal Station,,,,true,false,
h-111-1-249,111,2009-05-13,AMENDMENT,hr-2187-111,21st Century Green High-Performing Public School Facilities Act,,,,true,false,
h-111-1-250,111,2009-05-13,AMENDMENT,hr-2187-111,21st Century Green High-Performing Public School Facilities Act,,,,true,false,
h-111-1-251,111,2009-05-13,AMENDMENT,hr-2187-111,21st Century Green High-Performing Public School Facilities Act,,,,true,false,
h-111-1-252,111,2009-05-13,SUSPENSION,hres-432-111,Providing for passage of H.R. 2101,,,,true,false,
h-111-1-253,111,2009-05-13,SUSPENSION,hres-204-111,Congratulating the American Dental Association for its 150th year of working to improve the public’s oral health and promoting dentistry,,,,true,false,
h-111-1-254,111,2009-05-13,PROCEDURAL,s-454-111,Weapon Systems Acquisition Reform Act,,,,true,false,
h-111-1-255,111,2009-05-14,AMENDMENT,hr-2187-111,21st Century Green High-Performing Public School Facilities Act,,,,true,false,
h-111-1-256,111,2009-05-14,AMENDMENT,hr-2187-111,21st Century Green High-Performing Public School Facilities Act,,,,true,false,
h-111-1-257,111,2009-05-14,AMENDMENT,hr-2187-111,21st Century Green High-Performing Public School Facilities Act,,,,true,false,
h-111-1-258,111,2009-05-14,MOTION_TO_RECOMMIT,hr-2187-111,21st Century Green High-Performing Public School Facilities Act,,,,true,false,
h-111-1-259,111,2009-05-14,PASSAGE,hr-2187-111,21st Century Green High-Performing Public School Facilities Act,,,,true,false,
h-111-1-260,111,2009-05-14,AMENDMENT,hr-2187-111,21st Century Green High-Performing Public School Facilities Act,,,,true,false,
h-111-1-261,111,2009-05-14,PROCEDURAL,hres-434-111,"Providing for consideration of H.R. 2346, making Supplemental Appropriations for FY 2009",,,,true,false,
h-111-1-262,111,2009-05-14,PASSAGE,hres-434-111,"Providing for consideration of H.R. 2346, making Supplemental Appropriations for FY 2009",,,,true,false,
h-111-1-263,111,2009-05-14,SUSPENSION,hres-377-111,Recognizing Armed Forces Day and the exemplary service of the members of the United States Armed Forces,,,,true,false,
h-111-1-264,111,2009-05-14,MOTION_TO_RECOMMIT,hr-2346-111,"Supplemental Appropriations, FY 2009",,,,true,false,
h-111-1-265,111,2009-05-14,PASSAGE,hr-2346-111,"Supplemental Appropriations, FY 2009",,,,true,false,
h-111-1-266,111,2009-05-14,SUSPENSION,hr-347-111,"To grant the congressional gold medal, collectively, to the 100th Infantry Battalion and the 442nd Regimental Combat Team, United States Army, in recognition of their dedicated service during World War II",,,,true,false,
h-111-1-267,111,2009-05-18,SUSPENSION,hres-300-111,"Congratulating Camp Dudley YMCA of Westport, New York, on the occasion of its 125th anniversary",,,,true,false,
h-111-1-268,111,2009-05-18,PROCEDURAL,s-386-111,Fraud Enforcement and Recovery Act,,,,true,false,
h-111-1-269,111,2009-05-18,SUSPENSION,hres-442-111,Recognizing the importance of the Child and Adult Care Food Program and its positive effect on the lives of low-income children and families,,,,true,false,
h-111-1-270,111,2009-05-19,SUSPENSION,hr-1089-111,Veterans Employment Rights Realignment Act,,,,true,false,
h-111-1-271,111,2009-05-19,SUSPENSION,s-896-111,Helping Families Save Their Homes Act,,,,true,false,
h-111-1-272,111,2009-05-19,SUSPENSION,hres-360-111,"Urging all Americans and people of all nationalities to visit the national cemeteries, memorials, and markers on Memorial Day.",,,,true,false,
h-111-1-273,111,2009-05-20,PASSAGE,hres-456-111,"Providing for consideration of the Senate amendment to the bill (H.R. 627) to amend the Truth in Lending Act to establish fair and transparent practices relating to the extension of credit under open end consumer credit plan, and for other purposes",,,ACCESS_TO_CAPITAL,true,false,
h-111-1-274,111,2009-05-20,PROCEDURAL,hres-457-111,"Providing for consideration of the bill (H.R. 2352) to amend the Small Business Act, and for other purposes",,,,true,false,
h-111-1-275,111,2009-05-20,PASSAGE,hres-457-111,"Providing for consideration of the bill (H.R. 2352) to amend the Small Business Act, and for other purposes",,,,true,false,
h-111-1-276,111,2009-05-20,PROCEDURAL,hr-627-111,Credit Cardholders’ Bill of Rights Act of 2009,,,ACCESS_TO_CAPITAL,true,false,
h-111-1-277,111,2009-05-20,PROCEDURAL,hr-627-111,Credit Cardholders’ Bill of Rights Act of 2009,,,ACCESS_TO_CAPITAL,true,false,
h-111-1-278,111,2009-05-20,SUSPENSION,hres-297-111,"Recognizing May 25, 2009, as National Missing Children’s Day",,,,true,false,
h-111-1-279,111,2009-05-20,AMENDMENT,hr-2352-111,Job Creation Through Entrepreneurship Act,,,ACCESS_TO_CAPITAL,true,false,
h-111-1-280,111,2009-05-20,MOTION_TO_RECOMMIT,hr-2352-111,Job Creation Through Entrepreneurship Act,,,ACCESS_TO_CAPITAL,true,false,
h-111-1-281,111,2009-05-20,PASSAGE,hr-2352-111,Job Creation Through Entrepreneurship Act,,,ACCESS_TO_CAPITAL,true,false,
h-111-1-282,111,2009-05-21,PASSAGE,hconres-133-111,Providing for adjournment,,,,true,false,
h-111-1-283,111,2009-05-21,PROCEDURAL,,,,,,true,false,
h-111-1-284,111,2009-05-21,PROCEDURAL,hres-464-111,"Providing for consideration of H.R. 915, the FAA Reauthorization Act",,,,true,false,
h-111-1-285,111,2009-05-21,PASSAGE,hres-464-111,"Providing for consideration of H.R. 915, the FAA Reauthorization Act",,,,true,false,
h-111-1-286,111,2009-05-21,PASSAGE,s-454-111,Weapon Systems Acquisition Reform Act,,,,true,false,
h-111-1-287,111,2009-05-21,SUSPENSION,hr-1676-111,Prevent All Cigarette Trafficking Act,,,,true,false,
h-111-1-288,111,2009-05-21,AMENDMENT,hr-915-111,FAA Reauthorization Act,,,,true,false,
h-111-1-289,111,2009-05-21,AMENDMENT,hr-915-111,FAA Reauthorization Act,,,,true,false,
h-111-1-290,111,2009-05-21,MOTION_TO_RECOMMIT,hr-915-111,FAA Reauthorization Act,,,,true,false,
h-111-1-291,111,2009-05-21,PASSAGE,hr-915-111,FAA Reauthorization Act,,,,true,false,
h-111-1-292,111,2009-06-02,SUSPENSION,hres-421-111,Recognizing and commending the Great Smoky Mountains National Park on its 75th year anniversary,,,,true,false,
h-111-1-293,111,2009-06-02,SUSPENSION,hjres-40-111,"To honor the achievements and contributions of Native Americans to the United States, and for other purposes",,,,true,false,
h-111-1-294,111,2009-06-02,SUSPENSION,hres-489-111,Recognizing the 20th anniversary of the suppression of protesters and citizens in and around Tiananmen Square,,,,true,false,
h-111-1-295,111,2009-06-03,PASSAGE,hres-490-111,"Providing for consideration of H.R. 31, Lumbee Tribe of North Carolina Recognition, and H.R. 1385, Extend Federal Recognition to Chickahominy Indian Tribe, Chickahominy Indian Tribe-Eastern Division, the Upper Mattaponi Tribe, the Rappahannock Tribe, Inc., the Monacan Indian Nation, and the Nansemond Indian Tribe.",,,,true,false,
h-111-1-296,111,2009-06-03,MOTION_TO_RECOMMIT,hr-31-111,"To provide for the recognition of the Lumbee Tribe of North Carolina, and for other purposes",,,,true,false,
h-111-1-297,111,2009-06-03,PASSAGE,hr-31-111,"To provide for the recognition of the Lumbee Tribe of North Carolina, and for other purposes",,,,true,false,
h-111-1-298,111,2009-06-03,SUSPENSION,hconres-109-111,"Honoring the 20th anniversary of the Susan G. Komen Race for the Cure in the Nation’s Capital and its transition to the Susan G. Komen Global Race for the Cure on June 6, 2009, and for other purposes",,,,true,false,
h-111-1-299,111,2009-06-03,SUSPENSION,hres-471-111,"Expressing sympathy to the victims, families, and friends of the tragic act of violence at the combat stress clinic at Camp Liberty, Iraq, on May 11, 2009",,,,true,false,
h-111-1-300,111,2009-06-03,PROCEDURAL,hres-500-111,Hoyer Resolution,,,,true,false,
h-111-1-301,111,2009-06-04,PASSAGE,hres-474-111,"Providing for consideration of H.R. 2200, Transportation Security Administration Authorization Act",,,,true,false,
h-111-1-302,111,2009-06-04,SUSPENSION,hr-1817-111,John S. Wilder Post Office Building,,,,true,false,
h-111-1-303,111,2009-06-04,SUSPENSION,hres-196-111,"Congratulating the University of Tennessee women’s basketball team (the Lady Vols) and Head Coach Pat Summitt on her 1,000th victory",,,,true,false,
h-111-1-304,111,2009-06-04,AMENDMENT,hr-2200-111,Transportation Security Administration Authorization Act,,,,true,false,
h-111-1-305,111,2009-06-04,AMENDMENT,hr-2200-111,Transportation Security Administration Authorization Act,,,,true,false,
h-111-1-306,111,2009-06-04,AMENDMENT,hr-2200-111,Transportation Security Administration Authorization Act,,,,true,false,
h-111-1-307,111,2009-06-04,PASSAGE,hr-2200-111,Transportation Security Administration Authorization Act,,,,true,false,
h-111-1-308,111,2009-06-04,AMENDMENT,hr-626-111,Federal Employees Paid Parental Leave Act,,,,true,false,
h-111-1-309,111,2009-06-04,MOTION_TO_RECOMMIT,hr-626-111,Federal Employees Paid Parental Leave Act,,,,true,false,
h-111-1-310,111,2009-06-04,PASSAGE,hr-626-111,Federal Employees Paid Parental Leave Act,,,,true,false,
h-111-1-311,111,2009-06-08,SUSPENSION,hr-1736-111,International Science and Technology Cooperation Act of 2009,,,,true,false,
h-111-1-312,111,2009-06-08,SUSPENSION,hr-1709-111,STEM Education Cordination Act of 2009,,,,true,false,
h-111-1-313,111,2009-06-08,SUSPENSION,hres-420-111,Celebrating the symbol of the United States flag and supporting the goals and ideals of Flag Day,,,,true,false,
h-111-1-314,111,2009-06-09,SUSPENSION,hr-2751-111,FDA Food Safety Modernization Act,,,,true,false,
h-111-1-315,111,2009-06-09,SUSPENSION,hr-1741-111,Witness Security and Protection Grant Program Act of 2009,,,,true,false,
h-111-1-316,111,2009-06-09,SUSPENSION,hres-505-111,"Condemning the murder of Dr. George Tiller, who was shot to death at his church on May 31, 2009.",,,,true,false,
h-111-1-317,111,2009-06-10,PASSAGE,hres-522-111,"Providing for consideration of H.R. 1886, the Pakistan Enduring Assistance and Cooperation Enhancement (PEACE) Act; and providing for consideration of H.R. 2410, the Foreign Relations Authorization Act, FY’s 2010 and 2011",,,,true,false,
h-111-1-318,111,2009-06-10,SUSPENSION,hres-453-111,Recognizing the significant accomplishments of the AmeriCorps,,,,true,false,
h-111-1-319,111,2009-06-10,SUSPENSION,hres-454-111,Recognizing the 25th anniversary of the National Center for Missing and Exploited Children,,,,true,false,
h-111-1-320,111,2009-06-10,AMENDMENT,hr-2410-111,Foreign Relation Authorization Act FY’s 2010 and 2011,,,,true,false,
h-111-1-321,111,2009-06-10,AMENDMENT,hr-2410-111,Foreign Relation Authorization Act FY’s 2010 and 2011,,,,true,false,
h-111-1-322,111,2009-06-10,AMENDMENT,hr-2410-111,Foreign Relation Authorization Act FY’s 2010 and 2011,,,,true,false,
h-111-1-323,111,2009-06-10,AMENDMENT,hr-2410-111,Foreign Relation Authorization Act FY’s 2010 and 2011,,,,true,false,
h-111-1-324,111,2009-06-10,AMENDMENT,hr-2410-111,Foreign Relation Authorization Act FY’s 2010 and 2011,,,,true,false,
h-111-1-325,111,2009-06-10,AMENDMENT,hr-2410-111,Foreign Relation Authorization Act FY’s 2010 and 2011,,,,true,false,
h-111-1-326,111,2009-06-10,AMENDMENT,hr-2410-111,Foreign Relation Authorization Act FY’s 2010 and 2011,,,,true,false,
h-111-1-327,111,2009-06-10,MOTION_TO_RECOMMIT,hr-2410-111,Foreign Relation Authorization Act FY’s 2010 and 2011,,,,true,false,
h-111-1-328,111,2009-06-10,PASSAGE,hr-2410-111,Foreign Relation Authorization Act FY’s 2010 and 2011,,,,true,false,
h-111-1-329,111,2009-06-11,PROCEDURAL,hr-2346-111,"Supplemental Appropriations, FY 2009",,,,true,false,
h-111-1-330,111,2009-06-11,SUSPENSION,hr-1687-111,Rahlph Regula Federal Office Building and Courthouse,,,,true,false,
h-111-1-331,111,2009-06-11,AMENDMENT,hr-1886-111,The PEACE Act,,,,true,false,
h-111-1-332,111,2009-06-11,MOTION_TO_RECOMMIT,hr-1886-111,The PEACE Act,,,,true,false,
h-111-1-333,111,2009-06-11,PASSAGE,hr-1886-111,The PEACE Act,,,,true,false,
h-111-1-334,111,2009-06-11,SUSPENSION,hres-529-111,"Condemning the violent attack on the United States Holocaust Memorial Museum on June 10, 2009 and honoring the bravery and dedication of United States Holocaust Memorial Museum employees and security personnel",,,,true,false,
h-111-1-335,111,2009-06-12,AMENDMENT,hr-1256-111,Family Smoking Prevention and Tobacco Control Act,,,,true,false,
h-111-1-336,111,2009-06-15,SUSPENSION,hres-430-111,Expressing condolences to the citizens of Italy and support for the Government of Italy in the aftermath of the devastating earthquake that stuck the Abruzzo region of central Italy,,,,true,false,
h-111-1-337,111,2009-06-15,SUSPENSION,hr-2325-111,Laredo Veterans Post Office,,,,true,false,
h-111-1-338,111,2009-06-15,SUSPENSION,hr-729-111,Phylicia’s Law,,,,true,false,
h-111-1-339,111,2009-06-15,SUSPENSION,hres-540-111,"Expressing condolences to the families, friends, and loved ones of the victims of the catastrophic explosion at the ConAgra Foods plant in Garner, North Carolina",,,,true,false,
h-111-1-340,111,2009-06-16,SUSPENSION,hr-2470-111,Lieutenant Commander Roy H. Boehm Post Office Building,,,,true,false,
h-111-1-341,111,2009-06-16,SUSPENSION,hr-780-111,Student Internet Safety Act,,,,true,false,
h-111-1-342,111,2009-06-16,PROCEDURAL,,,,,,true,false,
h-111-1-343,111,2009-06-16,SUSPENSION,hr-2247-111,Congressional Review Act Improvement Act,,,REGULATORY_BURDEN,true,false,
h-111-1-344,111,2009-06-16,SUSPENSION,hr-403-111,Homes for Heroes Act of 2009,,,,true,false,
h-111-1-345,111,2009-06-16,PASSAGE,hres-545-111,"Providing for consideration of the conference report to accompany H.R. 2346, Making supplemental appropriations FY 2009",,,,true,false,
h-111-1-346,111,2009-06-16,PROCEDURAL,hres-544-111,"Providing for consideration of H.R. 2847, making appropriations for Commerce, and Justice, and Science FY 2010",,,,true,false,
h-111-1-347,111,2009-06-16,PASSAGE,hres-544-111,"Providing for consideration of H.R. 2847, making appropriations for Commerce, and Justice, and Science FY 2010",,,,true,false,
h-111-1-348,111,2009-06-16,PASSAGE,hr-2346-111,"Supplemental Appropriations, FY 2009",,,,true,false,
h-111-1-349,111,2009-06-16,SUSPENSION,hres-366-111,40th Anniversary of the National Eye Institute,,,,true,false,
h-111-1-350,111,2009-06-16,PROCEDURAL,hr-2847-111,Hiring Incentives to Restore Employment Act,,,TAX_BURDEN,true,false,
h-111-1-351,111,2009-06-17,PROCEDURAL,hres-552-111,"Providing for further consideration of H.R. 2847, Departments of Commerce and Justice, and Science and Related Agencies Appropriations, FY 2010",,,,true,false,
h-111-1-352,111,2009-06-17,PASSAGE,hres-552-111,"Providing for further consideration of H.R. 2847, Departments of Commerce and Justice, and Science and Related Agencies Appropriations, FY 2010",,,,true,false,
h-111-1-353,111,2009-06-17,AMENDMENT,hr-2847-111,Hiring Incentives to Restore Employment Act,,,TAX_BURDEN,true,true,
h-111-1-354,111,2009-06-17,AMENDMENT,hr-2847-111,Hiring Incentives to Restore Employment Act,,,TAX_BURDEN,true,true,
h-111-1-355,111,2009-06-17,AMENDMENT,hr-2847-111,Hiring Incentives to Restore Employment Act,,,TAX_BURDEN,true,true,
h-111-1-356,111,2009-06-18,AMENDMENT,hr-2847-111,Hiring Incentives to Restore Employment Act,,,TAX_BURDEN,true,true,
h-111-1-357,111,2009-06-18,AMENDMENT,hr-2847-111,Hiring Incentives to Restore Employment Act,,,TAX_BURDEN,true,false,
h-111-1-358,111,2009-06-18,AMENDMENT,hr-2847-111,Hiring Incentives to Restore Employment Act,,,TAX_BURDEN,true,false,
h-111-1-359,111,2009-06-18,AMENDMENT,hr-2847-111,Hiring Incentives to Restore Employment Act,,,TAX_BURDEN,true,false,
h-111-1-360,111,2009-06-18,AMENDMENT,hr-2847-111,Hiring Incentives to Restore Employment Act,,,TAX_BURDEN,true,false,
h-111-1-361,111,2009-06-18,AMENDMENT,hr-2847-111,Hiring Incentives to Restore Employment Act,,,TAX_BURDEN,true,false,
h-111-1-362,111,2009-06-18,AMENDMENT,hr-2847-111,Hiring Incentives to Restore Employment Act,,,TAX_BURDEN,true,false,
h-111-1-363,111,2009-06-18,AMENDMENT,hr-2847-111,Hiring Incentives to Restore Employment Act,,,TAX_BURDEN,true,false,
h-111-1-364,111,2009-06-18,AMENDMENT,hr-2847-111,Hiring Incentives to Restore Employment Act,,,TAX_BURDEN,true,false,
h-111-1-365,111,2009-06-18,AMENDMENT,hr-2847-111,Hiring Incentives to Restore Employment Act,,,TAX_BURDEN,true,false,
h-111-1-366,111,2009-06-18,AMENDMENT,hr-2847-111,Hiring Incentives to Restore Employment Act,,,TAX_BURDEN,true,false,
h-111-1-367,111,2009-06-18,AMENDMENT,hr-2847-111,Hiring Incentives to Restore Employment Act,,,TAX_BURDEN,true,false,
h-111-1-368,111,2009-06-18,AMENDMENT,hr-2847-111,Hiring Incentives to Restore Employment Act,,,TAX_BURDEN,true,false,
h-111-1-369,111,2009-06-18,AMENDMENT,hr-2847-111,Hiring Incentives to Restore Employment Act,,,TAX_BURDEN,true,false,
h-111-1-370,111,2009-06-18,AMENDMENT,hr-2847-111,Hiring Incentives to Restore Employment Act,,,TAX_BURDEN,true,false,
h-111-1-371,111,2009-06-18,AMENDMENT,hr-2847-111,Hiring Incentives to Restore Employment Act,,,TAX_BURDEN,true,false,
h-111-1-372,111,2009-06-18,AMENDMENT,hr-2847-111,Hiring Incentives to Restore Employment Act,,,TAX_BURDEN,true,false,
h-111-1-373,111,2009-06-18,AMENDMENT,hr-2847-111,Hiring Incentives to Restore Employment Act,,,TAX_BURDEN,true,false,
h-111-1-374,111,2009-06-18,AMENDMENT,hr-2847-111,Hiring Incentives to Restore Employment Act,,,TAX_BURDEN,true,false,
h-111-1-375,111,2009-06-18,AMENDMENT,hr-2847-111,Hiring Incentives to Restore Employment Act,,,TAX_BURDEN,true,false,
h-111-1-376,111,2009-06-18,AMENDMENT,hr-2847-111,Hiring Incentives to Restore Employment Act,,,TAX_BURDEN,true,false,
h-111-1-377,111,2009-06-18,AMENDMENT,hr-2847-111,Hiring Incentives to Restore Employment Act,,,TAX_BURDEN,true,false,
h-111-1-378,111,2009-06-18,AMENDMENT,hr-2847-111,Hiring Incentives to Restore Employment Act,,,TAX_BURDEN,true,false,
h-111-1-379,111,2009-06-18,AMENDMENT,hr-2847-111,Hiring Incentives to Restore Employment Act,,,TAX_BURDEN,true,false,
h-111-1-380,111,2009-06-18,AMENDMENT,hr-2847-111,Hiring Incentives to Restore Employment Act,,,TAX_BURDEN,true,false,
h-111-1-381,111,2009-06-18,AMENDMENT,hr-2847-111,Hiring Incentives to Restore Employment Act,,,TAX_BURDEN,true,false,
h-111-1-382,111,2009-06-18,AMENDMENT,hr-2847-111,Hiring Incentives to Restore Employment Act,,,TAX_BURDEN,true,false,
h-111-1-383,111,2009-06-18,AMENDMENT,hr-2847-111,Hiring Incentives to Restore Employment Act,,,TAX_BURDEN,true,false,
h-111-1-384,111,2009-06-18,AMENDMENT,hr-2847-111,Hiring Incentives to Restore Employment Act,,,TAX_BURDEN,true,false,
h-111-1-385,111,2009-06-18,PROCEDURAL,hr-2847-111,Hiring Incentives to Restore Employment Act,,,TAX_BURDEN,true,false,
h-111-1-386,111,2009-06-18,AMENDMENT,hr-2847-111,Hiring Incentives to Restore Employment Act,,,TAX_BURDEN,true,false,
h-111-1-387,111,2009-06-18,PROCEDURAL,hr-2847-111,Hiring Incentives to Restore Employment Act,,,TAX_BURDEN,true,false,
h-111-1-388,111,2009-06-18,AMENDMENT,hr-2847-111,Hiring Incentives to Restore Employment Act,,,TAX_BURDEN,true,false,
h-111-1-389,111,2009-06-18,PROCEDURAL,hr-2847-111,Hiring Incentives to Restore Employment Act,,,TAX_BURDEN,true,false,
h-111-1-390,111,2009-06-18,AMENDMENT,hr-2847-111,Hiring Incentives to Restore Employment Act,,,TAX_BURDEN,true,false,
h-111-1-391,111,2009-06-18,PROCEDURAL,hr-2847-111,Hiring Incentives to Restore Employment Act,,,TAX_BURDEN,true,false,
h-111-1-392,111,2009-06-18,AMENDMENT,hr-2847-111,Hiring Incentives to Restore Employment Act,,,TAX_BURDEN,true,false,
h-111-1-393,111,2009-06-18,PROCEDURAL,hr-2847-111,Hiring Incentives to Restore Employment Act,,,TAX_BURDEN,true,false,
h-111-1-394,111,2009-06-18,AMENDMENT,hr-2847-111,Hiring Incentives to Restore Employment Act,,,TAX_BURDEN,true,false,
h-111-1-395,111,2009-06-18,PROCEDURAL,hr-2847-111,Hiring Incentives to Restore Employment Act,,,TAX_BURDEN,true,false,
h-111-1-396,111,2009-06-18,AMENDMENT,hr-2847-111,Hiring Incentives to Restore Employment Act,,,TAX_BURDEN,true,false,
h-111-1-397,111,2009-06-18,PROCEDURAL,hr-2847-111,Hiring Incentives to Restore Employment Act,,,TAX_BURDEN,true,false,
h-111-1-398,111,2009-06-18,AMENDMENT,hr-2847-111,Hiring Incentives to Restore Employment Act,,,TAX_BURDEN,true,false,
h-111-1-399,111,2009-06-18,PROCEDURAL,hr-2847-111,Hiring Incentives to Restore Employment Act,,,TAX_BURDEN,true,false,
h-111-1-400,111,2009-06-18,AMENDMENT,hr-2847-111,Hiring Incentives to Restore Employment Act,,,TAX_BURDEN,true,false,
h-111-1-401,111,2009-06-18,PROCEDURAL,hr-2847-111,Hiring Incentives to Restore Employment Act,,,TAX_BURDEN,true,false,
h-111-1-402,111,2009-06-18,PROCEDURAL,hr-2847-111,Hiring Incentives to Restore Employment Act,,,TAX_BURDEN,true,false,
h-111-1-403,111,2009-06-18,PROCEDURAL,hr-2847-111,Hiring Incentives to Restore Employment Act,,,TAX_BURDEN,true,false,
h-111-1-404,111,2009-06-18,MOTION_TO_RECOMMIT,hr-2847-111,Hiring Incentives to Restore Employment Act,,,TAX_BURDEN,true,false,
h-111-1-405,111,2009-06-18,PROCEDURAL,hr-2847-111,Hiring Incentives to Restore Employment Act,,,TAX_BURDEN,true,false,
h-111-1-406,111,2009-06-18,AMENDMENT,hr-2847-111,Hiring Incentives to Restore Employment Act,,,TAX_BURDEN,true,false,
h-111-1-407,111,2009-06-18,PROCEDURAL,hr-2847-111,Hiring Incentives to Restore Employment Act,,,TAX_BURDEN,true,false,
h-111-1-408,111,2009-06-18,PASSAGE,hr-2847-111,Hiring Incentives to Restore Employment Act,,,TAX_BURDEN,true,false,
h-111-1-409,111,2009-06-19,PROCEDURAL,hres-559-111,"Providing for consideration of H.R. 2918, making appropriations for the Legislative Branch FY 2010",,,,true,false,
h-111-1-410,111,2009-06-19,PASSAGE,hres-559-111,"Providing for consideration of H.R. 2918, making appropriations for the Legislative Branch FY 2010",,,,true,false,
h-111-1-411,111,2009-06-19,SUSPENSION,hres-560-111,"Expressing support for all Iranian citizens who embrace the values of freedom, human rights, civil liberties, and rule of law, and for other purposes",,,,true,false,
h-111-1-412,111,2009-06-19,MOTION_TO_RECOMMIT,hr-2918-111,Making appropriations for the Legislative Branch FY 2010,,,,true,false,
h-111-1-413,111,2009-06-19,PASSAGE,hr-2918-111,Making appropriations for the Legislative Branch FY 2010,,,,true,false,
h-111-1-414,111,2009-06-19,PROCEDURAL,,,,,,true,false,
h-111-1-415,111,2009-06-19,PROCEDURAL,hres-520-111,"Impeaching Samuel B. Kent, judge of the United States District Court for the Southern District of Texas, for high crimes and misdemeanors",,,,true,false,
h-111-1-416,111,2009-06-19,PROCEDURAL,hres-520-111,"Impeaching Samuel B. Kent, judge of the United States District Court for the Southern District of Texas, for high crimes and misdemeanors",,,,true,false,
h-111-1-417,111,2009-06-19,PROCEDURAL,hres-520-111,"Impeaching Samuel B. Kent, judge of the United States District Court for the Southern District of Texas, for high crimes and misdemeanors",,,,true,false,
h-111-1-418,111,2009-06-19,PROCEDURAL,hres-520-111,"Impeaching Samuel B. Kent, judge of the United States District Court for the Southern District of Texas, for high crimes and misdemeanors",,,,true,false,
h-111-1-419,111,2009-06-23,SUSPENSION,s-407-111,Veterans’ Compensation Cost-of-Living Adjustment Act of 2009,,,,true,false,
h-111-1-420,111,2009-06-23,SUSPENSION,hr-1016-111,Veterans Health Care Budget Reform and Transparency Act of 2009,,,,true,false,
h-111-1-421,111,2009-06-23,SUSPENSION,hr-1211-111,Women Veterans Health Care Improvement Act,,,,true,false,
h-111-1-422,111,2009-06-23,SUSPENSION,hr-1172-111,To direct the Secretary of Veterans Affairs to include on the Internet website of the Department of Veterans Affairs a list of organizations that provide scholarships to veterans and their survivors,,,,true,false,
h-111-1-423,111,2009-06-23,SUSPENSION,hr-1777-111,"To make technical corrections to the Higher Education Act of 1965, and for other purposes",,,,true,false,
h-111-1-424,111,2009-06-24,PROCEDURAL,,,,,,true,false,
h-111-1-425,111,2009-06-24,PROCEDURAL,,,,,,true,false,
h-111-1-426,111,2009-06-24,PROCEDURAL,,,,,,true,false,
h-111-1-427,111,2009-06-24,PROCEDURAL,,,,,,true,false,
h-111-1-428,111,2009-06-24,PROCEDURAL,hres-573-111,"Providing for consideration of the bill (H.R. 2892) making appropriations for the Department of Homeland Security for the fiscal year ending September 30, 2010",,,,true,false,
h-111-1-429,111,2009-06-24,PROCEDURAL,hres-573-111,"Providing for consideration of the bill (H.R. 2892) making appropriations for the Department of Homeland Security for the fiscal year ending September 30, 2010",,,,true,false,
h-111-1-430,111,2009-06-24,PASSAGE,hres-573-111,"Providing for consideration of the bill (H.R. 2892) making appropriations for the Department of Homeland Security for the fiscal year ending September 30, 2010",,,,true,false,
h-111-1-431,111,2009-06-24,PROCEDURAL,hres-573-111,"Providing for consideration of the bill (H.R. 2892) making appropriations for the Department of Homeland Security for the fiscal year ending September 30, 2010",,,,true,false,
h-111-1-432,111,2009-06-24,PROCEDURAL,,,,,,true,false,
h-111-1-433,111,2009-06-24,SUSPENSION,hr-2990-111,Disabled Military Retiree Relief Act,,,,true,false,
h-111-1-434,111,2009-06-24,PROCEDURAL,,,,,,true,false,
h-111-1-435,111,2009-06-24,AMENDMENT,hr-2892-111,Making appropriations for Homeland Security FY 2010,,,,true,false,
h-111-1-436,111,2009-06-24,AMENDMENT,hr-2892-111,Making appropriations for Homeland Security FY 2010,,,,true,false,
h-111-1-437,111,2009-06-24,AMENDMENT,hr-2892-111,Making appropriations for Homeland Security FY 2010,,,,true,false,
h-111-1-438,111,2009-06-24,AMENDMENT,hr-2892-111,Making appropriations for Homeland Security FY 2010,,,,true,false,
h-111-1-439,111,2009-06-24,AMENDMENT,hr-2892-111,Making appropriations for Homeland Security FY 2010,,,,true,false,
h-111-1-440,111,2009-06-24,AMENDMENT,hr-2892-111,Making appropriations for Homeland Security FY 2010,,,,true,false,
h-111-1-441,111,2009-06-24,AMENDMENT,hr-2892-111,Making appropriations for Homeland Security FY 2010,,,,true,false,
h-111-1-442,111,2009-06-24,AMENDMENT,hr-2892-111,Making appropriations for Homeland Security FY 2010,,,,true,false,
h-111-1-443,111,2009-06-24,AMENDMENT,hr-2892-111,Making appropriations for Homeland Security FY 2010,,,,true,false,
h-111-1-444,111,2009-06-24,AMENDMENT,hr-2892-111,Making appropriations for Homeland Security FY 2010,,,,true,false,
h-111-1-445,111,2009-06-24,AMENDMENT,hr-2892-111,Making appropriations for Homeland Security FY 2010,,,,true,false,
h-111-1-446,111,2009-06-24,AMENDMENT,hr-2892-111,Making appropriations for Homeland Security FY 2010,,,,true,false,
h-111-1-447,111,2009-06-24,AMENDMENT,hr-2892-111,Making appropriations for Homeland Security FY 2010,,,,true,false,
h-111-1-448,111,2009-06-24,AMENDMENT,hr-2892-111,Making appropriations for Homeland Security FY 2010,,,,true,false,
h-111-1-449,111,2009-06-24,MOTION_TO_RECOMMIT,hr-2892-111,Making appropriations for Homeland Security FY 2010,,,,true,false,
h-111-1-450,111,2009-06-24,PASSAGE,hr-2892-111,Making appropriations for Homeland Security FY 2010,,,,true,false,
h-111-1-451,111,2009-06-24,PROCEDURAL,hres-572-111,"Providing for consideration of the bill (H.R. 2647) to authorize appropriations for fiscal year 2010 for military activities of the Department of Defense, to prescribe military personnel strengths for fiscal year 2010",,,,true,false,
h-111-1-452,111,2009-06-24,PASSAGE,hres-572-111,"Providing for consideration of the bill (H.R. 2647) to authorize appropriations for fiscal year 2010 for military activities of the Department of Defense, to prescribe military personnel strengths for fiscal year 2010",,,,true,false,
h-111-1-453,111,2009-06-25,AMENDMENT,hr-2647-111,"Department of Defense Authorization, FY 2010",,,,true,false,
h-111-1-454,111,2009-06-25,AMENDMENT,hr-2647-111,"Department of Defense Authorization, FY 2010",,,,true,false,
h-111-1-455,111,2009-06-25,AMENDMENT,hr-2647-111,"Department of Defense Authorization, FY 2010",,,,true,false,
h-111-1-456,111,2009-06-25,AMENDMENT,hr-2647-111,"Department of Defense Authorization, FY 2010",,,,true,false,
h-111-1-457,111,2009-06-25,AMENDMENT,hr-2647-111,"Department of Defense Authorization, FY 2010",,,,true,false,
h-111-1-458,111,2009-06-25,AMENDMENT,hr-2647-111,"Department of Defense Authorization, FY 2010",,,,true,false,
h-111-1-459,111,2009-06-25,MOTION_TO_RECOMMIT,hr-2647-111,"Department of Defense Authorization, FY 2010",,,,true,false,
h-111-1-460,111,2009-06-25,PASSAGE,hr-2647-111,"Department of Defense Authorization, FY 2010",,,,true,false,
h-111-1-461,111,2009-06-25,PROCEDURAL,,,,,,true,false,
h-111-1-462,111,2009-06-25,PROCEDURAL,hres-578-111,"Providing for consideration of H.R. 2996, Interior Appropriations, FY 2010",,,,true,false,
h-111-1-463,111,2009-06-25,PASSAGE,hres-578-111,"Providing for consideration of H.R. 2996, Interior Appropriations, FY 2010",,,,true,false,
h-111-1-464,111,2009-06-26,PASSAGE,sconres-31-111,Adjournment Resolution,,,,true,false,
h-111-1-465,111,2009-06-26,PROCEDURAL,hres-587-111,"Providing for consideration of H.R. 2454, American Clean Energy and Security Act",,,INPUT_COSTS,true,false,
h-111-1-466,111,2009-06-26,PASSAGE,hres-587-111,"Providing for consideration of H.R. 2454, American Clean Energy and Security Act",,,INPUT_COSTS,true,false,
h-111-1-467,111,2009-06-26,AMENDMENT,hr-2996-111,"Department of Interior and Related Agencies Appropriations, 2010",,,,true,false,
h-111-1-468,111,2009-06-26,AMENDMENT,hr-2996-111,"Department of Interior and Related Agencies Appropriations, 2010",,,,true,false,
h-111-1-469,111,2009-06-26,AMENDMENT,hr-2996-111,"Department of Interior and Related Agencies Appropriations, 2010",,,,true,false,
h-111-1-470,111,2009-06-26,AMENDMENT,hr-2996-111,"Department of Interior and Related Agencies Appropriations, 2010",,,,true,false,
h-111-1-471,111,2009-06-26,AMENDMENT,hr-2996-111,"Department of Interior and Related Agencies Appropriations, 2010",,,,true,false,
h-111-1-472,111,2009-06-26,AMENDMENT,hr-2996-111,"Department of Interior and Related Agencies Appropriations, 2010",,,,true,false,
h-111-1-473,111,2009-06-26,AMENDMENT,hr-2996-111,"Department of Interior and Related Agencies Appropriations, 2010",,,,true,false,
h-111-1-474,111,2009-06-26,AMENDMENT,hr-2996-111,"Department of Interior and Related Agencies Appropriations, 2010",,,,true,false,
h-111-1-475,111,2009-06-26,PASSAGE,hr-2996-111,"Department of Interior and Related Agencies Appropriations, 2010",,,,true,false,
h-111-1-476,111,2009-06-26,AMENDMENT,hr-2454-111,American Clean Energy and Security Act,,,INPUT_COSTS,true,true,
h-111-1-477,111,2009-06-26,PASSAGE,hr-2454-111,American Clean Energy and Security Act,,,INPUT_COSTS,true,true,
h-111-1-478,111,2009-07-07,SUSPENSION,hconres-135-111,"Directing the Architect of the Capitol to place a marker in Emancipation Hall in the Capitol Visitor Center which acknowledges the role that slave labor played in the construction of the United States Capitol, and for other purposes",,,,true,false,
h-111-1-479,111,2009-07-07,SUSPENSION,hr-1129-111,To authorize the Secretary of the Interior to provide an annual grant to facilitate an iron working training program for Native Americans,,,,true,false,
h-111-1-480,111,2009-07-08,PASSAGE,hres-610-111,Providing for the consideration of H.R. 2965,,,,true,false,
h-111-1-481,111,2009-07-08,SUSPENSION,hr-1275-111,Utah Recreational Land Exchange Act of 2009,,,,true,false,
h-111-1-482,111,2009-07-08,SUSPENSION,hr-1945-111,Tule River Tribe Water Development Act,,,,true,false,
h-111-1-483,111,2009-07-08,AMENDMENT,hr-2965-111,"Don’t Ask, Don’t Tell Repeal Act of 2010",,,,true,false,
h-111-1-484,111,2009-07-08,AMENDMENT,hr-2965-111,"Don’t Ask, Don’t Tell Repeal Act of 2010",,,,true,false,
h-111-1-485,111,2009-07-08,PROCEDURAL,hr-2965-111,"Don’t Ask, Don’t Tell Repeal Act of 2010",,,,true,false,
h-111-1-486,111,2009-07-08,PASSAGE,hr-2965-111,"Don’t Ask, Don’t Tell Repeal Act of 2010",,,,true,false,
h-111-1-487,111,2009-07-08,PROCEDURAL,,,,,,true,false,
h-111-1-488,111,2009-07-08,PROCEDURAL,,,,,,true,false,
h-111-1-489,111,2009-07-08,PROCEDURAL,hres-609-111,"Providing for consideration of the bill (H.R. 2997) making appropriations for Agriculture, Rural Development, Food and Drug Administration, and Related Agencies programs for the FY ending September 30, 2010, and for other purposes",,,,true,false,
h-111-1-490,111,2009-07-08,PROCEDURAL,,,,,,true,false,
h-111-1-491,111,2009-07-08,PROCEDURAL,hres-609-111,"Providing for consideration of the bill (H.R. 2997) making appropriations for Agriculture, Rural Development, Food and Drug Administration, and Related Agencies programs for the FY ending September 30, 2010, and for other purposes",,,,true,false,
h-111-1-492,111,2009-07-08,PROCEDURAL,hres-609-111,"Providing for consideration of the bill (H.R. 2997) making appropriations for Agriculture, Rural Development, Food and Drug Administration, and Related Agencies programs for the FY ending September 30, 2010, and for other purposes",,,,true,false,
h-111-1-493,111,2009-07-08,PASSAGE,hres-609-111,"Providing for consideration of the bill (H.R. 2997) making appropriations for Agriculture, Rural Development, Food and Drug Administration, and Related Agencies programs for the FY ending September 30, 2010, and for other purposes",,,,true,false,
h-111-1-494,111,2009-07-08,PROCEDURAL,hres-609-111,"Providing for consideration of the bill (H.R. 2997) making appropriations for Agriculture, Rural Development, Food and Drug Administration, and Related Agencies programs for the FY ending September 30, 2010, and for other purposes",,,,true,false,
h-111-1-495,111,2009-07-08,SUSPENSION,hconres-142-111,Supporting National Men’s Health Week,,,,true,false,
h-111-1-496,111,2009-07-08,PROCEDURAL,,,,,,true,false,
h-111-1-497,111,2009-07-09,PROCEDURAL,,,,,,true,false,
h-111-1-498,111,2009-07-09,AMENDMENT,hr-2997-111,"Making appropriations for Agriculture, Rural Development, Food and Drug Administration, and Related Agencies programs for the fiscal year ending September 30, 2010, and for other purposes",,,,true,false,
h-111-1-499,111,2009-07-09,AMENDMENT,hr-2997-111,"Making appropriations for Agriculture, Rural Development, Food and Drug Administration, and Related Agencies programs for the fiscal year ending September 30, 2010, and for other purposes",,,,true,false,
h-111-1-500,111,2009-07-09,AMENDMENT,hr-2997-111,"Making appropriations for Agriculture, Rural Development, Food and Drug Administration, and Related Agencies programs for the fiscal year ending September 30, 2010, and for other purposes",,,,true,false,
h-111-1-501,111,2009-07-09,AMENDMENT,hr-2997-111,"Making appropriations for Agriculture, Rural Development, Food and Drug Administration, and Related Agencies programs for the fiscal year ending September 30, 2010, and for other purposes",,,,true,false,
h-111-1-502,111,2009-07-09,AMENDMENT,hr-2997-111,"Making appropriations for Agriculture, Rural Development, Food and Drug Administration, and Related Agencies programs for the fiscal year ending September 30, 2010, and for other purposes",,,,true,false,
h-111-1-503,111,2009-07-09,AMENDMENT,hr-2997-111,"Making appropriations for Agriculture, Rural Development, Food and Drug Administration, and Related Agencies programs for the fiscal year ending September 30, 2010, and for other purposes",,,,true,false,
h-111-1-504,111,2009-07-09,AMENDMENT,hr-2997-111,"Making appropriations for Agriculture, Rural Development, Food and Drug Administration, and Related Agencies programs for the fiscal year ending September 30, 2010, and for other purposes",,,,true,false,
h-111-1-505,111,2009-07-09,AMENDMENT,hr-2997-111,"Making appropriations for Agriculture, Rural Development, Food and Drug Administration, and Related Agencies programs for the fiscal year ending September 30, 2010, and for other purposes",,,,true,false,
h-111-1-506,111,2009-07-09,AMENDMENT,hr-2997-111,"Making appropriations for Agriculture, Rural Development, Food and Drug Administration, and Related Agencies programs for the fiscal year ending September 30, 2010, and for other purposes",,,,true,false,
h-111-1-507,111,2009-07-09,AMENDMENT,hr-2997-111,"Making appropriations for Agriculture, Rural Development, Food and Drug Administration, and Related Agencies programs for the fiscal year ending September 30, 2010, and for other purposes",,,,true,false,
h-111-1-508,111,2009-07-09,AMENDMENT,hr-2997-111,"Making appropriations for Agriculture, Rural Development, Food and Drug Administration, and Related Agencies programs for the fiscal year ending September 30, 2010, and for other purposes",,,,true,false,
h-111-1-509,111,2009-07-09,PROCEDURAL,hr-2997-111,"Making appropriations for Agriculture, Rural Development, Food and Drug Administration, and Related Agencies programs for the fiscal year ending September 30, 2010, and for other purposes",,,,true,false,
h-111-1-510,111,2009-07-09,PASSAGE,hr-2997-111,"Making appropriations for Agriculture, Rural Development, Food and Drug Administration, and Related Agencies programs for the fiscal year ending September 30, 2010, and for other purposes",,,,true,false,
h-111-1-511,111,2009-07-09,PROCEDURAL,,,,,,true,false,
h-111-1-512,111,2009-07-09,PROCEDURAL,hres-617-111,"Providing for consideration of H.R. 3081, Department of State, foreign operations, and related programs, FY 2010 appropriations.",,,,true,false,
h-111-1-513,111,2009-07-09,PASSAGE,hres-617-111,"Providing for consideration of H.R. 3081, Department of State, foreign operations, and related programs, FY 2010 appropriations.",,,,true,false,
h-111-1-514,111,2009-07-09,SUSPENSION,hconres-127-111,Recognizing the significance of National Caribbean-American Heritage Month,,,,true,false,
h-111-1-515,111,2009-07-09,SUSPENSION,hconres-131-111,Directing the Architect of the Capitol to engrave the Pledge of Allegiance to the Flag and the National Motto of “In God we trust” in the Capitol Visitor Center,,,,true,false,
h-111-1-516,111,2009-07-09,AMENDMENT,hr-3081-111,"Making appropriations for the Department of State, foreign operations, and related programs for the fiscal year ending September 30, 2010, and for other purposes",,,,true,false,
h-111-1-517,111,2009-07-09,AMENDMENT,hr-3081-111,"Making appropriations for the Department of State, foreign operations, and related programs for the fiscal year ending September 30, 2010, and for other purposes",,,,true,false,
h-111-1-518,111,2009-07-09,AMENDMENT,hr-3081-111,"Making appropriations for the Department of State, foreign operations, and related programs for the fiscal year ending September 30, 2010, and for other purposes",,,,true,false,
h-111-1-519,111,2009-07-09,AMENDMENT,hr-3081-111,"Making appropriations for the Department of State, foreign operations, and related programs for the fiscal year ending September 30, 2010, and for other purposes",,,,true,false,
h-111-1-520,111,2009-07-09,AMENDMENT,hr-3081-111,"Making appropriations for the Department of State, foreign operations, and related programs for the fiscal year ending September 30, 2010, and for other purposes",,,,true,false,
h-111-1-521,111,2009-07-09,AMENDMENT,hr-3081-111,"Making appropriations for the Department of State, foreign operations, and related programs for the fiscal year ending September 30, 2010, and for other purposes",,,,true,false,
h-111-1-522,111,2009-07-09,AMENDMENT,hr-3081-111,"Making appropriations for the Department of State, foreign operations, and related programs for the fiscal year ending September 30, 2010, and for other purposes",,,,true,false,
h-111-1-523,111,2009-07-09,PROCEDURAL,hr-3081-111,"Making appropriations for the Department of State, foreign operations, and related programs for the fiscal year ending September 30, 2010, and for other purposes",,,,true,false,
h-111-1-524,111,2009-07-09,MOTION_TO_RECOMMIT,hr-3081-111,"Making appropriations for the Department of State, foreign operations, and related programs for the fiscal year ending September 30, 2010, and for other purposes",,,,true,false,
h-111-1-525,111,2009-07-09,PASSAGE,hr-3081-111,"Making appropriations for the Department of State, foreign operations, and related programs for the fiscal year ending September 30, 2010, and for other purposes",,,,true,false,
h-111-1-526,111,2009-07-10,PROCEDURAL,hres-622-111,"Rule providing for consideration of H.R. 3082, making appropriations for military construction, the Departmen of Veterans Affairs, and related agencies for the fiscal year ending September 30, 2010, and for other purposes",,,,true,false,
h-111-1-527,111,2009-07-10,PASSAGE,hres-622-111,"Rule providing for consideration of H.R. 3082, making appropriations for military construction, the Departmen of Veterans Affairs, and related agencies for the fiscal year ending September 30, 2010, and for other purposes",,,,true,false,
h-111-1-528,111,2009-07-10,AMENDMENT,hr-3082-111,"Making appropriations for military construction, the Department of Veterans Affairs, and related agencies for the fiscal year ending September 30, 2010, and for other purposes",,,,true,false,
h-111-1-529,111,2009-07-10,PASSAGE,hr-3082-111,"Making appropriations for military construction, the Department of Veterans Affairs, and related agencies for the fiscal year ending September 30, 2010, and for other purposes",,,,true,false,
h-111-1-530,111,2009-07-13,PROCEDURAL,,,,,,true,false,
h-111-1-531,111,2009-07-14,PROCEDURAL,,,,,,true,false,
h-111-1-532,111,2009-07-14,PROCEDURAL,,,,,,true,false,
h-111-1-533,111,2009-07-14,SUSPENSION,hres-612-111,"Expressing the profound sympathies of the House of Representatives for the victims of the tragic Metrorail accident on Monday, June 22, 2009, and for their families, friends, and associates",,,,true,false,
h-111-1-534,111,2009-07-14,SUSPENSION,hres-469-111,Honoring the life of Wayman Lawrence Tisdale and expressing the condolences of the House Representatives on his passing,,,,true,false,
h-111-1-535,111,2009-07-14,SUSPENSION,hr-1037-111,Pilot College Work Study Programs for Veterans Act,,,,true,false,
h-111-1-536,111,2009-07-14,SUSPENSION,hr-402-111,William C. Tallent Department of Veterans Affairs Outpatient Clinic,,,,true,false,
h-111-1-537,111,2009-07-15,PROCEDURAL,,,,,,true,false,
h-111-1-538,111,2009-07-15,PROCEDURAL,hres-645-111,"Providing for consideration of the bill (H.R. 3183) making appropriations for energy and water development and related agencies for the fiscal year ending September 30, 2010, and for other purposes",,,,true,false,
h-111-1-539,111,2009-07-15,PASSAGE,hres-645-111,"Providing for consideration of the bill (H.R. 3183) making appropriations for energy and water development and related agencies for the fiscal year ending September 30, 2010, and for other purposes",,,,true,false,
h-111-1-540,111,2009-07-15,SUSPENSION,hr-1044-111,Port Chicago Naval Magazine National Memorial Enhancement Act,,,INPUT_COSTS,true,false,
h-111-1-541,111,2009-07-15,SUSPENSION,hr-934-111,"To convey certain submerged lands to the Commonwealth of the Northern Mariana Islands in order to give that territory the same benefits in its submerged lands as Guam, the Virgin Islands, and American Samoa have in their submerged lands",,,,true,false,
h-111-1-542,111,2009-07-15,SUSPENSION,hr-762-111,"To validate final patent number 27-2005-0081, and for other purposes",,,,true,false,
h-111-1-543,111,2009-07-15,AMENDMENT,hr-3183-111,"Making appropriations for energy and water development and related agencies, FY 2010",,,,true,false,
h-111-1-544,111,2009-07-15,AMENDMENT,hr-3183-111,"Making appropriations for energy and water development and related agencies, FY 2010",,,,true,false,
h-111-1-545,111,2009-07-15,AMENDMENT,hr-3183-111,"Making appropriations for energy and water development and related agencies, FY 2010",,,,true,false,
h-111-1-546,111,2009-07-15,AMENDMENT,hr-3183-111,"Making appropriations for energy and water development and related agencies, FY 2010",,,,true,false,
h-111-1-547,111,2009-07-15,AMENDMENT,hr-3183-111,"Making appropriations for energy and water development and related agencies, FY 2010",,,,true,false,
h-111-1-548,111,2009-07-16,SUSPENSION,hr-1442-111,"To provide for the sale of the Federal Government’s reversionary interest in approximately 60 acres of land in Salt Lake City, Utah, originally conveyed to the Mount Olivet Cemetery Association under the Act of January 23, 1909",,,,true,false,
h-111-1-549,111,2009-07-16,SUSPENSION,hr-129-111,To authorize the conveyance of certain National Forest System lands in the Los Padres National Forest in California,,,,true,false,
h-111-1-550,111,2009-07-16,SUSPENSION,hr-2188-111,Joint Ventures for Bird Habitat Conservation Act,,,ACCESS_TO_CAPITAL,true,false,
h-111-1-551,111,2009-07-16,SUSPENSION,hr-409-111,"To provide for the conveyance of certain Bureau of Land Managment land in the State of Nevada to the Las Vegas Motor Speedway, and for other purposes",,,,true,false,
h-111-1-552,111,2009-07-16,PROCEDURAL,hres-644-111,"Providing for consideration of H.R. 3170, Financial Services and General Government Appropriations, FY 2010",,,,true,false,
h-111-1-553,111,2009-07-16,PASSAGE,hres-644-111,"Providing for consideration of H.R. 3170, Financial Services and General Government Appropriations, FY 2010",,,,true,false,
h-111-1-554,111,2009-07-16,SUSPENSION,hres-543-111,Expressing support for the designation of June as “Home Safety Month”,,,,true,false,
h-111-1-555,111,2009-07-16,AMENDMENT,hr-3170-111,"Making appropriations for financial services and general government for the fiscal year ending September 30, 2010, and for other purposes",,,,true,false,
h-111-1-556,111,2009-07-16,AMENDMENT,hr-3170-111,"Making appropriations for financial services and general government for the fiscal year ending September 30, 2010, and for other purposes",,,,true,false,
h-111-1-557,111,2009-07-16,AMENDMENT,hr-3170-111,"Making appropriations for financial services and general government for the fiscal year ending September 30, 2010, and for other purposes",,,,true,false,
h-111-1-558,111,2009-07-16,AMENDMENT,hr-3170-111,"Making appropriations for financial services and general government for the fiscal year ending September 30, 2010, and for other purposes",,,,true,false,
h-111-1-559,111,2009-07-16,AMENDMENT,hr-3170-111,"Making appropriations for financial services and general government for the fiscal year ending September 30, 2010, and for other purposes",,,,true,false,
h-111-1-560,111,2009-07-16,AMENDMENT,hr-3170-111,"Making appropriations for financial services and general government for the fiscal year ending September 30, 2010, and for other purposes",,,,true,false,
h-111-1-561,111,2009-07-16,AMENDMENT,hr-3170-111,"Making appropriations for financial services and general government for the fiscal year ending September 30, 2010, and for other purposes",,,,true,false,
h-111-1-562,111,2009-07-16,AMENDMENT,hr-3170-111,"Making appropriations for financial services and general government for the fiscal year ending September 30, 2010, and for other purposes",,,,true,false,
h-111-1-563,111,2009-07-16,AMENDMENT,hr-3170-111,"Making appropriations for financial services and general government for the fiscal year ending September 30, 2010, and for other purposes",,,,true,false,
h-111-1-564,111,2009-07-16,AMENDMENT,hr-3170-111,"Making appropriations for financial services and general government for the fiscal year ending September 30, 2010, and for other purposes",,,,true,false,
h-111-1-565,111,2009-07-16,AMENDMENT,hr-3170-111,"Making appropriations for financial services and general government for the fiscal year ending September 30, 2010, and for other purposes",,,,true,false,
h-111-1-566,111,2009-07-16,AMENDMENT,hr-3170-111,"Making appropriations for financial services and general government for the fiscal year ending September 30, 2010, and for other purposes",,,,true,false,
h-111-1-567,111,2009-07-16,AMENDMENT,hr-3170-111,"Making appropriations for financial services and general government for the fiscal year ending September 30, 2010, and for other purposes",,,,true,false,
h-111-1-568,111,2009-07-16,AMENDMENT,hr-3170-111,"Making appropriations for financial services and general government for the fiscal year ending September 30, 2010, and for other purposes",,,,true,false,
h-111-1-569,111,2009-07-16,AMENDMENT,hr-3170-111,"Making appropriations for financial services and general government for the fiscal year ending September 30, 2010, and for other purposes",,,,true,false,
h-111-1-570,111,2009-07-16,PROCEDURAL,hr-3170-111,"Making appropriations for financial services and general government for the fiscal year ending September 30, 2010, and for other purposes",,,,true,false,
h-111-1-571,111,2009-07-16,PASSAGE,hr-3170-111,"Making appropriations for financial services and general government for the fiscal year ending September 30, 2010, and for other purposes",,,,true,false,
h-111-1-572,111,2009-07-16,SUSPENSION,hres-476-111,Celebrating the 30th anniversary of June as “Black Music Month”,,,,true,false,
h-111-1-573,111,2009-07-17,PROCEDURAL,,,,,,true,false,
h-111-1-574,111,2009-07-17,PROCEDURAL,hres-653-111,"Rule providing for the consideration of H.R. 1018, the Restore Our American Mustangs Act",,,,true,false,
h-111-1-575,111,2009-07-17,PASSAGE,hres-653-111,"Rule providing for the consideration of H.R. 1018, the Restore Our American Mustangs Act",,,,true,false,
h-111-1-576,111,2009-07-17,AMENDMENT,hr-1018-111,Restore Our American Mustangs Act,,,,true,false,
h-111-1-577,111,2009-07-17,PASSAGE,hr-1018-111,Restore Our American Mustangs Act,,,,true,false,
h-111-1-578,111,2009-07-17,AMENDMENT,hr-3183-111,"Making appropriations for energy and water development and related agencies, FY 2010",,,,true,false,
h-111-1-579,111,2009-07-17,AMENDMENT,hr-3183-111,"Making appropriations for energy and water development and related agencies, FY 2010",,,,true,false,
h-111-1-580,111,2009-07-17,AMENDMENT,hr-3183-111,"Making appropriations for energy and water development and related agencies, FY 2010",,,,true,false,
h-111-1-581,111,2009-07-17,AMENDMENT,hr-3183-111,"Making appropriations for energy and water development and related agencies, FY 2010",,,,true,false,
h-111-1-582,111,2009-07-17,AMENDMENT,hr-3183-111,"Making appropriations for energy and water development and related agencies, FY 2010",,,,true,false,
h-111-1-583,111,2009-07-17,AMENDMENT,hr-3183-111,"Making appropriations for energy and water development and related agencies, FY 2010",,,,true,false,
h-111-1-584,111,2009-07-17,AMENDMENT,hr-3183-111,"Making appropriations for energy and water development and related agencies, FY 2010",,,,true,false,
h-111-1-585,111,2009-07-17,AMENDMENT,hr-3183-111,"Making appropriations for energy and water development and related agencies, FY 2010",,,,true,false,
h-111-1-586,111,2009-07-17,AMENDMENT,hr-3183-111,"Making appropriations for energy and water development and related agencies, FY 2010",,,,true,false,
h-111-1-587,111,2009-07-17,AMENDMENT,hr-3183-111,"Making appropriations for energy and water development and related agencies, FY 2010",,,,true,false,
h-111-1-588,111,2009-07-17,AMENDMENT,hr-3183-111,"Making appropriations for energy and water development and related agencies, FY 2010",,,,true,false,
h-111-1-589,111,2009-07-17,AMENDMENT,hr-3183-111,"Making appropriations for energy and water development and related agencies, FY 2010",,,,true,false,
h-111-1-590,111,2009-07-17,AMENDMENT,hr-3183-111,"Making appropriations for energy and water development and related agencies, FY 2010",,,,true,false,
h-111-1-591,111,2009-07-17,MOTION_TO_RECOMMIT,hr-3183-111,"Making appropriations for energy and water development and related agencies, FY 2010",,,,true,false,
h-111-1-592,111,2009-07-17,PASSAGE,hr-3183-111,"Making appropriations for energy and water development and related agencies, FY 2010",,,,true,false,
h-111-1-593,111,2009-07-20,PROCEDURAL,,,,,,true,false,
h-111-1-594,111,2009-07-20,SUSPENSION,hres-607-111,Celebrating the Fortieth Anniversary of the Apollo Moon Landing,,,,true,false,
h-111-1-595,111,2009-07-20,SUSPENSION,hr-2245-111,New Frontier Congressional Gold Medal Act,,,,true,false,
h-111-1-596,111,2009-07-21,SUSPENSION,hconres-164-111,Recognizing the 40th anniversary of the Food and Nutrition Service of the Department of Agriculture,,,,true,false,
h-111-1-597,111,2009-07-21,SUSPENSION,hr-2729-111,"To authorize the designation of National Environmental Research Parks by the Secretary of Energy, and for other purposes",,,,true,false,
h-111-1-598,111,2009-07-21,SUSPENSION,hr-1622-111,"To provide for a program of research, development, and demonstration on natural gas vehicles",,,INPUT_COSTS,true,false,
h-111-1-599,111,2009-07-21,SUSPENSION,hres-507-111,Supporting the goals of National Dairy Month,,,,true,false,
h-111-1-600,111,2009-07-21,SUSPENSION,hres-270-111,Recognizing the establishment of Hunters for the Hungry programs across the United States and the contributions of those programs efforts to decrease hunger and help feed those in need,,,,true,false,
h-111-1-601,111,2009-07-21,SUSPENSION,sconres-30-111,Commending the Bureau of Labor Statistics on the occasion of its 125th anniversary,,,,true,false,
h-111-1-602,111,2009-07-21,SUSPENSION,hconres-123-111,Recognizing the historical and national significance of the many contributions of John William Heisman to the sport of football,,,,true,false,
h-111-1-603,111,2009-07-21,SUSPENSION,hr-1933-111,A Child Is Missing Alert and Recovery Center Act,,,,true,false,
h-111-1-604,111,2009-07-21,SUSPENSION,hr-2632-111,Korean War Veterans Recognition Act,,,,true,false,
h-111-1-605,111,2009-07-22,PROCEDURAL,hres-667-111,Flake Resolution,,,,true,false,
h-111-1-606,111,2009-07-22,PASSAGE,hres-665-111,"Providing for consideration of H.R. 2920, Statutory Pay-As-You-Go Act",,,,true,false,
h-111-1-607,111,2009-07-22,SUSPENSION,hr-1675-111,Frank Melville Supportive Housing Investment Act,,,,true,false,
h-111-1-608,111,2009-07-22,SUSPENSION,hr-2938-111,To extend the deadline for commencement of construction of a hydroelectric project,,,,true,false,
h-111-1-609,111,2009-07-22,SUSPENSION,hres-69-111,"Recognizing the need to continue research into the causes, treatment, education, and an eventual cure for diabetes, and for other purposes",,,,true,false,
h-111-1-610,111,2009-07-22,AMENDMENT,hr-2920-111,Statutory Pay-As-You-Go Act of 2009,,,,true,false,
h-111-1-611,111,2009-07-22,MOTION_TO_RECOMMIT,hr-2920-111,Statutory Pay-As-You-Go Act of 2009,,,,true,false,
h-111-1-612,111,2009-07-22,PASSAGE,hr-2920-111,Statutory Pay-As-You-Go Act of 2009,,,,true,false,
h-111-1-613,111,2009-07-22,SUSPENSION,hr-3119-111,"To designate the facility of the United States Postal Service located at 867 Stockton Street in San Francisco, California, as the “Lim Poon Lee Post Office”",,,,true,false,
h-111-1-614,111,2009-07-22,SUSPENSION,hres-534-111,Supporting the goals and ideals of “National Children and Families Day”,,,,true,false,
h-111-1-615,111,2009-07-22,SUSPENSION,hr-2972-111,"To designate the facility of the United States Postal Service located at 115 West Edward Street in Erath, Louisiana, as the “Conrad DeRouen, Jr. Post Office”",,,,true,false,
h-111-1-616,111,2009-07-23,PROCEDURAL,,,,,,true,false,
h-111-1-617,111,2009-07-23,PASSAGE,hres-669-111,"Providing for consideration of the bill (H.R. 3288) making appropriations for the Departments of Transportation, and Housing and Urban Development, and related agencies for the fiscal year ending September 30, 2010, and for other purposes",,,,true,false,
h-111-1-618,111,2009-07-23,SUSPENSION,hres-566-111,"Congratulating the 2008-2009 National Basketball Association Champions, the Los Angeles Lakers, on an outstanding and historic season",,,,true,false,
h-111-1-619,111,2009-07-23,SUSPENSION,hres-350-111,"Honoring the life and accomplishments of Harry Kala for his invaluable contributions to the national past-time of baseball, the community, and the Nation",,,,true,false,
h-111-1-620,111,2009-07-23,AMENDMENT,hr-3288-111,"Making appropriations for the Departments of Transportation, HUD, and related agencies for FY 2010",,,,true,false,
h-111-1-621,111,2009-07-23,AMENDMENT,hr-3288-111,"Making appropriations for the Departments of Transportation, HUD, and related agencies for FY 2010",,,,true,false,
h-111-1-622,111,2009-07-23,AMENDMENT,hr-3288-111,"Making appropriations for the Departments of Transportation, HUD, and related agencies for FY 2010",,,,true,false,
h-111-1-623,111,2009-07-23,AMENDMENT,hr-3288-111,"Making appropriations for the Departments of Transportation, HUD, and related agencies for FY 2010",,,,true,false,
h-111-1-624,111,2009-07-23,AMENDMENT,hr-3288-111,"Making appropriations for the Departments of Transportation, HUD, and related agencies for FY 2010",,,,true,false,
h-111-1-625,111,2009-07-23,AMENDMENT,hr-3288-111,"Making appropriations for the Departments of Transportation, HUD, and related agencies for FY 2010",,,,true,false,
h-111-1-626,111,2009-07-23,AMENDMENT,hr-3288-111,"Making appropriations for the Departments of Transportation, HUD, and related agencies for FY 2010",,,,true,false,
h-111-1-627,111,2009-07-23,AMENDMENT,hr-3288-111,"Making appropriations for the Departments of Transportation, HUD, and related agencies for FY 2010",,,,true,false,
h-111-1-628,111,2009-07-23,AMENDMENT,hr-3288-111,"Making appropriations for the Departments of Transportation, HUD, and related agencies for FY 2010",,,,true,false,
h-111-1-629,111,2009-07-23,AMENDMENT,hr-3288-111,"Making appropriations for the Departments of Transportation, HUD, and related agencies for FY 2010",,,,true,false,
h-111-1-630,111,2009-07-23,AMENDMENT,hr-3288-111,"Making appropriations for the Departments of Transportation, HUD, and related agencies for FY 2010",,,,true,false,
h-111-1-631,111,2009-07-23,AMENDMENT,hr-3288-111,"Making appropriations for the Departments of Transportation, HUD, and related agencies for FY 2010",,,,true,false,
h-111-1-632,111,2009-07-23,AMENDMENT,hr-3288-111,"Making appropriations for the Departments of Transportation, HUD, and related agencies for FY 2010",,,,true,false,
h-111-1-633,111,2009-07-23,AMENDMENT,hr-3288-111,"Making appropriations for the Departments of Transportation, HUD, and related agencies for FY 2010",,,,true,false,
h-111-1-634,111,2009-07-23,AMENDMENT,hr-3288-111,"Making appropriations for the Departments of Transportation, HUD, and related agencies for FY 2010",,,,true,false,
h-111-1-635,111,2009-07-23,AMENDMENT,hr-3288-111,"Making appropriations for the Departments of Transportation, HUD, and related agencies for FY 2010",,,,true,false,
h-111-1-636,111,2009-07-23,MOTION_TO_RECOMMIT,hr-3288-111,"Making appropriations for the Departments of Transportation, HUD, and related agencies for FY 2010",,,,true,false,
h-111-1-637,111,2009-07-23,PASSAGE,hr-3288-111,"Making appropriations for the Departments of Transportation, HUD, and related agencies for FY 2010",,,,true,false,
h-111-1-638,111,2009-07-24,PROCEDURAL,,,,,,true,false,
h-111-1-639,111,2009-07-24,PROCEDURAL,hres-673-111,"Providing for consideration of the bill (H.R. 3293) making appropriations for the Department of Labor, Health and Human Services, and Education, and related agencies for the fiscal year ending September 30, 2010, and for other purposes",,,,true,false,
h-111-1-640,111,2009-07-24,PASSAGE,hres-673-111,"Providing for consideration of the bill (H.R. 3293) making appropriations for the Department of Labor, Health and Human Services, and Education, and related agencies for the fiscal year ending September 30, 2010, and for other purposes",,,,true,false,
h-111-1-641,111,2009-07-24,AMENDMENT,hr-3293-111,"Making appropriations for the Departments of Labor, Health and Human Services, and Education, and related agencies for the fiscal year ending September 30, 2010, and for other purposes",,,,true,false,
h-111-1-642,111,2009-07-24,AMENDMENT,hr-3293-111,"Making appropriations for the Departments of Labor, Health and Human Services, and Education, and related agencies for the fiscal year ending September 30, 2010, and for other purposes",,,,true,false,
h-111-1-643,111,2009-07-24,AMENDMENT,hr-3293-111,"Making appropriations for the Departments of Labor, Health and Human Services, and Education, and related agencies for the fiscal year ending September 30, 2010, and for other purposes",,,,true,false,
h-111-1-644,111,2009-07-24,AMENDMENT,hr-3293-111,"Making appropriations for the Departments of Labor, Health and Human Services, and Education, and related agencies for the fiscal year ending September 30, 2010, and for other purposes",,,,true,false,
h-111-1-645,111,2009-07-24,MOTION_TO_RECOMMIT,hr-3293-111,"Making appropriations for the Departments of Labor, Health and Human Services, and Education, and related agencies for the fiscal year ending September 30, 2010, and for other purposes",,,,true,false,
h-111-1-646,111,2009-07-24,PASSAGE,hr-3293-111,"Making appropriations for the Departments of Labor, Health and Human Services, and Education, and related agencies for the fiscal year ending September 30, 2010, and for other purposes",,,,true,false,
h-111-1-647,111,2009-07-27,SUSPENSION,hres-593-111,Recognizing and celebrating the 50th Anniversary of the entry of Hawaii into the Union as the 50th State,,,,true,false,
h-111-1-648,111,2009-07-27,SUSPENSION,hr-1376-111,Waco Mammoth National Monument Establishment Act of 2009,,,,true,false,
h-111-1-649,111,2009-07-27,SUSPENSION,hr-1121-111,Blue Ridge Parkway and Town of Blowing Rock Land Exchange Act of 2009,,,,true,false,
h-111-1-650,111,2009-07-28,SUSPENSION,hr-1293-111,Disabled Veterans Home Improvement and Structural Alteration Grant Increase Act of 2009,,,,true,false,
h-111-1-651,111,2009-07-28,SUSPENSION,hr-556-111,Southern Sea Otter Recovery and Research Act,,,,true,false,
h-111-1-652,111,2009-07-28,SUSPENSION,hr-509-111,To reauthorize the Marine Turtle Conservation Act of 2004,,,,true,false,
h-111-1-653,111,2009-07-28,SUSPENSION,hres-616-111,Congratulating the Louisiana State University baseball team for winning the 2009 National Collegiate Athletic Association Division I College World Series,,,,true,false,
h-111-1-654,111,2009-07-29,AMENDMENT,hres-685-111,"Providing for consideration of H.R. 3326, DOD Appropriations FY, 2010",,,,true,false,
h-111-1-655,111,2009-07-29,PASSAGE,hres-685-111,"Providing for consideration of H.R. 3326, DOD Appropriations FY, 2010",,,,true,false,
h-111-1-656,111,2009-07-29,PROCEDURAL,hres-690-111,Boehner Privileged Resolution,,,,true,false,
h-111-1-657,111,2009-07-29,SUSPENSION,hr-2749-111,Food Safety Enhancement Act of 2009,,,,true,false,
h-111-1-658,111,2009-07-29,SUSPENSION,hr-1665-111,Coast Guard Acquisition Reform Act of 2009,,,,true,false,
h-111-1-659,111,2009-07-29,SUSPENSION,hr-3357-111,To restore sums to the Highway Trust Fund and for other purposes,,,,true,false,
h-111-1-660,111,2009-07-29,SUSPENSION,hres-496-111,Recognizing the 20th anniversary of the fall of the Berlin Wall,,,,true,false,
h-111-1-661,111,2009-07-30,AMENDMENT,hr-3326-111,"Making appropriations for the Department of Defense for the fiscal year ending September 30, 2010, and for other purposes",,,,true,false,
h-111-1-662,111,2009-07-30,AMENDMENT,hr-3326-111,"Making appropriations for the Department of Defense for the fiscal year ending September 30, 2010, and for other purposes",,,,true,false,
h-111-1-663,111,2009-07-30,AMENDMENT,hr-3326-111,"Making appropriations for the Department of Defense for the fiscal year ending September 30, 2010, and for other purposes",,,,true,false,
h-111-1-664,111,2009-07-30,AMENDMENT,hr-3326-111,"Making appropriations for the Department of Defense for the fiscal year ending September 30, 2010, and for other purposes",,,,true,false,
h-111-1-665,111,2009-07-30,AMENDMENT,hr-3326-111,"Making appropriations for the Department of Defense for the fiscal year ending September 30, 2010, and for other purposes",,,,true,false,
h-111-1-666,111,2009-07-30,AMENDMENT,hr-3326-111,"Making appropriations for the Department of Defense for the fiscal year ending September 30, 2010, and for other purposes",,,,true,false,
h-111-1-667,111,2009-07-30,AMENDMENT,hr-3326-111,"Making appropriations for the Department of Defense for the fiscal year ending September 30, 2010, and for other purposes",,,,true,false,
h-111-1-668,111,2009-07-30,AMENDMENT,hr-3326-111,"Making appropriations for the Department of Defense for the fiscal year ending September 30, 2010, and for other purposes",,,,true,false,
h-111-1-669,111,2009-07-30,AMENDMENT,hr-3326-111,"Making appropriations for the Department of Defense for the fiscal year ending September 30, 2010, and for other purposes",,,,true,false,
h-111-1-670,111,2009-07-30,AMENDMENT,hr-3326-111,"Making appropriations for the Department of Defense for the fiscal year ending September 30, 2010, and for other purposes",,,,true,false,
h-111-1-671,111,2009-07-30,AMENDMENT,hr-3326-111,"Making appropriations for the Department of Defense for the fiscal year ending September 30, 2010, and for other purposes",,,,true,false,
h-111-1-672,111,2009-07-30,AMENDMENT,hr-3326-111,"Making appropriations for the Department of Defense for the fiscal year ending September 30, 2010, and for other purposes",,,,true,false,
h-111-1-673,111,2009-07-30,AMENDMENT,hr-3326-111,"Making appropriations for the Department of Defense for the fiscal year ending September 30, 2010, and for other purposes",,,,true,false,
h-111-1-674,111,2009-07-30,MOTION_TO_RECOMMIT,hr-3326-111,"Making appropriations for the Department of Defense for the fiscal year ending September 30, 2010, and for other purposes",,,,true,false,
h-111-1-675,111,2009-07-30,PASSAGE,hr-3326-111,"Making appropriations for the Department of Defense for the fiscal year ending September 30, 2010, and for other purposes",,,,true,false,
h-111-1-676,111,2009-07-30,PASSAGE,hconres-172-111,Adjournment Resolution,,,,true,false,
h-111-1-677,111,2009-07-30,PASSAGE,hres-691-111,"Providing for consideration of the bill (H.R. 2749) to amend the Federal Food, Drug, and Cosmetic Act to improve the safety of food in the global market, and for other purposes",,,,true,false,
h-111-1-678,111,2009-07-30,SUSPENSION,hr-2728-111,William Orton Law Library Improvement and Modernization Act,,,,true,false,
h-111-1-679,111,2009-07-30,MOTION_TO_RECOMMIT,hr-2749-111,Food Safety Enhancement Act of 2009,,,,true,false,
h-111-1-680,111,2009-07-30,PASSAGE,hr-2749-111,Food Safety Enhancement Act of 2009,,,,true,false,
h-111-1-681,111,2009-07-30,SUSPENSION,hr-1752-111,To provide that the usual day for paying salaries in or under the House of Representatives may be established by regulations of the Committee on House Administration,,,,true,false,
h-111-1-682,111,2009-07-31,SUSPENSION,hr-3435-111,Making supplemental appropriations for fiscal year 2009 for the Consumer Assistance to Recycle and Save Program,,,,true,false,
h-111-1-683,111,2009-07-31,AMENDMENT,hr-3269-111,Corporate and Financial Institution Compensation Fairness Act,,,,true,false,
h-111-1-684,111,2009-07-31,AMENDMENT,hr-3269-111,Corporate and Financial Institution Compensation Fairness Act,,,,true,false,
h-111-1-685,111,2009-07-31,MOTION_TO_RECOMMIT,hr-3269-111,Corporate and Financial Institution Compensation Fairness Act,,,,true,false,
h-111-1-686,111,2009-07-31,PASSAGE,hr-3269-111,Corporate and Financial Institution Compensation Fairness Act,,,,true,false,
h-111-1-687,111,2009-09-08,SUSPENSION,hr-324-111,Santa Cruz Valley National Heritage Area Act,,,,true,false,
h-111-1-688,111,2009-09-08,SUSPENSION,hr-310-111,Help to Access Land for the Education of Scouts or HALE Scouts Act,,,,true,false,
h-111-1-689,111,2009-09-08,SUSPENSION,hr-3123-111,Leadville Mine Drainage Tunnel Remediation Act of 2009,,,,true,false,
h-111-1-690,111,2009-09-09,SUSPENSION,hres-447-111,Recognizing the remarkable contributions of the American Council of Engineering Companies for its 100 years of service to the engineering industry and the Nation,,,,true,false,
h-111-1-691,111,2009-09-09,SUSPENSION,hr-2097-111,Star-Spangled Banner Commemorative Coin Act,,,,true,false,
h-111-1-692,111,2009-09-09,SUSPENSION,hr-2498-111,"To designate the Federal building located at 844 North Rush Street in Chicago, Illinois, as the “William O. Lipinski Federal Building”",,,,true,false,
h-111-1-693,111,2009-09-09,SUSPENSION,hres-722-111,"Expressing the sense of the House of Representatives regarding the terrorist attacks launched against the United States on September 11, 2001",,,,true,false,
h-111-1-694,111,2009-09-10,MOTION_TO_RECOMMIT,hr-965-111,Chesapeake Bay Gateways and Watertrails Network Continuing Authorization Act,,,,true,false,
h-111-1-695,111,2009-09-10,PASSAGE,hr-965-111,Chesapeake Bay Gateways and Watertrails Network Continuing Authorization Act,,,,true,false,
h-111-1-696,111,2009-09-14,SUSPENSION,hres-6-111,Recognizing the significant contribution coaches make in the life of children who participate in organized sports and supporting the goals and ideals of National Coaches Appreciation Week,,,,true,false,
h-111-1-697,111,2009-09-14,SUSPENSION,hres-459-111,Expressing support for designation of “National Safety Month”,,,,true,false,
h-111-1-698,111,2009-09-14,SUSPENSION,hconres-59-111,Supporting the goals and ideals of senior caregiving and affordability,,,,true,false,
h-111-1-699,111,2009-09-15,PASSAGE,hres-744-111,Raising a question of the privileges of the House.,,,,true,false,
h-111-1-700,111,2009-09-15,SUSPENSION,hres-317-111,"Recognizing the region from Manhattan, Kansas, to Columbia, Missouri, as the Kansas City Animal Health Corridor, and for other purposes",,,,true,false,
h-111-1-701,111,2009-09-15,SUSPENSION,hr-22-111,United States Postal Service Financial Relief Act,,,,true,false,
h-111-1-702,111,2009-09-15,SUSPENSION,hr-3137-111,"To amend title 39, United States Code, to provide clarification relating to the authority of the United States Postal Service to accept donations as an additional source of funding for commemorative plaques",,,,true,false,
h-111-1-703,111,2009-09-16,PASSAGE,hres-746-111,"Providing for consideration of the bill (H.R. 3221) to amend the Higher Education Act of 1965, and for other purposes",,,,true,false,
h-111-1-704,111,2009-09-16,SUSPENSION,hres-260-111,Supporting efforts to reduce infant mortality in the United States.,,,,true,false,
h-111-1-705,111,2009-09-16,AMENDMENT,hr-3246-111,Advanced Vehicle Technology Act,,,,true,false,
h-111-1-706,111,2009-09-16,AMENDMENT,hr-3246-111,Advanced Vehicle Technology Act,,,,true,false,
h-111-1-707,111,2009-09-16,AMENDMENT,hr-3246-111,Advanced Vehicle Technology Act,,,,true,false,
h-111-1-708,111,2009-09-16,MOTION_TO_RECOMMIT,hr-3246-111,Advanced Vehicle Technology Act,,,,true,false,
h-111-1-709,111,2009-09-16,PASSAGE,hr-3246-111,Advanced Vehicle Technology Act,,,,true,false,
h-111-1-710,111,2009-09-17,AMENDMENT,hr-3221-111,Student Aid and Fiscal Responsibility Act of 2009,,,,true,false,
h-111-1-711,111,2009-09-17,AMENDMENT,hr-3221-111,Student Aid and Fiscal Responsibility Act of 2009,,,,true,false,
h-111-1-712,111,2009-09-17,AMENDMENT,hr-3221-111,Student Aid and Fiscal Responsibility Act of 2009,,,,true,false,
h-111-1-713,111,2009-09-17,AMENDMENT,hr-3221-111,Student Aid and Fiscal Responsibility Act of 2009,,,,true,false,
h-111-1-714,111,2009-09-17,AMENDMENT,hr-3221-111,Student Aid and Fiscal Responsibility Act of 2009,,,,true,false,
h-111-1-715,111,2009-09-17,AMENDMENT,hr-3221-111,Student Aid and Fiscal Responsibility Act of 2009,,,,true,false,
h-111-1-716,111,2009-09-17,AMENDMENT,hr-3221-111,Student Aid and Fiscal Responsibility Act of 2009,,,,true,false,
h-111-1-717,111,2009-09-17,AMENDMENT,hr-3221-111,Student Aid and Fiscal Responsibility Act of 2009,,,,true,false,
h-111-1-718,111,2009-09-17,MOTION_TO_RECOMMIT,hr-3221-111,Student Aid and Fiscal Responsibility Act of 2009,,,,true,false,
h-111-1-719,111,2009-09-17,PASSAGE,hr-3221-111,Student Aid and Fiscal Responsibility Act of 2009,,,,true,false,
h-111-1-720,111,2009-09-22,SUSPENSION,hres-441-111,Honoring the historical contributions of Catholic sisters in the United States,,,,true,false,
h-111-1-721,111,2009-09-22,SUSPENSION,hr-2971-111,"To designate the facility of the United States Postal Service located at 630 Northeast Killingsworth Avenue in Portland, Oregon, as the “Dr. Martin Luther King, Jr. Post Office”",,,,true,false,
h-111-1-722,111,2009-09-22,SUSPENSION,hr-3548-111,"Worker, Homeownership, and Business Assistance Act",,,,true,false,
h-111-1-723,111,2009-09-23,PASSAGE,hres-760-111,"Providing for consideration of the bill (H.R. 324), the “Santa Cruz Valley National Heritage Area Act”",,,,true,false,
h-111-1-724,111,2009-09-23,SUSPENSION,hres-765-111,"Expressing condolences to the families of the individuals killed during unusal storms and floods in the State of Georgia between September 18 and 21, 2009, and expressing gratitude to all of the emergency personnel who continue to work with unyielding determination to meet the needs of Georgia’s residents",,,,true,false,
h-111-1-725,111,2009-09-23,SUSPENSION,hr-2215-111,"To designate the facility of the United States Postal Service located at 140 Merriman Road in Garden City, Michigan, as the “John J. Shivnen Post Office Building”",,,,true,false,
h-111-1-726,111,2009-09-23,SUSPENSION,hr-3614-111,"To provide for an additional temporary extension of programs under the Small Business Act and the Small Business Investment Act of 1958, and for other purposes",,,ACCESS_TO_CAPITAL,true,false,
h-111-1-727,111,2009-09-23,MOTION_TO_RECOMMIT,hr-324-111,Santa Cruz Valley National Heritage Area Act,,,,true,false,
h-111-1-728,111,2009-09-23,PASSAGE,hr-324-111,Santa Cruz Valley National Heritage Area Act,,,,true,false,
h-111-1-729,111,2009-09-23,SUSPENSION,hres-696-111,Acknowledging and congratulation Western Wyoming Community College in Southwest Wyoming on the occasion of its 50th anniversary of service to the students and citizens of the State of Wyoming,,,,true,false,
h-111-1-730,111,2009-09-23,PROCEDURAL,,,,,,true,false,
h-111-1-731,111,2009-09-23,SUSPENSION,hr-3617-111,Surface Transportation Extension Act of 2009,,,,true,false,
h-111-1-732,111,2009-09-23,PROCEDURAL,,,,,,true,false,
h-111-1-733,111,2009-09-23,PROCEDURAL,hr-2918-111,Making appropriations for the Legislative Branch FY 2010,,,,true,false,
h-111-1-734,111,2009-09-23,PROCEDURAL,hr-2918-111,Making appropriations for the Legislative Branch FY 2010,,,,true,false,
h-111-1-735,111,2009-09-24,PASSAGE,hres-766-111,Providing for consideration of motions to suspend the rules,,,,true,false,
h-111-1-736,111,2009-09-24,SUSPENSION,hconres-163-111,"Expressing support for designation of September 23, 2009, as “National Job Corps Day”",,,WORKFORCE,true,false,
h-111-1-737,111,2009-09-24,SUSPENSION,hr-3631-111,Medicare Premium Fairness Act,,,,true,false,
h-111-1-738,111,2009-09-25,PASSAGE,hres-772-111,"Providing for consideration of the conference report to accompany the bill (H.R. 2918) making appropriations for the Legislative Branch for the fiscal year ending September 30, 2010, and for other purposes",,,,true,false,
h-111-1-739,111,2009-09-25,PASSAGE,hr-2918-111,Making appropriations for the Legislative Branch FY 2010,,,,true,false,
h-111-1-740,111,2009-09-29,SUSPENSION,hr-905-111,Thunder Bay National Marine Sanctuary and Underwater Preserve Boundary Modification Act,,,,true,false,
h-111-1-741,111,2009-09-29,SUSPENSION,hres-16-111,Supporting the goals and ideals of National Life Insurance Awareness Month,,,,true,false,
h-111-1-742,111,2009-09-29,PROCEDURAL,hr-2997-111,"Making appropriations for Agriculture, Rural Development, Food and Drug Administration, and Related Agencies programs for the fiscal year ending September 30, 2010, and for other purposes",,,,true,false,
h-111-1-743,111,2009-09-30,SUSPENSION,hr-2442-111,Bay Area Regional Water Recycling Program Expansion Act,,,,true,false,
h-111-1-744,111,2009-09-30,SUSPENSION,hr-1771-111,"Chesapeake Bay Science, Education, and Ecosystem Enhancement Act",,,,true,false,
h-111-1-745,111,2009-09-30,SUSPENSION,hr-1053-111,Chesapeake Bay Accountability and Recovery Act,,,,true,false,
h-111-1-746,111,2009-10-01,PROCEDURAL,hr-2892-111,Making appropriations for Homeland Security FY 2010,,,,true,false,
h-111-1-747,111,2009-10-01,SUSPENSION,hres-517-111,Congratulating the University of Washington women’s softball team for winning the 2009 Women’s College World Series,,,,true,false,
h-111-1-748,111,2009-10-01,SUSPENSION,hres-487-111,Recognizing the 100th anniversary of the State News at Michigan State University,,,,true,false,
h-111-1-749,111,2009-10-01,PASSAGE,hres-788-111,"Providing for consideration of the conference report to accompany H.R. 3183, Energy and Water Appropriations FY 2010",,,,true,false,
h-111-1-750,111,2009-10-01,SUSPENSION,hres-692-111,Supporting the goals and ideals of Tay-Sachs Awareness Month,,,,true,false,
h-111-1-751,111,2009-10-01,SUSPENSION,hconres-151-111,Expressing the sense of Congress that China release democratic activist Liu Xiaobo from imprisonment,,,,true,false,
h-111-1-752,111,2009-10-01,PASSAGE,hr-3183-111,"Making appropriations for energy and water development and related agencies, FY 2010",,,,true,false,
h-111-1-753,111,2009-10-06,PROCEDURAL,hr-2647-111,"Department of Defense Authorization, FY 2010",,,,true,false,
h-111-1-754,111,2009-10-06,PROCEDURAL,hr-2647-111,"Department of Defense Authorization, FY 2010",,,,true,false,
h-111-1-755,111,2009-10-06,SUSPENSION,hres-707-111,"Expressing support for designation of the week of September 13, 2009, as Adult Education and Family Literacy Week",,,,true,false,
h-111-1-756,111,2009-10-07,PROCEDURAL,hres-799-111,"Providing for consideration of the conference report to accompany H.R. 2997, Agriculture Appropriations FY 2010",,,,true,false,
h-111-1-757,111,2009-10-07,PASSAGE,hres-799-111,"Providing for consideration of the conference report to accompany H.R. 2997, Agriculture Appropriations FY 2010",,,,true,false,
h-111-1-758,111,2009-10-07,PROCEDURAL,hres-805-111,,,,,true,false,
h-111-1-759,111,2009-10-07,PROCEDURAL,hres-805-111,,,,,true,false,
h-111-1-760,111,2009-10-07,SUSPENSION,hres-701-111,To recognize the Dyke March Wildlife Preserve as a unique and precious ecosystem,,,,true,false,
h-111-1-761,111,2009-10-07,PASSAGE,hr-2997-111,"Making appropriations for Agriculture, Rural Development, Food and Drug Administration, and Related Agencies programs for the fiscal year ending September 30, 2010, and for other purposes",,,,true,false,
h-111-1-762,111,2009-10-07,SUSPENSION,hres-806-111,"Providing for the concurrence by the House in the Sentate amendment to H.R. 1035, with an amendment",,,,true,false,
h-111-1-763,111,2009-10-07,SUSPENSION,hres-795-111,"Honoring the people of Shanksville, Pennsylvania, and the Flight 93 Ambassadors for their efforts in creating the Flight 93 temporary memorial and encouraging the completion of the National Park Service Flight 93 National Memorial by the 10th anniversary of September 11, 2001",,,,true,false,
h-111-1-764,111,2009-10-08,PROCEDURAL,hres-808-111,"Providing for consideration of the conference report to accompany H.R. 2647, the Department of Defense Authorization, FY 2010",,,,true,false,
h-111-1-765,111,2009-10-08,PASSAGE,hres-808-111,"Providing for consideration of the conference report to accompany H.R. 2647, the Department of Defense Authorization, FY 2010",,,,true,false,
h-111-1-766,111,2009-10-08,SUSPENSION,hres-650-111,Recognizing that country music has made a tremendous contribution to American life and culture and declaring country music to be a uniquely American art form,,,,true,false,
h-111-1-767,111,2009-10-08,SUSPENSION,hjres-26-111,Proclaiming Casimir Pulaski to be an honorary citizen of the United States posthumously,,,,true,false,
h-111-1-768,111,2009-10-08,SUSPENSION,hr-3590-111,Patient Protection and Affordable Care Act,,,HEALTH_COSTS,true,false,
h-111-1-769,111,2009-10-08,MOTION_TO_RECOMMIT,hr-2647-111,"Department of Defense Authorization, FY 2010",,,,true,false,
h-111-1-770,111,2009-10-08,PASSAGE,hr-2647-111,"Department of Defense Authorization, FY 2010",,,,true,false,
h-111-1-771,111,2009-10-08,SUSPENSION,hres-804-111,"Providing for the concurrence by the House in the Senate amendment to H.R. 1016, with amendment",,,,true,false,
h-111-1-772,111,2009-10-13,SUSPENSION,hr-3689-111,"To provide for an extension of the legislative authority of the Vietnam Veterans Memorial Fund, Inc. to establish a Vietnam Veterans Memorial visitor center",,,,true,false,
h-111-1-773,111,2009-10-13,SUSPENSION,hr-3476-111,To reauthorize the Delaware Water Gap National Recreation Area Citizen Advisory Commission,,,,true,false,
h-111-1-774,111,2009-10-13,SUSPENSION,hres-659-111,Congratulating Kappa Alpha Psi Fraternity,,,,true,false,
h-111-1-775,111,2009-10-14,SUSPENSION,hres-768-111,Expressing support for the designation of the month of October as “National Work and Family Month”,,,,true,false,
h-111-1-776,111,2009-10-14,SUSPENSION,hr-1327-111,Iran Sanctions Enabling Act of 2009,,,,true,false,
h-111-1-777,111,2009-10-14,SUSPENSION,hres-816-111,"Mourning the loss of life caused by the earthquakes and tsunamis that occurred on September 29, 2009 in American Samoa and Samoa",,,,true,false,
h-111-1-778,111,2009-10-14,SUSPENSION,hr-3371-111,Airline Safety and Pilot Training Improvement Act of 2009,,,,true,false,
h-111-1-779,111,2009-10-14,SUSPENSION,hres-786-111,"Commemorating the canonization of Father Damien de Veuster, SS.CC. to sainthood",,,,true,false,
h-111-1-780,111,2009-10-15,PROCEDURAL,hres-829-111,"Providing for consideration of the conference report to accompany the bill (H.R. 2892) making appropriations for the Department of Homeland Security for the fiscal year ending September 30, 2010, and for other purposes",,,,true,false,
h-111-1-781,111,2009-10-15,PASSAGE,hres-829-111,"Providing for consideration of the conference report to accompany the bill (H.R. 2892) making appropriations for the Department of Homeland Security for the fiscal year ending September 30, 2010, and for other purposes",,,,true,false,
h-111-1-782,111,2009-10-15,SUSPENSION,hres-800-111,Expressing sympathy for the citizens of the Philippines dealing with Tropical Storm Ketsana and Typhoon Parma,,,,true,false,
h-111-1-783,111,2009-10-15,MOTION_TO_RECOMMIT,hr-2892-111,Making appropriations for Homeland Security FY 2010,,,,true,false,
h-111-1-784,111,2009-10-15,PASSAGE,hr-2892-111,Making appropriations for Homeland Security FY 2010,,,,true,false,
h-111-1-785,111,2009-10-15,SUSPENSION,hr-2423-111,"To designate the Federal building and United States courthouse located at 1300 Victoria Street in Laredo, Texas, as the “George P. Kazen Federal Building and United States Courthouse”, and to designate the jury room in that Federal building and United States courthouse as the “Marcel C. Notzon II Jury Room”.",,,,true,false,
h-111-1-786,111,2009-10-15,PROCEDURAL,hres-830-111,"Providing for consideration of the bill (H.R. 2442) to amend the Reclamation Wastewater and Groundwater Study and Facilities Act to expand the Bay Area Regional Water Recycling Program, and for other purposes",,,,true,false,
h-111-1-787,111,2009-10-15,PASSAGE,hres-830-111,"Providing for consideration of the bill (H.R. 2442) to amend the Reclamation Wastewater and Groundwater Study and Facilities Act to expand the Bay Area Regional Water Recycling Program, and for other purposes",,,,true,false,
h-111-1-788,111,2009-10-15,PROCEDURAL,hr-2442-111,Bay Area Regional Water Recycling Program Expansion Act,,,,true,false,
h-111-1-789,111,2009-10-15,PASSAGE,hr-2442-111,Bay Area Regional Water Recycling Program Expansion Act,,,,true,false,
h-111-1-790,111,2009-10-20,SUSPENSION,hr-3763-111,To amend the Fair Credit Reporting Act to provide for an exclusion from Red Flag Guidelines for certain businesses,,,,true,false,
h-111-1-791,111,2009-10-20,SUSPENSION,hr-3319-111,"To designate the facility of the United States Postal Service located at 440 South Gulling Street in Portola, California, as the “Army Specialist Jeremiah Paul McCleery Post Office Building”",,,,true,false,
h-111-1-792,111,2009-10-20,SUSPENSION,hres-558-111,"Supporting the increased understanding of, and interest in, computer science and computing careers among the public and in schools, and to ensure an ample and diverse future technology workforce through the designation of National Computer Science Education Week",,,,true,false,
h-111-1-793,111,2009-10-21,SUSPENSION,s-1793-111,Ryan White HIV/AIDS Treatment Extension Act of 2009,,,,true,false,
h-111-1-794,111,2009-10-21,SUSPENSION,hres-811-111,Expressing support for designation of October 2009 as “National Principals Month”,,,,true,false,
h-111-1-795,111,2009-10-21,SUSPENSION,hres-837-111,Recognizing Kentucky Wesleyan College for over 150 years of service as an institution of higher education,,,,true,false,
h-111-1-796,111,2009-10-21,SUSPENSION,hres-660-111,Recognizing the distinguished history of the Laurinburg Normal Industrial Institute,,,,true,false,
h-111-1-797,111,2009-10-21,SUSPENSION,sconres-43-111,Authorizing the use of the rotunda of the Capitol for the presentation of the Congressional Gold Medal to former Senator Edward Brooke,,,,true,false,
h-111-1-798,111,2009-10-22,PROCEDURAL,hres-846-111,"Providing for the consideration of the bill H.R. 3585, the Solar Technology Roadmap Act",,,,true,false,
h-111-1-799,111,2009-10-22,PASSAGE,hres-846-111,"Providing for the consideration of the bill H.R. 3585, the Solar Technology Roadmap Act",,,,true,false,
h-111-1-800,111,2009-10-22,SUSPENSION,hres-797-111,"Expressing the sense of Congress with respect to raising awareness and enhancing the state of cyber security in the United States, and supporting the goals and ideals of the sixth annual National Cyber Security Awareness Month",,,,true,false,
h-111-1-801,111,2009-10-22,AMENDMENT,hr-3585-111,Solar Technology Roadmap Act,,,,true,false,
h-111-1-802,111,2009-10-22,AMENDMENT,hr-3585-111,Solar Technology Roadmap Act,,,,true,false,
h-111-1-803,111,2009-10-22,AMENDMENT,hr-3585-111,Solar Technology Roadmap Act,,,,true,false,
h-111-1-804,111,2009-10-22,AMENDMENT,hr-3585-111,Solar Technology Roadmap Act,,,,true,false,
h-111-1-805,111,2009-10-22,AMENDMENT,hr-3585-111,Solar Technology Roadmap Act,,,,true,false,
h-111-1-806,111,2009-10-22,AMENDMENT,hr-3585-111,Solar Technology Roadmap Act,,,,true,false,
h-111-1-807,111,2009-10-22,PASSAGE,hr-3585-111,Solar Technology Roadmap Act,,,,true,false,
h-111-1-808,111,2009-10-22,SUSPENSION,hres-175-111,Condemning the Government of Iran for its state-sponsored persecution of its Baha’i minority and its continued violation of the International Covenants on Human Rights,,,,true,false,
h-111-1-809,111,2009-10-22,PROCEDURAL,hres-853-111,"Providing for consideration of H.R. 3619, Coast Guard Authorization Act of 2010",,,,true,false,
h-111-1-810,111,2009-10-22,PASSAGE,hres-853-111,"Providing for consideration of H.R. 3619, Coast Guard Authorization Act of 2010",,,,true,false,
h-111-1-811,111,2009-10-22,SUSPENSION,hres-836-111,Expressing support for Teen Read Week,,,,true,false,
h-111-1-812,111,2009-10-23,AMENDMENT,hr-3619-111,Coast Guard Authorization Act of 2010,,,,true,false,
h-111-1-813,111,2009-10-23,PASSAGE,hr-3619-111,Coast Guard Authorization Act of 2010,,,,true,false,
h-111-1-814,111,2009-10-26,SUSPENSION,hres-368-111,Congratulating the University of Iowa Hawkeyes wrestling team on winning the 2009 NCAA Division I National Wrestling Championships,,,,true,false,
h-111-1-815,111,2009-10-26,SUSPENSION,hres-562-111,Congratulating Syracuse University for winning the National Collegiate Athletic Association Division I Men’s Lacrosse Tournament,,,,true,false,
h-111-1-816,111,2009-10-27,PROCEDURAL,hr-2996-111,"Department of Interior and Related Agencies Appropriations, 2010",,,,true,false,
h-111-1-817,111,2009-10-27,SUSPENSION,hr-2489-111,National Land Remote Sensing Outreach Act,,,,true,false,
h-111-1-818,111,2009-10-27,SUSPENSION,hres-854-111,Recognizing Weber State University for the 120th anniversary of its founding as an institution of higher education,,,,true,false,
h-111-1-819,111,2009-10-28,SUSPENSION,s-1694-111,"To allow the funding for the interoperable emergency communications grant program established under the Digital Television Transition and Public Safety Act of 2005 to remain available until expended through fiscal year 2012, and for other purposes",,,,true,false,
h-111-1-820,111,2009-10-28,SUSPENSION,hres-838-111,"Welcoming to the United States and to Washington, DC, His All Holiness Bartholomew, Archbishop of Constantinople, New Rome, Ecumenical Patriarch on his upcoming trip on October 20, 2009, through November 6, 2009",,,,true,false,
h-111-1-821,111,2009-10-28,SUSPENSION,hres-784-111,"Honoring the 2,560th anniversary of the birth of Confucius and recognizing his invaluable contributions to philosophy and social and political thought",,,,true,false,
h-111-1-822,111,2009-10-28,SUSPENSION,hres-824-111,"Congratulating the Northwestern University Wildcats on winning the 2009 NCAA women’s lacrosse championship, and to commend Northwestern University for its pursuit of athletic and academic excellence",,,,true,false,
h-111-1-823,111,2009-10-29,PROCEDURAL,hres-876-111,"Providing for consideration of the conference report to accompany the bill (H.R. 2996) making appropriations for the Department of Interior, environment, and related agencies for the fiscal year ending September 30, 2010, and for other purposes",,,,true,false,
h-111-1-824,111,2009-10-29,PASSAGE,hres-876-111,"Providing for consideration of the conference report to accompany the bill (H.R. 2996) making appropriations for the Department of Interior, environment, and related agencies for the fiscal year ending September 30, 2010, and for other purposes",,,,true,false,
h-111-1-825,111,2009-10-29,SUSPENSION,sconres-45-111,"Encouraging the Government of Iran to allow Joshua Fattal, Shane Bauer, and Sarah Shourd to reunite with their families in the United States as soon as possible",,,,true,false,
h-111-1-826,111,2009-10-29,PASSAGE,hr-2996-111,"Department of Interior and Related Agencies Appropriations, 2010",,,,true,false,
h-111-1-827,111,2009-10-29,SUSPENSION,hres-783-111,Recognizing Hispanic Heritage Month and celebrating the vast contibutions of Hispanic-Americans to the strength and culture of the United States,,,,true,false,
h-111-1-828,111,2009-10-29,AMENDMENT,hr-3854-111,Small Business Financing and Investment Act of 2009,,,ACCESS_TO_CAPITAL,true,false,
h-111-1-829,111,2009-10-29,MOTION_TO_RECOMMIT,hr-3854-111,Small Business Financing and Investment Act of 2009,,,ACCESS_TO_CAPITAL,true,false,
h-111-1-830,111,2009-10-29,PASSAGE,hr-3854-111,Small Business Financing and Investment Act of 2009,,,ACCESS_TO_CAPITAL,true,false,
h-111-1-831,111,2009-10-29,SUSPENSION,hres-729-111,Expressing support for designation of a “National Firefighters Memorial Day” to honor and celebrate the firefighters of the United States,,,,true,false,
h-111-1-832,111,2009-11-02,SUSPENSION,hr-1168-111,Veterans Retraining Act of 2009,,,,true,false,
h-111-1-833,111,2009-11-02,SUSPENSION,hres-291-111,"Recognizing the crucial role of assistance dogs in helping wounded veterans live more independent lives, expressing gratitude to The Tower of Hope, and supporting the goals and ideals of creating a Tower of Hope Day",,,,true,false,
h-111-1-834,111,2009-11-02,SUSPENSION,s-509-111,"To authorize a major medical facility project at the Department of Veterans Affairs Medical Center, Walla Walla, Washington, and for other purposes",,,,true,false,
h-111-1-835,111,2009-11-03,SUSPENSION,hr-3949-111,Veterans’ Small Business Assistance and Servicemembers Protection Act of 2009,,,,true,false,
h-111-1-836,111,2009-11-03,SUSPENSION,hres-398-111,Recognizing the 60th anniversary of the Berlin Airlift’s success,,,,true,false,
h-111-1-837,111,2009-11-03,SUSPENSION,hres-866-111,Expressing support for designation of a National Veterans History Project Week to encourage public participation in a nationwide project that collects and preserves the stories of the men and women who served our Nation in times of war and conflict,,,,true,false,
h-111-1-838,111,2009-11-03,SUSPENSION,hres-867-111,Calling on the President and the Secretary of State to oppose unequivocally any endorsement or further consideration of the “Report of the United Nations Fact Finding Mission on the Gaza Conflict” in multilateral fora,,,,true,false,
h-111-1-839,111,2009-11-03,SUSPENSION,hr-3157-111,"To name the Department of Veterans Affairs outpatient clinic in Alexandria, Minnesota, as the “Max J. Beilke Department of Veterans Affairs Outpatient Clinic”",,,,true,false,
h-111-1-840,111,2009-11-03,SUSPENSION,hres-736-111,"Honoring President Lincoln’s Gettysburg Address on “Dedication Day”, November 19, 2009",,,,true,false,
h-111-1-841,111,2009-11-04,PROCEDURAL,hres-884-111,"Providing for consideration of H.R. 3639, Expedited CARD Reform for Consumers Act of 2009",,,,true,false,
h-111-1-842,111,2009-11-04,PASSAGE,hres-884-111,"Providing for consideration of H.R. 3639, Expedited CARD Reform for Consumers Act of 2009",,,,true,false,
h-111-1-843,111,2009-11-04,SUSPENSION,hres-858-111,Congratulating the Inter-American Foundation (IAF) on its 40th anniversary and recognizing its significant accomplishments and contributions.,,,,true,false,
h-111-1-844,111,2009-11-04,SUSPENSION,hres-839-111,Condemning the illegal extraction of Madagascar’s natural resources.,,,,true,false,
h-111-1-845,111,2009-11-04,AMENDMENT,hr-3639-111,Expedited CARD Reform for Consumers Act of 2009,,,,true,false,
h-111-1-846,111,2009-11-04,AMENDMENT,hr-3639-111,Expedited CARD Reform for Consumers Act of 2009,,,,true,false,
h-111-1-847,111,2009-11-04,AMENDMENT,hr-3639-111,Expedited CARD Reform for Consumers Act of 2009,,,,true,false,
h-111-1-848,111,2009-11-04,AMENDMENT,hr-3639-111,Expedited CARD Reform for Consumers Act of 2009,,,,true,false,
h-111-1-849,111,2009-11-04,AMENDMENT,hr-3639-111,Expedited CARD Reform for Consumers Act of 2009,,,,true,false,
h-111-1-850,111,2009-11-04,MOTION_TO_RECOMMIT,hr-3639-111,Expedited CARD Reform for Consumers Act of 2009,,,,true,false,
h-111-1-851,111,2009-11-04,PASSAGE,hr-3639-111,Expedited CARD Reform for Consumers Act of 2009,,,,true,false,
h-111-1-852,111,2009-11-04,SUSPENSION,hres-863-111,"Recognizing the scourge of pneumonia, urging the United States and the world to mobilize cooperation and prioritize resources to fight pneumonia and save children’s lives, and recognizing November 2 as World Pneumonia Day.",,,,true,false,
h-111-1-853,111,2009-11-04,SUSPENSION,hres-641-111,Recognizing the 60th anniversary of the founding of Radio Free Europe/Radio Liberty,,,,true,false,
h-111-1-854,111,2009-11-04,SUSPENSION,hres-711-111,Calling on the United States Government and the international community to address the human rights and humanitarian needs of Sri Lanka’s Tamil internally displaced persons (IDP’s).,,,,true,false,
h-111-1-855,111,2009-11-04,SUSPENSION,hres-856-111,Recognizing the Commissioning of the USS New York LPD 21.,,,,true,false,
h-111-1-856,111,2009-11-05,PROCEDURAL,hres-885-111,"Providing for consideration of the bill (H.R. 2868) to amend the Homeland Security Act of 2002 to extend, modify, and recodify the authority of the Secretary of Homeland Security to enhance security and protect against acts of terrorism against chemical facilities, and for other purposes",,,,true,false,
h-111-1-857,111,2009-11-05,PASSAGE,hres-885-111,"Providing for consideration of the bill (H.R. 2868) to amend the Homeland Security Act of 2002 to extend, modify, and recodify the authority of the Secretary of Homeland Security to enhance security and protect against acts of terrorism against chemical facilities, and for other purposes",,,,true,false,
h-111-1-858,111,2009-11-05,SUSPENSION,hres-868-111,Honoring and recognizing the service and achievements of current and former female members of the Armed Forces,,,,true,false,
h-111-1-859,111,2009-11-05,SUSPENSION,hr-3548-111,"Worker, Homeownership, and Business Assistance Act",,,,true,false,
h-111-1-860,111,2009-11-05,SUSPENSION,hconres-139-111,Congratulating the first graduating class of the United States Air Force Academy on their 50th graduation anniversary and recognizing their contributions to the Nation,,,,true,false,
h-111-1-861,111,2009-11-05,SUSPENSION,hres-880-111,Recognizing the efforts of career and technical colleges to educate and train workers for positions in high-demand industries,,,WORKFORCE,true,false,
h-111-1-862,111,2009-11-05,SUSPENSION,hr-1849-111,World War I Memorial and Centennial Act,,,,true,false,
h-111-1-863,111,2009-11-05,SUSPENSION,hr-3276-111,American Medical Isotopes Production Act of 2009,,,,true,false,
h-111-1-864,111,2009-11-05,SUSPENSION,hres-878-111,Expressing support for the goals and ideals of National Family Literacy Day,,,,true,false,
h-111-1-865,111,2009-11-06,PASSAGE,hconres-210-111,Providing for a conditional adjournment of the two Houses.,,,,true,false,
h-111-1-866,111,2009-11-06,SUSPENSION,hres-893-111,"Congratulating the 2009 Major League Baseball World Series Champions, the New York Yankees",,,,true,false,
h-111-1-867,111,2009-11-06,SUSPENSION,hr-3788-111,"To designate the facility of the United States Postal Service located at 3900 Darrow Road in Stow, Ohio, as the “Corporal Joseph A. Tomci Post Office Building”",,,,true,false,
h-111-1-868,111,2009-11-06,SUSPENSION,s-1211-111,Jack F. Kemp Post Office Building,,,,true,false,
h-111-1-869,111,2009-11-06,AMENDMENT,hr-2868-111,Chemical Facility Anti-Terrorism Act of 2009,,,,true,false,
h-111-1-870,111,2009-11-06,AMENDMENT,hr-2868-111,Chemical Facility Anti-Terrorism Act of 2009,,,,true,false,
h-111-1-871,111,2009-11-06,AMENDMENT,hr-2868-111,Chemical Facility Anti-Terrorism Act of 2009,,,,true,false,
h-111-1-872,111,2009-11-06,AMENDMENT,hr-2868-111,Chemical Facility Anti-Terrorism Act of 2009,,,,true,false,
h-111-1-873,111,2009-11-06,AMENDMENT,hr-2868-111,Chemical Facility Anti-Terrorism Act of 2009,,,,true,false,
h-111-1-874,111,2009-11-06,MOTION_TO_RECOMMIT,hr-2868-111,Chemical Facility Anti-Terrorism Act of 2009,,,,true,false,
h-111-1-875,111,2009-11-06,PASSAGE,hr-2868-111,Chemical Facility Anti-Terrorism Act of 2009,,,,true,false,
h-111-1-876,111,2009-11-07,SUSPENSION,hr-3737-111,Small Business Micro-lending Expansion Act of 2009,,,ACCESS_TO_CAPITAL,true,false,
h-111-1-877,111,2009-11-07,SUSPENSION,hr-1838-111,"To amend the Small Business Act to modify certain provisions relating to women’s business centers, and for other purposes",,,,true,false,
h-111-1-878,111,2009-11-07,SUSPENSION,hr-1845-111,Small Business Development Centers Modernization Act of 2009,,,,true,false,
h-111-1-879,111,2009-11-07,SUSPENSION,hres-700-111,"Expressing support for designation of the week beginning on November 9, 2009, as National School Psychology Week",,,,true,false,
h-111-1-880,111,2009-11-07,SUSPENSION,hres-877-111,"Expressing support for Chinese human rights activists Huang Qi and Tan Zuoren for engaging in peaceful expression as they seek answers and justice for the parents whose children were killed in the Sichuan earthquake of May 12, 2008",,,,true,false,
h-111-1-881,111,2009-11-07,PROCEDURAL,hres-903-111,"Providing for consideration of the bill (H.R. 3962) to provide affordable, quality health care for all Americans and reduce the growth in health care spending, and for other purposes, and (H.R. 3961) to amend title XVIII of the Social Security Act of reform the Medicare SGR payment system for physicians",,,,true,false,
h-111-1-882,111,2009-11-07,PASSAGE,hres-903-111,"Providing for consideration of the bill (H.R. 3962) to provide affordable, quality health care for all Americans and reduce the growth in health care spending, and for other purposes, and (H.R. 3961) to amend title XVIII of the Social Security Act of reform the Medicare SGR payment system for physicians",,,,true,false,
h-111-1-883,111,2009-11-07,SUSPENSION,hres-892-111,"Recognizing the 20th anniversary of the remarkable events leading to the end of the Cold War and the creation of a Europe, whole, free, and at peace",,,,true,false,
h-111-1-884,111,2009-11-07,AMENDMENT,hr-3962-111,"To provide affordable, quality health care for all Americans and reduce the growth in health care spending, and for other purposes",,,,true,false,
h-111-1-885,111,2009-11-07,AMENDMENT,hr-3962-111,"To provide affordable, quality health care for all Americans and reduce the growth in health care spending, and for other purposes",,,,true,false,
h-111-1-886,111,2009-11-07,MOTION_TO_RECOMMIT,hr-3962-111,"To provide affordable, quality health care for all Americans and reduce the growth in health care spending, and for other purposes",,,,true,false,
h-111-1-887,111,2009-11-07,PASSAGE,hr-3962-111,"To provide affordable, quality health care for all Americans and reduce the growth in health care spending, and for other purposes",,,,true,false,
h-111-1-888,111,2009-11-07,SUSPENSION,hres-895-111,"Honoring the lives of the brave soldiers and civilians of the United States Army who died or were wounded in the tragic attack of November 5, 2009 at Fort Hood, Texas.",,,,true,false,
h-111-1-889,111,2009-11-16,SUSPENSION,s-1314-111,"To designate the facility of the United States Postal Service located at 630 Northeast Killingsworth Avenue in Portland, Oregon, as the “Dr. Martin Luther King, Jr. Post Office”",,,,true,false,
h-111-1-890,111,2009-11-16,SUSPENSION,hr-3539-111,"To designate the facility of the United States Postal Service located at 427 Harrison Avenue in Harrison, New Jersey, as the “Patricia D. McGinty-Juhl Post Office Building”",,,,true,false,
h-111-1-891,111,2009-11-16,SUSPENSION,hr-3767-111,"To designate the facility of the United States Postal Service located at 170 North Main Street in Smithfield, Utah, as the “W. Hazen Hillyard Post Office Building”",,,,true,false,
h-111-1-892,111,2009-11-17,SUSPENSION,hr-3360-111,Cruise Vessel Security and Safety Act,,,,true,false,
h-111-1-893,111,2009-11-17,SUSPENSION,hres-841-111,"Expressing support for designation of November 29, 2009, as “Drive Safer Sunday”",,,,true,false,
h-111-1-894,111,2009-11-17,PROCEDURAL,,,,,,true,false,
h-111-1-895,111,2009-11-17,SUSPENSION,hres-891-111,"Expressing the gratitude of the House of Representatives for the service to our Nation of the Coast Guard and Marine Corps aircraft pilots and crewmembers lost off the coast of California on October 29, 2009, and for other purposes",,,,true,false,
h-111-1-896,111,2009-11-18,PASSAGE,hconres-214-111,Providing for a conditional adjournment of the two Houses.,,,,true,false,
h-111-1-897,111,2009-11-18,PROCEDURAL,hres-909-111,"Providing for consideration of H.R. 3791, Fire Grants Reauthorization Act of 2009",,,,true,false,
h-111-1-898,111,2009-11-18,PASSAGE,hres-909-111,"Providing for consideration of H.R. 3791, Fire Grants Reauthorization Act of 2009",,,,true,false,
h-111-1-899,111,2009-11-18,AMENDMENT,hr-3791-111,Fire Grants Reauthorization Act of 2009,,,,true,false,
h-111-1-900,111,2009-11-18,AMENDMENT,hr-3791-111,Fire Grants Reauthorization Act of 2009,,,,true,false,
h-111-1-901,111,2009-11-18,PASSAGE,hr-3791-111,Fire Grants Reauthorization Act of 2009,,,,true,false,
h-111-1-902,111,2009-11-19,PROCEDURAL,hres-908-111,"Providing for consideration of the bill (H.R. 2781) to amend the Wild and Scenic Rivers Act to designate segments of the Molalla River in Oregon, as components of the National Wild and Scenic Rivers System, and for other purposes",,,,true,false,
h-111-1-903,111,2009-11-19,PASSAGE,hres-908-111,"Providing for consideration of the bill (H.R. 2781) to amend the Wild and Scenic Rivers Act to designate segments of the Molalla River in Oregon, as components of the National Wild and Scenic Rivers System, and for other purposes",,,,true,false,
h-111-1-904,111,2009-11-19,SUSPENSION,s-1599-111,Reserve Officers Association Modernization Act of 2009,,,,true,false,
h-111-1-905,111,2009-11-19,PASSAGE,hr-2781-111,"To amend the Wild and Scenic Rivers Act to designate segments of the Molalla River in Oregon, as components of the National Wild and Scenic Rivers System, and for other purposes",,,,true,false,
h-111-1-906,111,2009-11-19,SUSPENSION,hconres-212-111,"Expressing the sense of Congress on the occasion of the 20th anniversary of historic events in Central and Eastern Europe, particularly the Velvet Revolution in Czechoslovakia, and reaffirming the bonds of friendship and cooperation between United States and the Slovak and Czech Republics",,,,true,false,
h-111-1-907,111,2009-11-19,PROCEDURAL,hr-3961-111,Medicare Physician Payment Reform Act,,,,true,false,
h-111-1-908,111,2009-11-19,MOTION_TO_RECOMMIT,hr-3961-111,Medicare Physician Payment Reform Act,,,,true,false,
h-111-1-909,111,2009-11-19,PASSAGE,hr-3961-111,Medicare Physician Payment Reform Act,,,,true,false,
h-111-1-910,111,2009-11-19,SUSPENSION,hr-1834-111,Native American Business Development Enhancement Act of 2009,,,,true,false,
h-111-1-911,111,2009-12-01,SUSPENSION,hr-3029-111,"To establish a research, development, and technology demonstration program to improve the efficiency of gas turbines used in combined cycle power generation systems",,,,true,false,
h-111-1-912,111,2009-12-01,SUSPENSION,hres-727-111,Supporting the goals and ideals of National Ovarian Cancer Awareness Month,,,,true,false,
h-111-1-913,111,2009-12-01,SUSPENSION,hr-3667-111,Clyde L. Hillhouse Post Office Building,,,,true,false,
h-111-1-914,111,2009-12-02,SUSPENSION,hres-494-111,Recognizing the exemplary service of the soldiers of the 30th Infantry Division (Old Hickory) of the United States Army during World War II,,,,true,false,
h-111-1-915,111,2009-12-02,SUSPENSION,hconres-129-111,"Congratulating the Sailors of the United States Submarine Force upon the completion of 1,000 Ohio-class ballistic missile submarine (SSBN) deterrent patrols",,,,true,false,
h-111-1-916,111,2009-12-02,SUSPENSION,hres-861-111,Supportinhg the goals and ideals of National Military Family Month,,,,true,false,
h-111-1-917,111,2009-12-02,SUSPENSION,hres-897-111,Recognizing the importance of teaching elementary and secondary school students about the sacrifices that veterans have made throughout the history of the Nation,,,,true,false,
h-111-1-918,111,2009-12-02,SUSPENSION,hr-3634-111,George Kell Post Office,,,,true,false,
h-111-1-919,111,2009-12-02,SUSPENSION,hr-515-111,To prohibit the importation of certain low-level radioactive waste into the United States,,,,true,false,
h-111-1-920,111,2009-12-02,SUSPENSION,hconres-197-111,Encouraging banks and mortgage servicers to work with families affected by contaminated drywall to allow temporary forbearance without penalty on payments on their home mortgages,,,,true,false,
h-111-1-921,111,2009-12-02,SUSPENSION,hr-1242-111,To amend the Emergency Economic Stabilization Act of 2008 to provide for additional monitoring and accountability of the Troubled Assets Relief Program,,,,true,false,
h-111-1-922,111,2009-12-02,SUSPENSION,hr-3980-111,Redundancy Elimination and Enhanced Performance for Preparedness Grants Act,,,,true,false,
h-111-1-923,111,2009-12-03,PROCEDURAL,hres-941-111,"Providing for consideration of H.R. 4154, the Permanent Estate Tax Relief for Families, Farmers, and Small Businesses Act of 2009",,,TAX_BURDEN,true,false,
h-111-1-924,111,2009-12-03,PASSAGE,hres-941-111,"Providing for consideration of H.R. 4154, the Permanent Estate Tax Relief for Families, Farmers, and Small Businesses Act of 2009",,,TAX_BURDEN,true,false,
h-111-1-925,111,2009-12-03,PROCEDURAL,,,,,,true,false,
h-111-1-926,111,2009-12-03,SUSPENSION,hres-28-111,"Expressing the sense of the House of Representatives that the Transportation Security Administration should, in accordance with the Implementing Recommendations of the 9/11 Commission Act of 2007, enhance security against terrorist attack and other security threats to our Nation’s rail and mass transit lines",,,,true,false,
h-111-1-927,111,2009-12-03,PROCEDURAL,hr-4154-111,"Permanent Estate Tax Relief for Families, Farmers, and Small Businesses Act of 2009",,,TAX_BURDEN,true,false,
h-111-1-928,111,2009-12-03,MOTION_TO_RECOMMIT,hr-4154-111,"Permanent Estate Tax Relief for Families, Farmers, and Small Businesses Act of 2009",,,TAX_BURDEN,true,false,
h-111-1-929,111,2009-12-03,PASSAGE,hr-4154-111,"Permanent Estate Tax Relief for Families, Farmers, and Small Businesses Act of 2009",,,TAX_BURDEN,true,false,
h-111-1-930,111,2009-12-03,SUSPENSION,hr-3570-111,Satellite Home Viewer Update and Reauthorization Act of 2009,,,,true,false,
h-111-1-931,111,2009-12-08,PROCEDURAL,hr-3288-111,"Making appropriations for the Departments of Transportation, HUD, and related agencies for FY 2010",,,,true,false,
h-111-1-932,111,2009-12-08,SUSPENSION,hconres-199-111,"Recognizing the 10th Anniversary of the activation of Echo Company of the 100th Battalion of the 442d Infantry, and the sacrifice of the soldiers and families in support of the United States",,,,true,false,
h-111-1-933,111,2009-12-08,SUSPENSION,hconres-206-111,Commending the soldiers and civilian personnel stationed at Fort Gordon and their families for their service and dedication to the United States and recognizing the contributions of Fort Gordon to Operation Iraqi Freedom and Operation Enduring Freedom and its role as a pivotal communications training installation,,,,true,false,
h-111-1-934,111,2009-12-08,SUSPENSION,hres-940-111,Recognizing and honoring the National Guard on the occasion of its 373rd anniversary,,,,true,false,
h-111-1-935,111,2009-12-08,SUSPENSION,hres-845-111,Recognizing the United States Air Force and Dyess Air Force Base for their success in achieving energy savings and developing energy-saving innovations during Energy Awareness Month,,,,true,false,
h-111-1-936,111,2009-12-08,SUSPENSION,hr-2278-111,"To direct the President to transmit to Congress a report on anti-American incitement to violence in the Middle East, and for other purposes",,,,true,false,
h-111-1-937,111,2009-12-08,SUSPENSION,hres-915-111,"Encouraging the Republic of Hungary to respect the rule of law, treat foreign investors fairly, and promote a free and independent press",,,,true,false,
h-111-1-938,111,2009-12-08,SUSPENSION,hres-907-111,Recognizing the Grand Concourse on its 100th anniversary as the preeminent thoroughfare in the borough of the Bronx and an important nexus of commerce and culture for the City of New York,,,,true,false,
h-111-1-939,111,2009-12-09,PROCEDURAL,hres-955-111,"Providing for consideration of H.R. 4213, the Tax Extenders Act",,,TAX_BURDEN,true,false,
h-111-1-940,111,2009-12-09,PASSAGE,hres-955-111,"Providing for consideration of H.R. 4213, the Tax Extenders Act",,,TAX_BURDEN,true,false,
h-111-1-941,111,2009-12-09,SUSPENSION,hr-3951-111,"To designate the facility of the United States Postal Service located at 2000 Luisiana Avenue in New Orleans, Louisiana, as the “Roy Rondeno, Sr. Post Office Building”",,,,true,false,
h-111-1-942,111,2009-12-09,PROCEDURAL,hr-4213-111,Unemployment Compensation Extension Act of 2010,,,WORKFORCE,true,false,
h-111-1-943,111,2009-12-09,PASSAGE,hr-4213-111,Unemployment Compensation Extension Act of 2010,,,WORKFORCE,true,true,
h-111-1-944,111,2009-12-09,SUSPENSION,hr-3603-111,To rename the Ocmulgee National Monument,,,,true,false,
h-111-1-945,111,2009-12-09,PASSAGE,hres-956-111,"Providing for consideration of the bill (H.R. 4173) to provide for financial regulatory reform, to protect consumers and investors, to enhance Federal understanding of insurance issues, to regulate the over-the-counter derivatives, markets, and for other purposes",,,REGULATORY_BURDEN,true,false,
h-111-1-946,111,2009-12-09,SUSPENSION,hr-86-111,"To eliminate an unused lighthouse reservation, provide management consistency by bringing the rocks and small islands along the coast of Orange County, California, and meet the original Congressional intent of preserving Orange County’s rocks and small islands, and for other purposes",,,,true,false,
h-111-1-947,111,2009-12-10,PROCEDURAL,hres-961-111,"Providing for consideration of the conference report to accompany the bill (H.R. 3288) making appropriations for the Departments of Transportation and Housing and Urban Development, and related agencies for the fiscal year ending September 30, 2010, and for other purposes",,,,true,false,
h-111-1-948,111,2009-12-10,PASSAGE,hres-961-111,"Providing for consideration of the conference report to accompany the bill (H.R. 3288) making appropriations for the Departments of Transportation and Housing and Urban Development, and related agencies for the fiscal year ending September 30, 2010, and for other purposes",,,,true,false,
h-111-1-949,111,2009-12-10,PASSAGE,hr-3288-111,"Making appropriations for the Departments of Transportation, HUD, and related agencies for FY 2010",,,,true,false,
h-111-1-950,111,2009-12-10,SUSPENSION,hr-4017-111,"To designate the facility of the United States Postal Service located at 43 Maple Avenue in Shrewsbury, Massachusetts, as the “Ann Marie Blute Post Office”",,,,true,false,
h-111-1-951,111,2009-12-10,PASSAGE,hres-962-111,Waiving a requirement of clause 6(a) of rule XIII with respect to consideration of certain resolutions reported from the Committee on Rules,,,,true,false,
h-111-1-952,111,2009-12-10,PASSAGE,hres-964-111,"Providing for further consideration of the bill (H.R. 4173) to provide for financial regulatory reform, to protect consumers and investors, to enhance Federal understanding of insurance issues, to regulate the over-the-counter derivatives markets, and for other purposes",,,REGULATORY_BURDEN,true,false,
h-111-1-953,111,2009-12-10,AMENDMENT,hr-4173-111,Wall Street Reform and Consumer Protection Act of 2009,,,REGULATORY_BURDEN,true,true,
h-111-1-954,111,2009-12-10,AMENDMENT,hr-4173-111,Wall Street Reform and Consumer Protection Act of 2009,,,REGULATORY_BURDEN,true,true,
h-111-1-955,111,2009-12-10,AMENDMENT,hr-4173-111,Wall Street Reform and Consumer Protection Act of 2009,,,REGULATORY_BURDEN,true,true,
h-111-1-956,111,2009-12-10,AMENDMENT,hr-4173-111,Wall Street Reform and Consumer Protection Act of 2009,,,REGULATORY_BURDEN,true,true,
h-111-1-957,111,2009-12-10,AMENDMENT,hr-4173-111,Wall Street Reform and Consumer Protection Act of 2009,,,REGULATORY_BURDEN,true,false,
h-111-1-958,111,2009-12-10,AMENDMENT,hr-4173-111,Wall Street Reform and Consumer Protection Act of 2009,,,REGULATORY_BURDEN,true,false,
h-111-1-959,111,2009-12-10,AMENDMENT,hr-4173-111,Wall Street Reform and Consumer Protection Act of 2009,,,REGULATORY_BURDEN,true,false,
h-111-1-960,111,2009-12-11,AMENDMENT,hr-4173-111,Wall Street Reform and Consumer Protection Act of 2009,,,REGULATORY_BURDEN,true,false,
h-111-1-961,111,2009-12-11,AMENDMENT,hr-4173-111,Wall Street Reform and Consumer Protection Act of 2009,,,REGULATORY_BURDEN,true,false,
h-111-1-962,111,2009-12-11,AMENDMENT,hr-4173-111,Wall Street Reform and Consumer Protection Act of 2009,,,REGULATORY_BURDEN,true,false,
h-111-1-963,111,2009-12-11,AMENDMENT,hr-4173-111,Wall Street Reform and Consumer Protection Act of 2009,,,REGULATORY_BURDEN,true,false,
h-111-1-964,111,2009-12-11,AMENDMENT,hr-4173-111,Wall Street Reform and Consumer Protection Act of 2009,,,REGULATORY_BURDEN,true,false,
h-111-1-965,111,2009-12-11,AMENDMENT,hr-4173-111,Wall Street Reform and Consumer Protection Act of 2009,,,REGULATORY_BURDEN,true,false,
h-111-1-966,111,2009-12-11,AMENDMENT,hr-4173-111,Wall Street Reform and Consumer Protection Act of 2009,,,REGULATORY_BURDEN,true,false,
h-111-1-967,111,2009-12-11,MOTION_TO_RECOMMIT,hr-4173-111,Wall Street Reform and Consumer Protection Act of 2009,,,REGULATORY_BURDEN,true,false,
h-111-1-968,111,2009-12-11,PASSAGE,hr-4173-111,Wall Street Reform and Consumer Protection Act of 2009,,,REGULATORY_BURDEN,true,false,
h-111-1-969,111,2009-12-14,SUSPENSION,hres-779-111,Recognizing and supporting the goals and ideals of National Runaway Prevention Month,,,,true,false,
h-111-1-970,111,2009-12-14,SUSPENSION,hres-942-111,Commending the Real Salt Lake soccer club for winning the 2009 Major League Soccer Cup,,,,true,false,
h-111-1-971,111,2009-12-15,SUSPENSION,hres-894-111,Honoring the 50th anniversary of the recording of the album “Kind of Blue” and reaffirming jazz as a national treasure,,,,true,false,
h-111-1-972,111,2009-12-15,SUSPENSION,hr-1517-111,"To allow certain U.S. Customs and Border Protection employees who serve under an overseas limited appointment for at least 2 years, and whose service is rated fully successful or higher throughout that time, to be converted to a permanent appointment in the competitive service",,,,true,false,
h-111-1-973,111,2009-12-15,SUSPENSION,hr-3978-111,First Responder Anti-Terrorism Training Resources Act,,,,true,false,
h-111-1-974,111,2009-12-15,SUSPENSION,hres-971-111,Expressing the sense of the House of Representatives regarding guidelines for breast cancer screening for women ages 40 to 49.,,,,true,false,
h-111-1-975,111,2009-12-15,SUSPENSION,hr-2194-111,"Comprehensive Iran Sanctions, Accountability, and Divestment Act",,,,true,false,
h-111-1-976,111,2009-12-15,SUSPENSION,hres-150-111,Recognizing the lifelong leadership of A. Philip Randolph,,,,true,false,
h-111-1-977,111,2009-12-15,SUSPENSION,s-1472-111,Human Rights Enforcement Act of 2009,,,,true,false,
h-111-1-978,111,2009-12-16,PASSAGE,hconres-223-111,Providing for the sine die adjournment of the first session of the One Hundred Eleventh Congress,,,,true,false,
h-111-1-979,111,2009-12-16,PROCEDURAL,hres-973-111,Waiving a requirement of clause 6(a) of rule XIII with respect to consideration of certain resolutions reported from the Committee on Rules,,,,true,false,
h-111-1-980,111,2009-12-16,PASSAGE,hres-973-111,Waiving a requirement of clause 6(a) of rule XIII with respect to consideration of certain resolutions reported from the Committee on Rules,,,,true,false,
h-111-1-981,111,2009-12-16,SUSPENSION,hconres-160-111,Honoring the American Kennel Club on its 125th anniversary,,,,true,false,
h-111-1-982,111,2009-12-16,PROCEDURAL,hres-976-111,"Providing for consideration of the Senate amendment to H.R. 3326, making appropriations for the Department of Defense FY 2010, H.J.Res. 64, making further continuing appropriations for FY 2010, H.R. 4314, to permit continued financing of Government operations, and H.R. 2847, Commerce and Justice, Science FY 2010",,,,true,false,
h-111-1-983,111,2009-12-16,PASSAGE,hres-976-111,"Providing for consideration of the Senate amendment to H.R. 3326, making appropriations for the Department of Defense FY 2010, H.J.Res. 64, making further continuing appropriations for FY 2010, H.R. 4314, to permit continued financing of Government operations, and H.R. 2847, Commerce and Justice, Science FY 2010",,,,true,false,
h-111-1-984,111,2009-12-16,SUSPENSION,hres-905-111,Recognizing the 70th anniversary of the retirement of Justice Louis D. Brandeis from the United States Supreme Court,,,,true,false,
h-111-1-985,111,2009-12-16,AMENDMENT,hr-3326-111,"Making appropriations for the Department of Defense for the fiscal year ending September 30, 2010, and for other purposes",,,,true,false,
h-111-1-986,111,2009-12-16,SUSPENSION,hr-1110-111,Preventing Harassment through Outbound Number Enforcement (PHONE) Act of 2009,,,,true,false,
h-111-1-987,111,2009-12-16,PROCEDURAL,,,,,,true,false,
h-111-1-988,111,2009-12-16,PASSAGE,hr-4314-111,To permit continued financing of Government operations,,,,true,false,
h-111-1-989,111,2009-12-16,SUSPENSION,hr-3714-111,Daniel Pearl Freedom of the Press Act of 2009,,,,true,false,
h-111-1-990,111,2009-12-16,PROCEDURAL,,,,,,true,false,
h-111-1-991,111,2009-12-16,AMENDMENT,hr-2847-111,Hiring Incentives to Restore Employment Act,,,TAX_BURDEN,true,false,
h-111-2-1,111,2010-01-12,PROCEDURAL,,,,,,true,false,
h-111-2-2,111,2010-01-13,PASSAGE,hjres-64-111,Making further continuing appropriations for FY 2010,,,,true,false,
h-111-2-3,111,2010-01-13,SUSPENSION,hres-1002-111,"Honoring the life and work of Dr. Martin Luther King, Jr. and encouraging the continued commitment to the Martin Luther King, Jr. Day as a national day of service",,,,true,false,
h-111-2-4,111,2010-01-13,SUSPENSION,hres-860-111,Supporting the initiatives of Chicago Wilderness and the Children’s Outdoor Bill of Rights,,,,true,false,
h-111-2-5,111,2010-01-13,SUSPENSION,hr-3892-111,"To designate the facility of the United States Postal Service located at 101 West Highway 64 Bypass in Roper, North Carolina, as the “E.V. Wilkins Post Office”.",,,,true,false,
h-111-2-6,111,2010-01-19,SUSPENSION,hres-1004-111,Congratulating the Northwestern University Feinberg School of Medicine for its 150 years of commitment to advancing science and improving health,,,,true,false,
h-111-2-7,111,2010-01-19,SUSPENSION,hres-1015-111,Congratulating the Penn State women’s volleyball team on winning the 2009 NCAA Division I national championship,,,,true,false,
h-111-2-8,111,2010-01-19,SUSPENSION,hres-991-111,Commending the University of Virginia men’s soccer team for winning the 2009 Division I NCAA National Championship,,,,true,false,
h-111-2-10,111,2010-01-20,SUSPENSION,hr-3726-111,Castle Nugent National Historic Site Establishment Act of 2010,,,,true,false,
h-111-2-11,111,2010-01-20,SUSPENSION,hr-3538-111,Idaho Wilderness Water Resources Protection Act,,,,true,false,
h-111-2-9,111,2010-01-20,PROCEDURAL,hres-1017-111,"Rule providing for consideration of H.R. 3254, H.R. 3342, and H.R. 1065",,,,true,false,
h-111-2-12,111,2010-01-21,PASSAGE,hr-3254-111,Taos Pueblo Indian Water Rights Settlement Act,,,,true,false,
h-111-2-13,111,2010-01-21,PASSAGE,hr-3342-111,Aamodt Litigation Settlement Act,,,,true,false,
h-111-2-14,111,2010-01-21,PASSAGE,hr-1065-111,White Mountain Apache Tribe Water Rights Quantification Act of 2009,,,,true,false,
h-111-2-15,111,2010-01-21,SUSPENSION,hres-1021-111,"Expressing condolences to and solidarity with the people of Haiti in the aftermath of the devastating earthquake of January 12, 2010",,,,true,false,
h-111-2-16,111,2010-01-21,SUSPENSION,hr-730-111,Nuclear Forensics and Attribution Act,,,,true,false,
h-111-2-17,111,2010-01-26,SUSPENSION,hres-990-111,Expressing support for designation of January 2010 as “National Mentoring Month”,,,,true,false,
h-111-2-18,111,2010-01-26,SUSPENSION,hres-1011-111,Recognizing the importance of cervical health and of detecting cervical cancer during its earliest stages and supporting the goals and ideals of Cervical Health Awareness Month,,,,true,false,
h-111-2-19,111,2010-01-26,SUSPENSION,hres-1003-111,"Expressing support for the designation of January 10, 2010, through January 16, 2010, as National Influenza Vaccination Week",,,,true,false,
h-111-2-20,111,2010-01-27,PASSAGE,hres-1038-111,"Providing for consideration of H.R. 3726, Castle Nugent National Historic Site Establishment Act of 2010; and H.R. 4474, Idaho Wilderness Water Facilities Act",,,,true,false,
h-111-2-21,111,2010-01-27,SUSPENSION,hres-1024-111,Expressing support for designation of January as Poverty in America Awareness Month,,,,true,false,
h-111-2-22,111,2010-01-27,PASSAGE,hr-4474-111,Idaho Wilderness Water Facilities Act,,,,true,false,
h-111-2-23,111,2010-01-27,PASSAGE,hr-3726-111,Castle Nugent National Historic Site Establishment Act of 2010,,,,true,false,
h-111-2-24,111,2010-01-27,SUSPENSION,hr-4508-111,"To provide for an additional temporary extension of programs under the Small Business Act and the Small Business Investment Act of 1958, and for other purposes",,,ACCESS_TO_CAPITAL,true,false,
h-111-2-25,111,2010-01-27,SUSPENSION,hres-1020-111,Honoring the 95th anniversary of the signing of the Rocky Mountain National Park Act,,,,true,false,
h-111-2-26,111,2010-02-02,SUSPENSION,hr-4495-111,"To designate the facility of the United States Postal Service located at 100 North Taylor Lane in Patagonia, Arizona, as the “Jim Kolbe Post Office.”",,,,true,false,
h-111-2-27,111,2010-02-02,SUSPENSION,hres-957-111,"Honoring Jimmie Johnson, 2009 NASCAR Sprint Cup Champion",,,,true,false,
h-111-2-28,111,2010-02-02,SUSPENSION,hres-1014-111,Recognizing and supporting the goals and ideals of North American Inclusion Month,,,,true,false,
h-111-2-29,111,2010-02-03,PROCEDURAL,hres-1051-111,"Providing for consideration of H.R. 4061, the Cybersecurity Enhancement Act",,,,true,false,
h-111-2-30,111,2010-02-03,PASSAGE,hres-1051-111,"Providing for consideration of H.R. 4061, the Cybersecurity Enhancement Act",,,,true,false,
h-111-2-31,111,2010-02-03,SUSPENSION,hres-1043-111,Recognizing Brescia University for 60 years of leadership in higher education,,,,true,false,
h-111-2-32,111,2010-02-03,SUSPENSION,hres-901-111,"Recognizing November 14, 2009, as the 49th anniversary of the first day of integrated schools in New Orleans, Louisiana",,,,true,false,
h-111-2-33,111,2010-02-03,SUSPENSION,hres-1044-111,"Commemorating the 65th anniversary of the liberation of Auschwitz, a Nazi concentration and extermination camp, honoring the victims of the Holocaust, and expressing commitment to strengthen the fight against bigotry and intolerance",,,,true,false,
h-111-2-34,111,2010-02-03,AMENDMENT,hr-4061-111,"To advance cybersecurity research, development, and technical standards, and for other purposes",,,,true,false,
h-111-2-35,111,2010-02-03,AMENDMENT,hr-4061-111,"To advance cybersecurity research, development, and technical standards, and for other purposes",,,,true,false,
h-111-2-36,111,2010-02-03,AMENDMENT,hr-4061-111,"To advance cybersecurity research, development, and technical standards, and for other purposes",,,,true,false,
h-111-2-37,111,2010-02-03,AMENDMENT,hr-4061-111,"To advance cybersecurity research, development, and technical standards, and for other purposes",,,,true,false,
h-111-2-38,111,2010-02-03,AMENDMENT,hr-4061-111,"To advance cybersecurity research, development, and technical standards, and for other purposes",,,,true,false,
h-111-2-39,111,2010-02-04,AMENDMENT,hr-4061-111,"To advance cybersecurity research, development, and technical standards, and for other purposes",,,,true,false,
h-111-2-40,111,2010-02-04,AMENDMENT,hr-4061-111,"To advance cybersecurity research, development, and technical standards, and for other purposes",,,,true,false,
h-111-2-41,111,2010-02-04,AMENDMENT,hr-4061-111,"To advance cybersecurity research, development, and technical standards, and for other purposes",,,,true,false,
h-111-2-42,111,2010-02-04,AMENDMENT,hr-4061-111,"To advance cybersecurity research, development, and technical standards, and for other purposes",,,,true,false,
h-111-2-43,111,2010-02-04,PASSAGE,hr-4061-111,"To advance cybersecurity research, development, and technical standards, and for other purposes",,,,true,false,
h-111-2-44,111,2010-02-04,SUSPENSION,hres-1022-111,Honoring the life and sacrifice of Medgar Evers and congratulating the United States Navy for naming a supply ship after Medgar Evers,,,,true,false,
h-111-2-45,111,2010-02-04,PROCEDURAL,hres-1065-111,Providing for consideration of the Senate amendment to the joint resolution (H.J. Res. 45) increasing the statutory limit on the public debt,,,,true,false,
h-111-2-46,111,2010-02-04,PASSAGE,hres-1065-111,Providing for consideration of the Senate amendment to the joint resolution (H.J. Res. 45) increasing the statutory limit on the public debt,,,,true,false,
h-111-2-47,111,2010-02-04,SUSPENSION,hr-4532-111,Social Security Disability Applicants’ Access to Professional Representation Act,,,,true,false,
h-111-2-48,111,2010-02-04,PROCEDURAL,hjres-45-111,Statutory Pay-As-You-Go Act,,,,true,false,
h-111-2-49,111,2010-02-22,SUSPENSION,hr-4425-111,"To designate the facility of the United States Postal Service located at 2-116th Street in North Troy, New York, as the “Martin G. ’Marty’ Mahar Post Office”",,,,true,false,
h-111-2-50,111,2010-02-22,SUSPENSION,hr-4238-111,"To designate the facility of the United States Postal Service located at 930 39th Avenue in Greeley, Colorado, as the “W.D. Farr Post Office Builiding”",,,,true,false,
h-111-2-51,111,2010-02-23,PASSAGE,hres-1083-111,Providing for consideration of the bill (H.R. 2314) to express the policy of the United States regarding the United States relationship with Native Hawaiians and to provide a process for the recognition by the United States of the Native Hawaiian governing entity,,,,true,false,
h-111-2-52,111,2010-02-23,SUSPENSION,hres-1066-111,"Recognizing the bravery and efforts of the United States Armed Forces, local first responders, and other members of Operation Unified Response for their swift and coordinated action in light of the Haiti earthquake",,,,true,false,
h-111-2-53,111,2010-02-23,SUSPENSION,hres-1059-111,Honoring the heroism of the seven U.S. Agency for International Development and Office of U.S. Foreign Disaster Assistance supported urban search and rescue teams deployed to Haiti,,,,true,false,
h-111-2-54,111,2010-02-23,SUSPENSION,hres-1039-111,Supporting the goals and ideals of American Heart Month and National Wear Red Day,,,,true,false,
h-111-2-55,111,2010-02-23,SUSPENSION,hres-1046-111,Recognizing the significance of Black History Month,,,,true,false,
h-111-2-56,111,2010-02-23,AMENDMENT,hr-2314-111,To express the policy of the United States regarding the United States relationship with Native Hawaiians and to provide a process for the recognition by the United States of the Native Hawaiian governing entity,,,,true,false,
h-111-2-57,111,2010-02-23,AMENDMENT,hr-2314-111,To express the policy of the United States regarding the United States relationship with Native Hawaiians and to provide a process for the recognition by the United States of the Native Hawaiian governing entity,,,,true,false,
h-111-2-58,111,2010-02-23,AMENDMENT,hr-2314-111,To express the policy of the United States regarding the United States relationship with Native Hawaiians and to provide a process for the recognition by the United States of the Native Hawaiian governing entity,,,,true,false,
h-111-2-59,111,2010-02-23,PASSAGE,hr-2314-111,To express the policy of the United States regarding the United States relationship with Native Hawaiians and to provide a process for the recognition by the United States of the Native Hawaiian governing entity,,,,true,false,
h-111-2-60,111,2010-02-24,PASSAGE,hres-1098-111,Providing for consideration of the bill (H.R. 4626) to restore the application of the Federal antitrust laws to the business of health insurance to protect competition and consumers,,,HEALTH_COSTS,true,false,
h-111-2-61,111,2010-02-24,SUSPENSION,hres-1074-111,"Honoring the life of Miep Gies, who aided Anne Frank’s family while they were in hiding and preserved her diary for future generations",,,,true,false,
h-111-2-62,111,2010-02-24,SUSPENSION,hres-944-111,Expressing the sense of the House of Representatives on religious minorities in Iraq,,,,true,false,
h-111-2-63,111,2010-02-24,MOTION_TO_RECOMMIT,hr-4626-111,Health Insurance Industry Fair Competition Act,,,HEALTH_COSTS,true,false,
h-111-2-64,111,2010-02-24,PASSAGE,hr-4626-111,Health Insurance Industry Fair Competition Act,,,HEALTH_COSTS,true,true,
h-111-2-65,111,2010-02-24,SUSPENSION,hres-1085-111,Honoring and celebrating the contributions of African-Americans to the transportation and infrastructure of the United States,,,,true,false,
h-111-2-66,111,2010-02-25,PASSAGE,hres-1105-111,"Providing for consideration of the bill (H.R. 2701) to authorize appropriations for FY 2010 for intelligence and intelligence-related activities of the U.S. Government, the Community Management Account, and the CIA Retirement and Disability System, waiving a requirement of clause 6(a) of rule XIII",,,,true,false,
h-111-2-67,111,2010-02-25,AMENDMENT,hr-3961-111,Medicare Physician Payment Reform Act,,,,true,false,
h-111-2-68,111,2010-02-25,SUSPENSION,hconres-227-111,Supporting the goals and ideals of National Urban Crimes Awareness Week,,,,true,false,
h-111-2-69,111,2010-02-26,AMENDMENT,hr-2701-111,Intelligence Authorization Act for Fiscal Year 2010,,,,true,false,
h-111-2-70,111,2010-02-26,AMENDMENT,hr-2701-111,Intelligence Authorization Act for Fiscal Year 2010,,,,true,false,
h-111-2-71,111,2010-02-26,AMENDMENT,hr-2701-111,Intelligence Authorization Act for Fiscal Year 2010,,,,true,false,
h-111-2-72,111,2010-02-26,MOTION_TO_RECOMMIT,hr-2701-111,Intelligence Authorization Act for Fiscal Year 2010,,,,true,false,
h-111-2-73,111,2010-02-26,PASSAGE,hr-2701-111,Intelligence Authorization Act for Fiscal Year 2010,,,,true,false,
h-111-2-74,111,2010-02-26,SUSPENSION,hconres-238-111,"Recognizing the difficult challenges Black veterans faced when returning home after serving in the Armed Forces, their heroic military sacrifices, and their patriotism in fighting for equal rights and for the dignity of a people and a Nation",,,,true,false,
h-111-2-75,111,2010-03-02,SUSPENSION,hres-1072-111,Recognizing Louisiana State University for 150 years of service and excellence in higher education,,,,true,false,
h-111-2-76,111,2010-03-02,SUSPENSION,hr-3820-111,Natural Hazards Risk Reduction Act of 2009,,,,true,false,
h-111-2-77,111,2010-03-02,SUSPENSION,hres-1097-111,"Supporting the goals and ideals of National Engineers Week, and for other purposes",,,,true,false,
h-111-2-78,111,2010-03-03,PASSAGE,hres-1126-111,"Providing for the consideration of H.R. 4247, the Preventing Harmful Restraint and Seclusion in Schools Act",,,,true,false,
h-111-2-79,111,2010-03-03,SUSPENSION,hres-747-111,Congratulating the United States Military Academy at West Point on being named by Forbes magazine as America’s Best College for 2009,,,,true,false,
h-111-2-80,111,2010-03-03,SUSPENSION,hres-1096-111,"Encouraging individuals across the United States to participate in the 2010 Census to ensure an accurate and complete count beginning April 1, 2010, and expressing support for designation of March 2010 as Census Awareness Month",,,,true,false,
h-111-2-81,111,2010-03-03,AMENDMENT,hr-4247-111,Preventing Harmful Restraint and Seclusion in Schools Act,,,,true,false,
h-111-2-82,111,2010-03-03,PASSAGE,hr-4247-111,Preventing Harmful Restraint and Seclusion in Schools Act,,,,true,false,
h-111-2-83,111,2010-03-03,SUSPENSION,hres-1127-111,"Expressing concern regarding the suicide plane attack on Internal Revenue Service employees in Austin, Texas",,,,true,false,
h-111-2-84,111,2010-03-04,SUSPENSION,hres-699-111,"Expressing the appreciation of Congress for the service and sacrifice of the members of the 139th Airlift Wing, Air National Guard",,,,true,false,
h-111-2-85,111,2010-03-04,SUSPENSION,hres-1086-111,Recognizing the importance and significance of the 2010 Census and encouraging each community within the Indian Country to name an elder to be the first member of that community to answer the 2010 Census,,,,true,false,
h-111-2-86,111,2010-03-04,SUSPENSION,hres-1111-111,"Designating March 2, 2010 as “Read Across America Day”",,,,true,false,
h-111-2-87,111,2010-03-04,PROCEDURAL,hres-1137-111,"Providing for consideration of the Senate amendment to H.R. 2847, making appropriations for the Departments of Commerce and Justice, and Science, and Related Agencies for the fiscal year ending September 30, 2010, and for other purposes",,,,true,false,
h-111-2-88,111,2010-03-04,PASSAGE,hres-1137-111,"Providing for consideration of the Senate amendment to H.R. 2847, making appropriations for the Departments of Commerce and Justice, and Science, and Related Agencies for the fiscal year ending September 30, 2010, and for other purposes",,,,true,false,
h-111-2-89,111,2010-03-04,SUSPENSION,hres-362-111,Expressing the support of the House of Representatives for the goals and ideals of the National School Lunch Program,,,,true,false,
h-111-2-90,111,2010-03-04,PROCEDURAL,hr-2847-111,Hiring Incentives to Restore Employment Act,,,TAX_BURDEN,true,false,
h-111-2-91,111,2010-03-04,SUSPENSION,hres-1079-111,Congratulating the National Football League Champion New Orleans Saints for winning Super Bowl XLIV and for bringing New Orleans its first Lombardi Trophy in franchise history,,,,true,false,
h-111-2-92,111,2010-03-09,SUSPENSION,hr-3650-111,Harmful Algal Blooms and Hypoxia Research and Control Amendments Act,,,,true,false,
h-111-2-93,111,2010-03-09,SUSPENSION,hres-1069-111,Congratulating Willard S. Boyle and George E. Smith for being awarded the Nobel Prize in physics,,,,true,false,
h-111-2-94,111,2010-03-09,SUSPENSION,hres-935-111,"Honoring John E. Warnock, Charles M. Geschke, Forrest M. Bird, Esther Sans Takeuchi, and IBM Corporation for receiving the 2008 National Medal of Technology and Innovation",,,,true,false,
h-111-2-100,111,2010-03-10,SUSPENSION,hres-1144-111,"Expressing condolences to the families of the victims of the February 27, 2010, earthquake in Chile, as well as solidarity with and support for the people of Chile as they plan for recovery and reconstruction",,,,true,false,
h-111-2-95,111,2010-03-10,PASSAGE,hres-1146-111,"Providing for consideration of the concurrent resolution (H.Con.Res. 248) directing the President, pursuant to section 5(c) of the War Powers Resolution, to remove the United States Armed Forces from Afghanistan",,,,true,false,
h-111-2-96,111,2010-03-10,SUSPENSION,hres-1088-111,Recognizing the plight of people with albinism in East Africa and condemning their murder and mutilation,,,,true,false,
h-111-2-97,111,2010-03-10,SUSPENSION,hr-4621-111,Prevent Deceptive Census Look Alike Mailings Act,,,,true,false,
h-111-2-98,111,2010-03-10,PASSAGE,hconres-248-111,"Directing the President, pursuant to section 5(c) of the War Powers Resolution, to remove the United States Armed Forces from Afghanistan",,,,true,false,
h-111-2-99,111,2010-03-10,SUSPENSION,hconres-249-111,Commemorating the 45th anniversary of Bloody Sunday and the role that it played in ensuring the passage of the Voting Rights Act of 1965,,,,true,false,
h-111-2-101,111,2010-03-11,PROCEDURAL,,,,,,true,false,
h-111-2-102,111,2010-03-11,PROCEDURAL,hres-1031-111,"Impeaching G. Thomas Porteous, Jr., judge of the United States District Court for the Eastern District of Louisiana, for high crimes and misdemeanors",,,,true,false,
h-111-2-103,111,2010-03-11,PROCEDURAL,hres-1031-111,"Impeaching G. Thomas Porteous, Jr., judge of the United States District Court for the Eastern District of Louisiana, for high crimes and misdemeanors",,,,true,false,
h-111-2-104,111,2010-03-11,PROCEDURAL,hres-1031-111,"Impeaching G. Thomas Porteous, Jr., judge of the United States District Court for the Eastern District of Louisiana, for high crimes and misdemeanors",,,,true,false,
h-111-2-105,111,2010-03-11,PROCEDURAL,hres-1031-111,"Impeaching G. Thomas Porteous, Jr., judge of the United States District Court for the Eastern District of Louisiana, for high crimes and misdemeanors",,,,true,false,
h-111-2-106,111,2010-03-11,PROCEDURAL,hres-1164-111,Raising a question of the privileges of the House,,,,true,false,
h-111-2-107,111,2010-03-11,PROCEDURAL,hres-1164-111,Raising a question of the privileges of the House,,,,true,false,
h-111-2-108,111,2010-03-11,SUSPENSION,hres-1107-111,Recognizing the 189th anniversary of the independence of Greece and celebrating Greek and American democracy,,,,true,false,
h-111-2-109,111,2010-03-12,PASSAGE,hr-3650-111,Harmful Algal Blooms and Hypoxia Research and Control Amendments Act,,,,true,false,
h-111-2-110,111,2010-03-12,PROCEDURAL,,,,,,true,false,
h-111-2-111,111,2010-03-12,SUSPENSION,hr-4506-111,Bankruptcy Judgeship Act of 2010,,,,true,false,
h-111-2-112,111,2010-03-15,SUSPENSION,hres-1145-111,Recognizing the University of Arizona’s 125 years of dedication to excellence in higher education,,,,true,false,
h-111-2-113,111,2010-03-15,SUSPENSION,hres-1170-111,Congratulating the winners of the Voice of Democracy national scholarship program,,,,true,false,
h-111-2-114,111,2010-03-15,SUSPENSION,hres-1163-111,Recognizing Washington State University Honors College for 50 years of excellence,,,,true,false,
h-111-2-115,111,2010-03-15,SUSPENSION,hres-267-111,"Recognizing the cultural and historical significance of Nowruz, expressing appreciation to Iranian-American for their contributions to society, and wishing Iranian-Americans and the people of Iran a prosperous new year",,,,true,false,
h-111-2-116,111,2010-03-16,SUSPENSION,hr-4628-111,"To designate the facility of the United States Postal Service located at 216 Westwood Avenue in Westwood, New Jersey, as the “Sergeant Christopher R. Hrbek Post Office Building”",,,,true,false,
h-111-2-117,111,2010-03-16,SUSPENSION,hres-311-111,Expressing the support of the House of Representatives for the goals and ideals of Red Cross Month,,,,true,false,
h-111-2-118,111,2010-03-16,SUSPENSION,hres-605-111,"Recognizing the continued persecution of Falun Gong practitioners in China on the 10th anniversary of the Chinese Communist Party campaign to suppress the Falun Gong spriritual movement and calling for an immediate end to the campaign to persecute, intimidate, imprison, and torture Falun Gong practitioners",,,,true,false,
h-111-2-119,111,2010-03-16,SUSPENSION,hres-1128-111,Thanking Vancouver for hosting the world during the 2010 Winter Olympics and honoring the athletes from TEAM USA.,,,,true,false,
h-111-2-120,111,2010-03-17,SUSPENSION,hres-1089-111,Recognizing the 150th anniversary of Augustana College,,,,true,false,
h-111-2-121,111,2010-03-17,SUSPENSION,hres-1167-111,Expressing the support of the House of Representatives for the goals and ideals of Professional Social Work Month and World Social Work Day,,,,true,false,
h-111-2-122,111,2010-03-17,SUSPENSION,hres-1184-111,"Congratulating the 2009-2010 University of Maryland Men’s Basketball Team, Greivis Vasquez, and Coach Gary Williams on an outstanding season",,,,true,false,
h-111-2-123,111,2010-03-17,SUSPENSION,hres-1141-111,"Honoring the accomplishments of Supreme Court Justice Sandra Day O’Connor, the first woman to serve on the United States Supreme Court",,,,true,false,
h-111-2-124,111,2010-03-17,SUSPENSION,s-1147-111,Prevent All Cigarette Trafficking Act,,,,true,false,
h-111-2-125,111,2010-03-17,SUSPENSION,hr-3954-111,Florida National Forest Land Adjustment Act of 2009,,,,true,false,
h-111-2-126,111,2010-03-17,SUSPENSION,hr-946-111,Plain Writing Act of 2010,,,,true,false,
h-111-2-127,111,2010-03-17,SUSPENSION,hr-4825-111,To require any amounts remaining in a Member’s Representational Allowance at the end of a fiscal year to be deposited in the Treasury and used for deficit reduction or to reduce the Federal debt,,,,true,false,
h-111-2-128,111,2010-03-18,SUSPENSION,hr-4214-111,"To designate the facility of the United States Postal Service located at 45300 Portola Avenue in Palm Desert, California, as the “Roy Wilson Post Office”",,,,true,false,
h-111-2-129,111,2010-03-18,PROCEDURAL,hres-1190-111,Providing for consideration of motions to suspend the rules.,,,,true,false,
h-111-2-130,111,2010-03-18,PASSAGE,hres-1190-111,Providing for consideration of motions to suspend the rules.,,,,true,false,
h-111-2-131,111,2010-03-18,PROCEDURAL,hres-1193-111,Raising a question of the privileges of the House,,,,true,false,
h-111-2-132,111,2010-03-18,PROCEDURAL,hres-1194-111,Raising a question of the privileges of the House,,,,true,false,
h-111-2-133,111,2010-03-18,SUSPENSION,hr-3542-111,State Admission Day Recognition Act of 2009,,,,true,false,
h-111-2-134,111,2010-03-18,SUSPENSION,hr-3509-111,Agricultural Credit Act of 2009,,,,true,false,
h-111-2-135,111,2010-03-18,SUSPENSION,hres-1173-111,"Recognizing the 100th anniversary of the Vermont Long Trail, the oldest long-distance hiking trail in the United States, and congratulating the Green Mountain Club for its century of dedication in developing and maintaining the trail",,,,true,false,
h-111-2-136,111,2010-03-19,PASSAGE,hres-1192-111,"Providing for consideration of (H.R. 3644), the Ocean, Coastal, and Watershed Education Act and (H.R. 1612), Public Land Service Corps Act of 2009",,,,true,false,
h-111-2-137,111,2010-03-19,SUSPENSION,hr-3671-111,Upper Mississippi River Basin Protection Act,,,,true,false,
h-111-2-138,111,2010-03-19,SUSPENSION,hr-2788-111,Distinguished Flying Cross National Memorial Act,,,,true,false,
h-111-2-139,111,2010-03-19,AMENDMENT,hr-3644-111,"Ocean, Coastal, and Watershed Education Act",,,,true,false,
h-111-2-140,111,2010-03-19,AMENDMENT,hr-3644-111,"Ocean, Coastal, and Watershed Education Act",,,,true,false,
h-111-2-141,111,2010-03-19,MOTION_TO_RECOMMIT,hr-3644-111,"Ocean, Coastal, and Watershed Education Act",,,,true,false,
h-111-2-142,111,2010-03-19,PASSAGE,hr-3644-111,"Ocean, Coastal, and Watershed Education Act",,,,true,false,
h-111-2-143,111,2010-03-19,SUSPENSION,hr-4003-111,Hudson River Valley Special Resource Study Act,,,,true,false,
h-111-2-144,111,2010-03-19,SUSPENSION,hr-4395-111,"To revise the boundaries of the Gettysburg National Military Park to include the Gettysburg Train Station, and for other purposes",,,,true,false,
h-111-2-145,111,2010-03-19,SUSPENSION,hres-1133-111,Recognizing the extraordinary number of African-Americans who have overcome significant obstacles to enhance innovation and competitiveness in the field of science in the United States,,,,true,false,
h-111-2-146,111,2010-03-19,SUSPENSION,hres-1027-111,"Recognizing the 50th anniversary of the historic dive to the Challenger Deep in the Mariana Trench, the deepest point in the world’s oceans, on January 23, 1960, and its importance to marine research, ocean science, a better understanding of the planet, and the future of human exploration",,,,true,false,
h-111-2-147,111,2010-03-19,SUSPENSION,hconres-244-111,Expressing support for the designation of March 20 as a National Day of Recognition for Long-Term Care Physicians,,,,true,false,
h-111-2-148,111,2010-03-20,AMENDMENT,hr-1612-111,Public Lands Service Corps Act of 2009,,,,true,false,
h-111-2-149,111,2010-03-20,AMENDMENT,hr-1612-111,Public Lands Service Corps Act of 2009,,,,true,false,
h-111-2-150,111,2010-03-20,MOTION_TO_RECOMMIT,hr-1612-111,Public Lands Service Corps Act of 2009,,,,true,false,
h-111-2-151,111,2010-03-20,PASSAGE,hr-1612-111,Public Lands Service Corps Act of 2009,,,,true,false,
h-111-2-152,111,2010-03-20,SUSPENSION,hr-4887-111,TRICARE Affirmation Act,,,,true,false,
h-111-2-153,111,2010-03-20,PROCEDURAL,,,,,,true,false,
h-111-2-154,111,2010-03-20,SUSPENSION,hres-1040-111,Honoring the life and accomplishments of Donald Harington for his contributions to literature in the United States,,,,true,false,
h-111-2-155,111,2010-03-21,SUSPENSION,hr-4840-111,Clarence D. Lumpkin Post Office Designation,,,,true,false,
h-111-2-156,111,2010-03-21,SUSPENSION,hres-1174-111,Supporting the goals and ideals of National Women’s History Month,,,,true,false,
h-111-2-157,111,2010-03-21,PROCEDURAL,,,,,,true,false,
h-111-2-158,111,2010-03-21,SUSPENSION,hres-1075-111,"Commending the members of the Agri-business Development Teams of the National Guard for their efforts, together with personnel of the Department of Agriculture and the United Sates Agency for International Development, to modernize agriculture practices and increase food production in war-torn countries.",,,,true,false,
h-111-2-159,111,2010-03-21,PROCEDURAL,hres-1203-111,"Providing for consideration of the Senate Amendments to H.R. 3590 , Patient Protection and Affordable Care Act, and providing for the consideration of the bill H.R. 4872, Reconciliation Act of 2010.",,,HEALTH_COSTS,true,false,
h-111-2-160,111,2010-03-21,PROCEDURAL,hres-1203-111,"Providing for consideration of the Senate Amendments to H.R. 3590 , Patient Protection and Affordable Care Act, and providing for the consideration of the bill H.R. 4872, Reconciliation Act of 2010.",,,HEALTH_COSTS,true,false,
h-111-2-161,111,2010-03-21,SUSPENSION,hres-900-111,Supporting the goals and ideals of a Cold War Veterans Recognition Day to honor the sacrifices and contributions made by members of the Armed Forces during the Cold War and encouraging the people of the U.S. to participate in local and national activities honoring the sacrifices and contributions of those individuals,,,,true,false,
h-111-2-162,111,2010-03-21,PROCEDURAL,hres-1203-111,"Providing for consideration of the Senate Amendments to H.R. 3590 , Patient Protection and Affordable Care Act, and providing for the consideration of the bill H.R. 4872, Reconciliation Act of 2010.",,,HEALTH_COSTS,true,false,
h-111-2-163,111,2010-03-21,PASSAGE,hres-1203-111,"Providing for consideration of the Senate Amendments to H.R. 3590 , Patient Protection and Affordable Care Act, and providing for the consideration of the bill H.R. 4872, Reconciliation Act of 2010.",,,HEALTH_COSTS,true,false,
h-111-2-164,111,2010-03-21,SUSPENSION,hres-925-111,"Expressing the sense of the House of Representatives regarding the meritorious service performed by aviators in the United States Armed Forces who were shot down over, or otherwise forced to land in, hostile territory yet evaded enemy capture or were captured buy subsequently escaped",,,,true,false,
h-111-2-165,111,2010-03-21,AMENDMENT,hr-3590-111,Patient Protection and Affordable Care Act,,,HEALTH_COSTS,true,true,
h-111-2-166,111,2010-03-21,MOTION_TO_RECOMMIT,hr-4872-111,Reconciliation Act of 2010,,,,true,false,
h-111-2-167,111,2010-03-21,PASSAGE,hr-4872-111,Reconciliation Act of 2010,,,,true,false,
h-111-2-168,111,2010-03-21,SUSPENSION,hres-1099-111,Recognizing the 65th anniversary of the Battle of Iwo Jima,,,,true,false,
h-111-2-169,111,2010-03-21,SUSPENSION,hres-1119-111,Expressing the sense of the House of Representatives that all people in the United States should participate in a moment of silence to reflect upon the service and sacrifice of members of the United States Armed Forces both at home and abroad,,,,true,false,
h-111-2-170,111,2010-03-22,SUSPENSION,hr-4810-111,End Veteran Homelessness Act of 2010,,,,true,false,
h-111-2-171,111,2010-03-22,SUSPENSION,hr-4667-111,Veterans’ Compensation Cost-of-Living Adjustment Act of 2010,,,,true,false,
h-111-2-172,111,2010-03-23,PROCEDURAL,hres-1205-111,"Providing for consideration of the bill (H.R. 4849) to amend the Internal Revenue Code of 1986 to provide tax incentives for small business job creation, extend the Build America Bonds program, provide other infrastructure job creation tax incentives, and for other purposes",,,,true,false,
h-111-2-173,111,2010-03-23,PASSAGE,hres-1205-111,"Providing for consideration of the bill (H.R. 4849) to amend the Internal Revenue Code of 1986 to provide tax incentives for small business job creation, extend the Build America Bonds program, provide other infrastructure job creation tax incentives, and for other purposes",,,,true,false,
h-111-2-174,111,2010-03-23,SUSPENSION,hjres-80-111,Recognizing and honoring the Blinded Veterans Association on its 65th anniversary of representing blinded veterans and their families,,,,true,false,
h-111-2-175,111,2010-03-23,SUSPENSION,hres-1186-111,Expressing support for designation of April as National Distracted Driving Awareness Month,,,,true,false,
h-111-2-176,111,2010-03-23,SUSPENSION,hr-3976-111,Helping Heroes Keep Their Homes Act of 2009,,,,true,false,
h-111-2-177,111,2010-03-23,SUSPENSION,hr-4592-111,Energy Jobs for Veterans Act,,,,true,false,
h-111-2-178,111,2010-03-24,PROCEDURAL,hconres-257-111,Adjournment Resolution,,,,true,false,
h-111-2-179,111,2010-03-24,PASSAGE,hres-1204-111,"Providing for consideration of H.R. 4899, making emergency supplemental appropriations for disaster relief and summer jobs for the fiscal year ending September 30, 2010, and for other purposes",,,,true,false,
h-111-2-180,111,2010-03-24,SUSPENSION,hres-917-111,Recognizing the Florida Keys Scenic Highway on the occasion of its designation as an All-American Road by the U.S. Department of Transportation,,,,true,false,
h-111-2-181,111,2010-03-24,MOTION_TO_RECOMMIT,hr-4849-111,Small Business and Infrastructure Jobs Tax Act,,,,true,false,
h-111-2-182,111,2010-03-24,PASSAGE,hr-4849-111,Small Business and Infrastructure Jobs Tax Act,,,,true,false,
h-111-2-183,111,2010-03-24,SUSPENSION,hr-4098-111,Secure Federal File Sharing Act,,,,true,false,
h-111-2-184,111,2010-03-24,SUSPENSION,hr-1879-111,National Guard Employment Protection Act of 2009,,,,true,false,
h-111-2-185,111,2010-03-24,PROCEDURAL,hr-4899-111,"Making emergency supplemental appropriations for disaster relief and summer jobs for the fiscal year ending September 30, 2010, and for other purposes",,,,true,false,
h-111-2-186,111,2010-03-24,PASSAGE,hr-4899-111,"Making emergency supplemental appropriations for disaster relief and summer jobs for the fiscal year ending September 30, 2010, and for other purposes",,,,true,false,
h-111-2-187,111,2010-03-25,PROCEDURAL,hres-1220-111,Raising a question of the privileges of the House,,,,true,false,
h-111-2-188,111,2010-03-25,PASSAGE,hres-1212-111,"Providing for consideration of the Senate amendments to H.R. 1586 to impose an additional tax on bonuses received from certain TARP recipients, and for other purposes",,,,true,false,
h-111-2-189,111,2010-03-25,PROCEDURAL,,,,,,true,false,
h-111-2-190,111,2010-03-25,AMENDMENT,hr-1586-111,"To modernize the air traffic control system, improve the safety, reliability, and availability of transportation by air in the United States, provide for modernization of the air traffic control system, reauthorize the Federal Aviation Administration, and for other purposes.",,,,true,false,
h-111-2-191,111,2010-03-25,SUSPENSION,hres-1125-111,"Supporting the goals and ideals of National Public Works Week, and for other purposes",,,,true,false,
h-111-2-192,111,2010-03-25,SUSPENSION,hr-4360-111,"Major Charles R. Soltes, Jr., O.D. Department of Veterans Affairs Blind Rehabilitation Center",,,,true,false,
h-111-2-193,111,2010-03-25,PASSAGE,hres-1225-111,Providing for consideration of the Senate amendments to the bill (H. R. 4872) to provide for reconciliation pursuant to Title II of the concurrent resolution on the budget for fiscal year 2010 (S. Con. Res. 13).,,,,true,false,
h-111-2-194,111,2010-03-25,AMENDMENT,hr-4872-111,Reconciliation Act of 2010,,,,true,false,
h-111-2-195,111,2010-03-25,SUSPENSION,hres-1215-111,Expressing support for Bangladesh’s return to democracy,,,,true,false,
h-111-2-196,111,2010-04-13,SUSPENSION,hres-1222-111,Supporting the goals and ideals of National Library Week,,,,true,false,
h-111-2-197,111,2010-04-13,SUSPENSION,hres-1041-111,"Congratulating and commending the University of Idaho’s football team for winning the 2009 Humanitarian Bowl in Boise, Idaho",,,,true,false,
h-111-2-198,111,2010-04-13,SUSPENSION,hres-1042-111,Commending the Boise State University Broncos football team for winning the 2010 Fiesta Bowl,,,,true,false,
h-111-2-199,111,2010-04-14,SUSPENSION,hres-1236-111,"Honoring the coal miners who perished in the Upper Big Branch Mine-South in Raleigh County, West Virginia, extending condolences to their families and recognizing the valiant efforts of emergency response workers at the mine disaster.",,,,true,false,
h-111-2-200,111,2010-04-14,SUSPENSION,hr-4994-111,Medicare and Medicaid Extenders Act,,,HEALTH_COSTS,true,false,
h-111-2-201,111,2010-04-14,SUSPENSION,hr-3125-111,To require an inventory of radio spectrum bands managed by the National Telecommunications and Information Administration and the Federal Communications Commission.,,,,true,false,
h-111-2-202,111,2010-04-14,PROCEDURAL,hres-1249-111,,,,,true,false,
h-111-2-203,111,2010-04-14,SUSPENSION,hres-1246-111,"Expressing sympathy to the people of Poland in the aftermath of the tragic plane crash that killed the country’s President, First Lady, and 94 others on April 10, 2010",,,,true,false,
h-111-2-204,111,2010-04-15,PASSAGE,hres-1248-111,"Providing for consideration of the bill (H.R. 4715), Clean Estuaries Act of 2010 and waiving a requirement of clause 6(a) of rule XIII with respect to consideration of certain resolutions reported from the Committee on Rules, and providing for consideration of motions to suspend the rules",,,,true,false,
h-111-2-205,111,2010-04-15,SUSPENSION,hres-1062-111,"Recognizing the Coast Guard Group Astoria’s more than 60 years of service to the Pacific Northwest, and for other purposes",,,,true,false,
h-111-2-206,111,2010-04-15,PROCEDURAL,hres-1255-111,Raising a question of the privileges of the House,,,,true,false,
h-111-2-207,111,2010-04-15,AMENDMENT,hr-4715-111,"To amend the Federal Water Pollution Control Act to reauthorize the National Estuary Program, and for other purposes.",,,,true,false,
h-111-2-208,111,2010-04-15,MOTION_TO_RECOMMIT,hr-4715-111,"To amend the Federal Water Pollution Control Act to reauthorize the National Estuary Program, and for other purposes.",,,,true,false,
h-111-2-209,111,2010-04-15,PASSAGE,hr-4715-111,"To amend the Federal Water Pollution Control Act to reauthorize the National Estuary Program, and for other purposes.",,,,true,false,
h-111-2-210,111,2010-04-15,SUSPENSION,hres-1242-111,Congratulating the Duke University men’s basketball team for winning the 2010 NCAA Division I Men’s Basketball National Championship,,,,true,false,
h-111-2-211,111,2010-04-15,AMENDMENT,hr-4851-111,Continuing Extension Act,,,,true,false,
h-111-2-212,111,2010-04-20,SUSPENSION,hres-1257-111,"Supporting the goals and ideals of National Financial Literacy Month, 2010, and for other purposes",,,,true,false,
h-111-2-213,111,2010-04-20,SUSPENSION,hres-1271-111,Honoring the life and achievements of Rev. Benjamin Lawson Hooks,,,,true,false,
h-111-2-214,111,2010-04-21,SUSPENSION,s-1963-111,"To amend title 38, United States Code, to provide assistance to caregivers of veterans, to improve the provision of health care to veterans, and for other purposes",,,,true,false,
h-111-2-215,111,2010-04-21,SUSPENSION,hres-1104-111,Supporting the mission and goals of 2010 National Crime Victims’ Rights Week,,,,true,false,
h-111-2-216,111,2010-04-21,SUSPENSION,hres-1216-111,Congratulating Reverend Daniel P. Coughlin on his 10th year of service as Chaplain of the House of Representatives,,,,true,false,
h-111-2-217,111,2010-04-22,PROCEDURAL,hres-1287-111,Flake Privileged Resolution,,,,true,false,
h-111-2-218,111,2010-04-22,PROCEDURAL,hres-1287-111,Flake Privileged Resolution,,,,true,false,
h-111-2-219,111,2010-04-22,PROCEDURAL,hr-2194-111,"Comprehensive Iran Sanctions, Accountability, and Divestment Act",,,,true,false,
h-111-2-220,111,2010-04-22,SUSPENSION,hres-1270-111,Expressing support for Mathematics Awareness Month,,,,true,false,
h-111-2-221,111,2010-04-26,SUSPENSION,hr-4543-111,Anthony J. Cortese Post Office Building,,,,true,false,
h-111-2-222,111,2010-04-26,SUSPENSION,hres-1103-111,Celebrating the life of Sam Houston on the 217th anniversary of his birth,,,,true,false,
h-111-2-223,111,2010-04-26,SUSPENSION,hr-4861-111,Steve Goodman Post Office Building,,,,true,false,
h-111-2-224,111,2010-04-27,PROCEDURAL,hres-1131-111,"Expressing support for designation of the week of April 18, 2010 through April 23, 2010, as National Assistant Principals Week",,,,true,false,
h-111-2-225,111,2010-04-27,SUSPENSION,hr-5017-111,Rural Housing Preservation and Stabilzation Act,,,,true,false,
h-111-2-226,111,2010-04-27,SUSPENSION,hr-5146-111,To provide that Members of Congress shall not receive a cost of living adjustment in pay during fiscal year 2011,,,,true,false,
h-111-2-227,111,2010-04-28,AMENDMENT,hr-5013-111,Implementing Management for Performance and Related Reforms to Obtain Value in Every Acquisition Act of 2010,,,,true,false,
h-111-2-228,111,2010-04-28,AMENDMENT,hr-5013-111,Implementing Management for Performance and Related Reforms to Obtain Value in Every Acquisition Act of 2010,,,,true,false,
h-111-2-229,111,2010-04-28,MOTION_TO_RECOMMIT,hr-5013-111,Implementing Management for Performance and Related Reforms to Obtain Value in Every Acquisition Act of 2010,,,,true,false,
h-111-2-230,111,2010-04-28,PASSAGE,hr-5013-111,Implementing Management for Performance and Related Reforms to Obtain Value in Every Acquisition Act of 2010,,,,true,false,
h-111-2-231,111,2010-04-29,PROCEDURAL,hres-1305-111,Providing for consideration of the bill (H.R. 2499) to provide for a federally sanctioned self-determination process for the people of Puerto Rico,,,,true,false,
h-111-2-232,111,2010-04-29,PASSAGE,hres-1305-111,Providing for consideration of the bill (H.R. 2499) to provide for a federally sanctioned self-determination process for the people of Puerto Rico,,,,true,false,
h-111-2-233,111,2010-04-29,PROCEDURAL,hres-1305-111,Providing for consideration of the bill (H.R. 2499) to provide for a federally sanctioned self-determination process for the people of Puerto Rico,,,,true,false,
h-111-2-234,111,2010-04-29,AMENDMENT,hr-2499-111,Puerto Rico Democracy Act,,,,true,false,
h-111-2-235,111,2010-04-29,AMENDMENT,hr-2499-111,Puerto Rico Democracy Act,,,,true,false,
h-111-2-236,111,2010-04-29,AMENDMENT,hr-2499-111,Puerto Rico Democracy Act,,,,true,false,
h-111-2-237,111,2010-04-29,AMENDMENT,hr-2499-111,Puerto Rico Democracy Act,,,,true,false,
h-111-2-238,111,2010-04-29,AMENDMENT,hr-2499-111,Puerto Rico Democracy Act,,,,true,false,
h-111-2-239,111,2010-04-29,AMENDMENT,hr-2499-111,Puerto Rico Democracy Act,,,,true,false,
h-111-2-240,111,2010-04-29,AMENDMENT,hr-2499-111,Puerto Rico Democracy Act,,,,true,false,
h-111-2-241,111,2010-04-29,MOTION_TO_RECOMMIT,hr-2499-111,Puerto Rico Democracy Act,,,,true,false,
h-111-2-242,111,2010-04-29,PASSAGE,hr-2499-111,Puerto Rico Democracy Act,,,,true,false,
h-111-2-243,111,2010-05-04,SUSPENSION,hres-1307-111,Honoring the National Science Foundation for 60 years of service to the Nation,,,,true,false,
h-111-2-244,111,2010-05-04,SUSPENSION,hres-1213-111,"Recognizing the need to improve the participation and performance of America’s students in Science, Technology, Engineering, and Mathematics (STEM) fields, supporting the ideals of National Lab Day, and for other purposes",,,,true,false,
h-111-2-245,111,2010-05-04,SUSPENSION,hres-1132-111,Honoring the USS New Mexico as the sixth Virginia-class submarine commissioned by the U.S. Navy to protect and defend the United States,,,,true,false,
h-111-2-246,111,2010-05-05,SUSPENSION,hres-1320-111,"Attempted Terrorist Attack in Times Square on May 1, 2010",,,,true,false,
h-111-2-247,111,2010-05-05,SUSPENSION,hres-1272-111,"Commemorating the 40th anniversary of the May 4, 1970, Kent State University shootings",,,,true,false,
h-111-2-248,111,2010-05-05,SUSPENSION,hres-1301-111,Supporting the goals and ideals of National Train Day,,,,true,false,
h-111-2-249,111,2010-05-06,PASSAGE,hres-1329-111,"Providing for consideration of the bill (H.R. 5019) to provide for the establishment of the Home Star Retrofit Rebate Program, and for other purposes",,,,true,false,
h-111-2-250,111,2010-05-06,SUSPENSION,hres-1295-111,Celebrating the role of mothers in the United States and supporting the goals and ideals of Mother’s Day,,,,true,false,
h-111-2-251,111,2010-05-06,SUSPENSION,hr-1722-111,Telework Improvements Act,,,,true,false,
h-111-2-252,111,2010-05-06,AMENDMENT,hr-5019-111,Home Star Energy Retrofit Act,,,,true,false,
h-111-2-253,111,2010-05-06,AMENDMENT,hr-5019-111,Home Star Energy Retrofit Act,,,,true,false,
h-111-2-254,111,2010-05-06,MOTION_TO_RECOMMIT,hr-5019-111,Home Star Energy Retrofit Act,,,,true,false,
h-111-2-255,111,2010-05-06,PASSAGE,hr-5019-111,Home Star Energy Retrofit Act,,,,true,false,
h-111-2-256,111,2010-05-11,SUSPENSION,hres-1294-111,Expressing support for designation of the first Saturday in May as National Explosive Ordnance Disposal Day to honor those who are serving and have served in the noble and self-sacrificing profession of Explosive Ordnance Disposal in the United States Armed Forces,,,,true,false,
h-111-2-257,111,2010-05-11,SUSPENSION,hres-1328-111,Honoring the life and legacy of William Earnest “Ernie” Harwell,,,,true,false,
h-111-2-258,111,2010-05-11,SUSPENSION,hres-1299-111,Supporting the goals and ideals of Peace Officers Memorial Day,,,,true,false,
h-111-2-259,111,2010-05-12,PASSAGE,hres-1344-111,"Providing for consideration of the bill H.R. 5116, the America COMPETES Reauthorization Act of 2010",,,,true,false,
h-111-2-260,111,2010-05-12,SUSPENSION,hr-5014-111,To clarify the health care provided by the Secretary of Veterans Affairs that constitutes minimum essential coverage,,,,true,false,
h-111-2-261,111,2010-05-12,SUSPENSION,hconres-268-111,"Supporting the goals and ideals of National Women’s Health Week, and for other purposes",,,,true,false,
h-111-2-262,111,2010-05-12,AMENDMENT,hr-5116-111,America COMPETES Reauthorization Act,,,,true,false,
h-111-2-263,111,2010-05-12,AMENDMENT,hr-5116-111,America COMPETES Reauthorization Act,,,,true,false,
h-111-2-264,111,2010-05-12,AMENDMENT,hr-5116-111,America COMPETES Reauthorization Act,,,,true,false,
h-111-2-265,111,2010-05-12,AMENDMENT,hr-5116-111,America COMPETES Reauthorization Act,,,,true,false,
h-111-2-266,111,2010-05-12,AMENDMENT,hr-5116-111,America COMPETES Reauthorization Act,,,,true,false,
h-111-2-267,111,2010-05-13,AMENDMENT,hr-5116-111,America COMPETES Reauthorization Act,,,,true,false,
h-111-2-268,111,2010-05-13,AMENDMENT,hr-5116-111,America COMPETES Reauthorization Act,,,,true,false,
h-111-2-269,111,2010-05-13,AMENDMENT,hr-5116-111,America COMPETES Reauthorization Act,,,,true,false,
h-111-2-270,111,2010-05-13,MOTION_TO_RECOMMIT,hr-5116-111,America COMPETES Reauthorization Act,,,,true,false,
h-111-2-271,111,2010-05-13,SUSPENSION,hres-1338-111,Recognizing the significant accomplishments of AmeriCorps,,,,true,false,
h-111-2-272,111,2010-05-13,SUSPENSION,hres-1337-111,"Expressing the sympathy and condolences of the House of Representatives to those people affected by the flooding in Tennessee, Kentucky, and Mississippi in May, 2010",,,,true,false,
h-111-2-273,111,2010-05-18,SUSPENSION,hr-2288-111,Endangered Fish Recovery Programs Improvement Act of 2009,,,,true,false,
h-111-2-274,111,2010-05-18,SUSPENSION,hr-4614-111,Katie Sepich Enhanced DNA Collection Act of 2010,,,,true,false,
h-111-2-275,111,2010-05-18,SUSPENSION,hres-1327-111,"Honoring the life, achievements, and contributions of Floyd Dominy",,,,true,false,
h-111-2-276,111,2010-05-19,SUSPENSION,hr-1514-111,Juvenile Accountability Block Grants Program Reauthorization Act of 2009,,,,true,false,
h-111-2-277,111,2010-05-19,SUSPENSION,hr-5325-111,America COMPETES Reauthorization Act,,,,true,false,
h-111-2-278,111,2010-05-19,SUSPENSION,hres-1325-111,Recognizing National Missing Children’s Day,,,,true,false,
h-111-2-279,111,2010-05-19,SUSPENSION,hres-1362-111,Celebrating the life and achievements of Lena Mary Calhoun Horne and honoring her for her triumphs against racial discrimination and her steadfast commitment to the civil rights of all people,,,,true,false,
h-111-2-280,111,2010-05-19,SUSPENSION,hr-5099-111,Michael C. Rothberg Post Office,,,,true,false,
h-111-2-281,111,2010-05-19,SUSPENSION,hres-403-111,Expressing the sense of the House of Representatives that there should be established a National Teacher Day to honor and celebrate teachers in the United States,,,,true,false,
h-111-2-282,111,2010-05-19,SUSPENSION,hres-1292-111,Congratulating the Emporia State University Lady Hornets women’s basketball team for winning the 2010 NCAA Division II National Championship,,,,true,false,
h-111-2-283,111,2010-05-19,SUSPENSION,hres-1364-111,"Honoring the historic and community significance of the Chatham County Courthouse and expressing condolences to Chatham County and the town of Pittsboro for the fire damage sustained by the courthouse on March 25, 2010",,,,true,false,
h-111-2-284,111,2010-05-20,SUSPENSION,hr-5327-111,To authorize assistance to Israel for the Iron Dome anti-missile defense system,,,,true,false,
h-111-2-285,111,2010-05-20,SUSPENSION,hres-1256-111,Congratulating Phil Mickelson on winning the 2010 Masters golf tournament,,,,true,false,
h-111-2-286,111,2010-05-20,SUSPENSION,hres-1336-111,Congratulating the University of Texas men’s swimming and diving team for winning the NCAA Division I national championship,,,,true,false,
h-111-2-287,111,2010-05-20,SUSPENSION,hres-1361-111,Recognizing North Carolina Central University on its 100th anniversary,,,,true,false,
h-111-2-288,111,2010-05-20,PROCEDURAL,hres-1363-111,Granting the authority provided under clause 4(c)(3) of rule X of the Rules of the House of Representatives to the Committee on Education and Labor for purposes of its investigation into underground coal mining safety,,,,true,false,
h-111-2-289,111,2010-05-20,PASSAGE,hres-1363-111,Granting the authority provided under clause 4(c)(3) of rule X of the Rules of the House of Representatives to the Committee on Education and Labor for purposes of its investigation into underground coal mining safety,,,,true,false,
h-111-2-290,111,2010-05-20,SUSPENSION,hr-5128-111,"To designate the Department of the Interior Building in Washington, District of Columbia, as the “Steawart Lee Undall Department of the Interior Building”",,,,true,false,
h-111-2-291,111,2010-05-24,SUSPENSION,hconres-278-111,"Expressing the sense of Congress that a grateful Nation supports and salutes Sons and Daughters in Touch on its 20th Anniversary that is being held on Father’s Day, 2010, at the Vietnam Veterans Memorial in Washington, the District of Columbia",,,,true,false,
h-111-2-292,111,2010-05-24,SUSPENSION,hr-1017-111,Chiropractic Care Available to All Veterans Act,,,,true,false,
h-111-2-293,111,2010-05-24,SUSPENSION,hr-5330-111,"To amend the Antitrust Criminal Penalty Enhancement and Reform Act of 2004 to extend the operation of such Act for a 5-year period ending June 22, 2015, and for other purposes",,,,true,false,
h-111-2-294,111,2010-05-25,SUSPENSION,hr-5145-111,Assuring Quality Care for Veterans Act,,,,true,false,
h-111-2-295,111,2010-05-25,SUSPENSION,hres-1258-111,Expressing support for designation of May 2010 as Mental Health Month,,,,true,false,
h-111-2-296,111,2010-05-25,SUSPENSION,hres-1382-111,"Expressing sympathy to the families of those killed by North Korea in the sinking of the Republic of Korea Ship Cheonan, and solidarity with the Republic of Korea in the aftermath of this tragic incident",,,,true,false,
h-111-2-297,111,2010-05-25,SUSPENSION,hres-584-111,Recognizing the importance of manufactured and modular housing in the United States,,,,true,false,
h-111-2-298,111,2010-05-25,SUSPENSION,hr-3885-111,Veterans Dog Training Therapy Act,,,,true,false,
h-111-2-299,111,2010-05-25,SUSPENSION,hr-2711-111,Special Agent Samuel Hicks Families of Fallen Heroes Act,,,,true,false,
h-111-2-300,111,2010-05-25,SUSPENSION,hres-1189-111,Commending Lance Mackey on winning a record 4th straight Iditarod Trail Sled Dog Race,,,,true,false,
h-111-2-301,111,2010-05-25,SUSPENSION,hres-1172-111,Recognizing the life and achievements of Will Keith Kellogg,,,,true,false,
h-111-2-302,111,2010-05-26,SUSPENSION,hres-1347-111,"Honoring the workers who perished on the Deepwater Horizon offshore oil platform in the Gulf of Mexico off the coast of Louisiana, extending condolences to their families, and recognizing the valiant efforts of emergency response workers at the disaster site",,,,true,false,
h-111-2-303,111,2010-05-26,SUSPENSION,hres-1385-111,"Recognizing and honoring the courage and sacrifice of the members of the Armed Forces and veterans, and for other purposes",,,,true,false,
h-111-2-304,111,2010-05-26,SUSPENSION,hres-1316-111,Celebrating Asian/Pacific American Heritage Month,,,,true,false,
h-111-2-305,111,2010-05-26,SUSPENSION,hres-1169-111,Honoring the 125th anniversary of Rollins College,,,,true,false,
h-111-2-306,111,2010-05-27,PASSAGE,hconres-282-111,Providing for an adjournment or recess of the two Houses,,,,true,false,
h-111-2-307,111,2010-05-27,PASSAGE,hres-1404-111,"Providing for consideration of the bill H.R. 5136, the National Defense Authorization Act for Fiscal Year 2011",,,,true,false,
h-111-2-308,111,2010-05-27,SUSPENSION,hres-1161-111,"Honoring the Centennial Celebration of Women at Marquette University, the fist Catholic university in the world to offer co-education as part of its regular undergraduate program",,,,true,false,
h-111-2-309,111,2010-05-27,SUSPENSION,hres-1372-111,Honoring the University of Georgia Graduate School on the occasion of its centennial,,,,true,false,
h-111-2-310,111,2010-05-27,AMENDMENT,hr-5136-111,National Defense Authorization Act for Fiscal Year 2011,,,,true,false,
h-111-2-311,111,2010-05-27,AMENDMENT,hr-5136-111,National Defense Authorization Act for Fiscal Year 2011,,,,true,false,
h-111-2-312,111,2010-05-27,AMENDMENT,hr-5136-111,National Defense Authorization Act for Fiscal Year 2011,,,,true,false,
h-111-2-313,111,2010-05-27,AMENDMENT,hr-5136-111,National Defense Authorization Act for Fiscal Year 2011,,,,true,false,
h-111-2-314,111,2010-05-27,AMENDMENT,hr-5136-111,National Defense Authorization Act for Fiscal Year 2011,,,,true,false,
h-111-2-315,111,2010-05-27,AMENDMENT,hr-5136-111,National Defense Authorization Act for Fiscal Year 2011,,,,true,false,
h-111-2-316,111,2010-05-27,AMENDMENT,hr-5136-111,National Defense Authorization Act for Fiscal Year 2011,,,,true,false,
h-111-2-317,111,2010-05-27,AMENDMENT,hr-5136-111,National Defense Authorization Act for Fiscal Year 2011,,,,true,false,
h-111-2-318,111,2010-05-27,AMENDMENT,hr-5136-111,National Defense Authorization Act for Fiscal Year 2011,,,,true,false,
h-111-2-319,111,2010-05-28,PROCEDURAL,,,,,,true,false,
h-111-2-320,111,2010-05-28,SUSPENSION,hres-1391-111,Congratulating Israel for its accession to membership in the Organization for Economic Co-operation and Development,,,,true,false,
h-111-2-321,111,2010-05-28,PROCEDURAL,hres-1403-111,"Providing for consideration of the Senate amendment to the bill (H.R. 4213) to amend the Internal Revenue Code of 1986 to extend certain expiring provisions, and for other purposes",,,TAX_BURDEN,true,false,
h-111-2-322,111,2010-05-28,AMENDMENT,hres-1403-111,"Providing for consideration of the Senate amendment to the bill (H.R. 4213) to amend the Internal Revenue Code of 1986 to extend certain expiring provisions, and for other purposes",,,TAX_BURDEN,true,false,
h-111-2-323,111,2010-05-28,PASSAGE,hres-1403-111,"Providing for consideration of the Senate amendment to the bill (H.R. 4213) to amend the Internal Revenue Code of 1986 to extend certain expiring provisions, and for other purposes",,,TAX_BURDEN,true,false,
h-111-2-324,111,2010-05-28,PROCEDURAL,hr-4213-111,Unemployment Compensation Extension Act of 2010,,,WORKFORCE,true,false,
h-111-2-325,111,2010-05-28,PROCEDURAL,hr-4213-111,Unemployment Compensation Extension Act of 2010,,,WORKFORCE,true,false,
h-111-2-326,111,2010-05-28,PROCEDURAL,hr-5116-111,America COMPETES Reauthorization Act,,,,true,false,
h-111-2-327,111,2010-05-28,PROCEDURAL,hr-5116-111,America COMPETES Reauthorization Act,,,,true,false,
h-111-2-328,111,2010-05-28,PROCEDURAL,hr-5116-111,America COMPETES Reauthorization Act,,,,true,false,
h-111-2-329,111,2010-05-28,PROCEDURAL,hr-5116-111,America COMPETES Reauthorization Act,,,,true,false,
h-111-2-330,111,2010-05-28,PROCEDURAL,hr-5116-111,America COMPETES Reauthorization Act,,,,true,false,
h-111-2-331,111,2010-05-28,PROCEDURAL,hr-5116-111,America COMPETES Reauthorization Act,,,,true,false,
h-111-2-332,111,2010-05-28,PASSAGE,hr-5116-111,America COMPETES Reauthorization Act,,,,true,false,
h-111-2-333,111,2010-05-28,AMENDMENT,hr-5136-111,National Defense Authorization Act for Fiscal Year 2011,,,,true,false,
h-111-2-334,111,2010-05-28,PROCEDURAL,hr-5136-111,National Defense Authorization Act for Fiscal Year 2011,,,,true,false,
h-111-2-335,111,2010-05-28,MOTION_TO_RECOMMIT,hr-5136-111,National Defense Authorization Act for Fiscal Year 2011,,,,true,false,
h-111-2-336,111,2010-05-28,PASSAGE,hr-5136-111,National Defense Authorization Act for Fiscal Year 2011,,,,true,false,
h-111-2-337,111,2010-06-08,SUSPENSION,hr-1061-111,Hoh Indian Tribe Safe Homelands Act,,,,true,false,
h-111-2-338,111,2010-06-08,SUSPENSION,hres-518-111,"Honoring the life of Jacques-Yves Cousteau, explorer, researcher, and pioneer in the field of marine conservation",,,,true,false,
h-111-2-339,111,2010-06-09,PROCEDURAL,hres-1424-111,"Providing for consideration of the bill H.R. 5072, the FHA Reform Act",,,,true,false,
h-111-2-340,111,2010-06-09,PASSAGE,hres-1424-111,"Providing for consideration of the bill H.R. 5072, the FHA Reform Act",,,,true,false,
h-111-2-341,111,2010-06-09,SUSPENSION,hres-989-111,"Expressing the sense of the House of Representatives that the United States should adopt national policies and pursue international agreements to prevent ocean acidification, to study the impacts of ocean acidification, and to address the effects of ocean acidification on marine ecosystems and coastal economies",,,,true,false,
h-111-2-342,111,2010-06-09,SUSPENSION,hres-1178-111,Directing the Clerk of the House of Representatives to compile the cost estimates prepared by the Congressional Budget Office which are included in reports filed by the committees of the House on approved legislation and post such estimates on the official public Internet site of the Office of the Clerk,,,,true,false,
h-111-2-343,111,2010-06-09,PROCEDURAL,hr-4173-111,Wall Street Reform and Consumer Protection Act of 2009,,,REGULATORY_BURDEN,true,false,
h-111-2-344,111,2010-06-09,SUSPENSION,hres-1330-111,"Recognizing June 8, 2010, as World Ocean Day",,,,true,false,
h-111-2-345,111,2010-06-09,SUSPENSION,hr-5278-111,"To designate the facility of the United States Postal Service located at 405 West Second Street in Dixon, Illinois, as the “President Ronald W. Reagan Post Office Building”",,,,true,false,
h-111-2-346,111,2010-06-09,SUSPENSION,hr-5133-111,"To designate the facility of the United States Postal Service located at 331 1st Street in Carlstadt, New Jersey, as the “Staff Sergeant Frank T. Carvill and Lance Corporal Michael A. Schwarz Post Office Building”",,,,true,false,
h-111-2-347,111,2010-06-10,AMENDMENT,hr-5072-111,FHA Reform Act of 2010,,,,true,false,
h-111-2-348,111,2010-06-10,AMENDMENT,hr-5072-111,FHA Reform Act of 2010,,,,true,false,
h-111-2-349,111,2010-06-10,AMENDMENT,hr-5072-111,FHA Reform Act of 2010,,,,true,false,
h-111-2-350,111,2010-06-10,AMENDMENT,hr-5072-111,FHA Reform Act of 2010,,,,true,false,
h-111-2-351,111,2010-06-10,AMENDMENT,hr-5072-111,FHA Reform Act of 2010,,,,true,false,
h-111-2-352,111,2010-06-10,AMENDMENT,hr-5072-111,FHA Reform Act of 2010,,,,true,false,
h-111-2-353,111,2010-06-10,PASSAGE,hr-5072-111,FHA Reform Act of 2010,,,,true,false,
h-111-2-354,111,2010-06-10,SUSPENSION,s-3473-111,To amend the Oil Pollution Act of 1990 to authorize advances from Oil Spill Liability Trust Fund for the Deepwater Horizon oil spill,,,,true,false,
h-111-2-355,111,2010-06-14,SUSPENSION,hres-1368-111,Supporting the goals of National Dairy Month,,,,true,false,
h-111-2-356,111,2010-06-14,SUSPENSION,hres-1409-111,"Expressing support for designation of June 20, 2010, as “American Eagle Day”, and celebrating the recovery and restoration of the bald eagle, the national symbol of the United States",,,,true,false,
h-111-2-357,111,2010-06-14,SUSPENSION,hr-5502-111,To amend the effective date of the gift card provisions of the Credit Card Accountability Responsibility and Disclosure Act of 2009,,,ACCESS_TO_CAPITAL,true,false,
h-111-2-358,111,2010-06-15,SUSPENSION,hres-1383-111,Honoring Dr. Larry Case on his retirement as National FFA Advisor,,,,true,false,
h-111-2-359,111,2010-06-15,PASSAGE,hres-1436-111,"Providing for consideration of H.R. 5486, the Small Business Jobs Tax Relief Act; and providing for consideration of H.R. 5297, the Small Business Lending Fund Act",,,ACCESS_TO_CAPITAL,true,false,
h-111-2-360,111,2010-06-15,SUSPENSION,hr-4855-111,Work-Life Balance Award Act,,,,true,false,
h-111-2-361,111,2010-06-15,SUSPENSION,hres-1389-111,"Recognizing the immeasurable contributions of fathers in the healthy development of children, supporting responsible fatherhood, and encouraging greater involvement of fathers in the lives of their children, especially on Father’s Day",,,,true,false,
h-111-2-362,111,2010-06-15,MOTION_TO_RECOMMIT,hr-5486-111,Small Business Jobs Tax Relief Act of 2010,,,ACCESS_TO_CAPITAL,true,false,
h-111-2-363,111,2010-06-15,PASSAGE,hr-5486-111,Small Business Jobs Tax Relief Act of 2010,,,ACCESS_TO_CAPITAL,true,false,
h-111-2-364,111,2010-06-15,SUSPENSION,hres-1322-111,Celebrating the 20th anniversary of the Albert Einstein Distinguished Educator Fellowship Program and recognizing the significant contributions of Albert Einstein Fellows,,,,true,false,
h-111-2-365,111,2010-06-16,SUSPENSION,hconres-242-111,Honoring the NAACP on its 101st anniversary,,,,true,false,
h-111-2-366,111,2010-06-16,SUSPENSION,hres-1422-111,Honoring the Department of Justice on the occasion of its 140th anniversary,,,,true,false,
h-111-2-367,111,2010-06-16,PROCEDURAL,hres-1414-111,"Congratulating Urban Prep Charter Academy for Young Men - Englewood Campus, the Nation’s first all-male charter high school, for achieving a 100 percent college acceptance rate for all 107 members of its first graduating class of 2010",,,,true,false,
h-111-2-368,111,2010-06-17,PROCEDURAL,hres-1448-111,"Providing for further consideration of the bill (H.R. 5297) to create the Small Business Lending Fund Program to direct the Secretary of the Treasury to make capital investments in eligible institutions in order to increase the availability of credit for small businesses, and for other purposes",,,ACCESS_TO_CAPITAL,true,false,
h-111-2-369,111,2010-06-17,PASSAGE,hres-1448-111,"Providing for further consideration of the bill (H.R. 5297) to create the Small Business Lending Fund Program to direct the Secretary of the Treasury to make capital investments in eligible institutions in order to increase the availability of credit for small businesses, and for other purposes",,,ACCESS_TO_CAPITAL,true,false,
h-111-2-370,111,2010-06-17,SUSPENSION,hres-1429-111,Celebrating the symbol of the United States flag and supporting the goals and ideals of Flag Day,,,,true,false,
h-111-2-371,111,2010-06-17,AMENDMENT,hr-5297-111,Small Business Lending Fund Act of 2010,,,ACCESS_TO_CAPITAL,true,false,
h-111-2-372,111,2010-06-17,AMENDMENT,hr-5297-111,Small Business Lending Fund Act of 2010,,,ACCESS_TO_CAPITAL,true,false,
h-111-2-373,111,2010-06-17,AMENDMENT,hr-5297-111,Small Business Lending Fund Act of 2010,,,ACCESS_TO_CAPITAL,true,false,
h-111-2-374,111,2010-06-17,MOTION_TO_RECOMMIT,hr-5297-111,Small Business Lending Fund Act of 2010,,,ACCESS_TO_CAPITAL,true,false,
h-111-2-375,111,2010-06-17,PASSAGE,hr-5297-111,Small Business Lending Fund Act of 2010,,,ACCESS_TO_CAPITAL,true,false,
h-111-2-376,111,2010-06-22,SUSPENSION,hconres-288-111,Supporting National Men’s Health Week,,,,true,false,
h-111-2-377,111,2010-06-22,SUSPENSION,hres-546-111,"Recognizing the historical significance of Juneteenth Independence Day, and expressing the sense of the House of Representatives that history should be regarded as a means for understanding the past and more effectively facing the challenges of the future",,,,true,false,
h-111-2-378,111,2010-06-22,SUSPENSION,hres-1407-111,Supporting the goals and ideals of High-Performance Building Week,,,,true,false,
h-111-2-379,111,2010-06-23,SUSPENSION,hr-5551-111,To require the Secretary of the Treasury to make a certification when making purchases under the Small Business Lending Fund Program,,,ACCESS_TO_CAPITAL,true,false,
h-111-2-380,111,2010-06-23,SUSPENSION,hres-1434-111,Recognizing National Homeownership Month and the importance of homeownership in the United States,,,,true,false,
h-111-2-381,111,2010-06-23,SUSPENSION,hres-1369-111,Recognizing the significance of National Caribbean-American Heritage Month,,,,true,false,
h-111-2-382,111,2010-06-23,SUSPENSION,hr-5481-111,To give subpoena power to the National Commission on the BP Deepwater Horizon Oil Spill and Offshore Drilling,,,,true,false,
h-111-2-383,111,2010-06-23,SUSPENSION,hr-3993-111,Calling Card Consumer Protection Act,,,,true,false,
h-111-2-384,111,2010-06-23,SUSPENSION,hres-1388-111,Supporting the goals and ideals of National Hurricane Preparedness Week,,,,true,false,
h-111-2-385,111,2010-06-24,PROCEDURAL,hres-1468-111,"Providing for consideration of H.R. 5175, the Democracy is Strengthened by Casting Light on Spending in Elections Act, and for other purposes",,,,true,false,
h-111-2-386,111,2010-06-24,PASSAGE,hres-1468-111,"Providing for consideration of H.R. 5175, the Democracy is Strengthened by Casting Light on Spending in Elections Act, and for other purposes",,,,true,false,
h-111-2-387,111,2010-06-24,SUSPENSION,hconres-285-111,Recognizing the important role that fathers play in the lives of their children and families and supporting the goals and ideals of designating 2010 as the Year of the Father,,,,true,false,
h-111-2-388,111,2010-06-24,AMENDMENT,hr-5175-111,Democracy is Strengthened by Casting Light on Spending in Elections Act or the DISCLOSE Act,,,,true,false,
h-111-2-389,111,2010-06-24,AMENDMENT,hr-5175-111,Democracy is Strengthened by Casting Light on Spending in Elections Act or the DISCLOSE Act,,,,true,false,
h-111-2-390,111,2010-06-24,MOTION_TO_RECOMMIT,hr-5175-111,Democracy is Strengthened by Casting Light on Spending in Elections Act or the DISCLOSE Act,,,,true,false,
h-111-2-391,111,2010-06-24,PASSAGE,hr-5175-111,Democracy is Strengthened by Casting Light on Spending in Elections Act or the DISCLOSE Act,,,,true,false,
h-111-2-392,111,2010-06-24,SUSPENSION,hres-1464-111,"Recognizing the 50th anniversary of the conclusion of the United States-Japan Treaty of Mutual Cooperation and Security and expressing appreciation to the Government of Japan and the Japanese people for enhancing peace, prosperity, and security in the Asia-Pacific region",,,,true,false,
h-111-2-393,111,2010-06-24,SUSPENSION,hr-3962-111,"To provide affordable, quality health care for all Americans and reduce the growth in health care spending, and for other purposes",,,,true,false,
h-111-2-394,111,2010-06-24,SUSPENSION,hr-2194-111,"Comprehensive Iran Sanctions, Accountability, and Divestment Act",,,,true,false,
h-111-2-395,111,2010-06-29,PROCEDURAL,,,,,,true,false,
h-111-2-396,111,2010-06-29,SUSPENSION,hres-1439-111,Congratulating the Chicago Blackhawks on winning the 2010 Stanley Cup Championship,,,,true,false,
h-111-2-397,111,2010-06-29,PROCEDURAL,,,,,,true,false,
h-111-2-398,111,2010-06-29,SUSPENSION,hr-5618-111,Restoration of Emergency Unemployment Compensation Act,,,WORKFORCE,true,false,
h-111-2-399,111,2010-06-29,SUSPENSION,hres-1244-111,Recognizing the National Collegiate Cyber Defense Competition for its now five-year effort to promote cyber security curriculum in institutions of higher learning,,,,true,false,
h-111-2-400,111,2010-06-29,SUSPENSION,hr-5552-111,Firearms Excise Tax Improvement Act,,,,true,false,
h-111-2-401,111,2010-06-29,SUSPENSION,hr-5623-111,Homebuyer Assistance and Improvement Act,,,,true,false,
h-111-2-402,111,2010-06-30,SUSPENSION,hconres-284-111,Recognizing the work and importance of special education teachers,,,,true,false,
h-111-2-403,111,2010-06-30,SUSPENSION,hr-5395-111,"To designate the facility of the United States Postal Service located at 151 North Maitland Avenue in Maitland, Florida, as the “Paula Hawkins Post Office Building”",,,,true,false,
h-111-2-404,111,2010-06-30,SUSPENSION,hres-1446-111,"Recognizing the residents of the City of Tracy, California, on the occasion of the 100th anniversary of the city’s incorporation, for their century of dedicated service to the United States",,,,true,false,
h-111-2-405,111,2010-06-30,SUSPENSION,hr-4307-111,"To name the Department of Veterans Affairs community-based outpatient clinic in Artesia, New Mexico, as the “Alejandro Renteria Ruiz Department of Veterans Affairs Clinic”",,,,true,false,
h-111-2-406,111,2010-06-30,PROCEDURAL,hres-1487-111,"Waiving a requirement of clause 6(a) of rule XIII with respect to consideration of certain resolutions reported from the Committee on Rules, and for other purposes",,,,true,false,
h-111-2-407,111,2010-06-30,PASSAGE,hres-1487-111,"Waiving a requirement of clause 6(a) of rule XIII with respect to consideration of certain resolutions reported from the Committee on Rules, and for other purposes",,,,true,false,
h-111-2-408,111,2010-06-30,SUSPENSION,hr-4505-111,To enable State homes to furnish nursing home care to parents any of whose children died while serving in the Armed Forces,,,,true,false,
h-111-2-409,111,2010-06-30,PASSAGE,hconres-293-111,Providing for an adjournment or recess of the two Houses,,,,true,false,
h-111-2-410,111,2010-06-30,PASSAGE,hres-1490-111,"Rule providing for the consideration of the conference report to accompany H.R. 4173, the Dodd-Frank Wall Street Reform and Consumer Protection Act",,,REGULATORY_BURDEN,true,false,
h-111-2-411,111,2010-06-30,SUSPENSION,hr-1554-111,Fountainhead Property Land Transfer Act,,,,true,false,
h-111-2-412,111,2010-06-30,MOTION_TO_RECOMMIT,hr-4173-111,Wall Street Reform and Consumer Protection Act of 2009,,,REGULATORY_BURDEN,true,false,
h-111-2-413,111,2010-06-30,PASSAGE,hr-4173-111,Wall Street Reform and Consumer Protection Act of 2009,,,REGULATORY_BURDEN,true,false,
h-111-2-414,111,2010-06-30,SUSPENSION,hr-4445-111,Indian Pueblo Cultural Center Clarification Act,,,,true,false,
h-111-2-415,111,2010-07-01,SUSPENSION,hres-1228-111,Honoring the veterans of Helicopter Attack Light Squadron Three and their families,,,,true,false,
h-111-2-416,111,2010-07-01,SUSPENSION,hr-2340-111,Salmon Lake Land Selection Resolution Act,,,,true,false,
h-111-2-417,111,2010-07-01,SUSPENSION,hres-1460-111,Recognizing the important role pollinators play in supporting the ecosystem and supporting the goals and ideals of National Pollinator Week,,,,true,false,
h-111-2-418,111,2010-07-01,PASSAGE,hres-1495-111,"Providing for consideration of the bill (H.R. 5618) to continue Federal unemployment programs, and waiving a requirement of clause 6(a) of rule XIII with respect to consideration of certain resolutions reported from the Committee on Rules",,,,true,false,
h-111-2-419,111,2010-07-01,SUSPENSION,hres-1321-111,Expressing the sense of the House of Representatives that the political situation in Thailand be solved peacefully and through democratic means.,,,,true,false,
h-111-2-420,111,2010-07-01,SUSPENSION,hres-1405-111,Congratulating the people of the 17 African nations that in 2010 are marking the 50th year of their national independence.,,,,true,false,
h-111-2-421,111,2010-07-01,SUSPENSION,hres-1412-111,Congratulating the Government of South Africa upon its first two successful convictions for human trafficking,,,,true,false,
h-111-2-422,111,2010-07-01,PROCEDURAL,hr-5618-111,Restoration of Emergency Unemployment Compensation Act,,,WORKFORCE,true,false,
h-111-2-423,111,2010-07-01,PASSAGE,hr-5618-111,Restoration of Emergency Unemployment Compensation Act,,,WORKFORCE,true,true,
h-111-2-424,111,2010-07-01,PROCEDURAL,,,,,,true,false,
h-111-2-425,111,2010-07-01,SUSPENSION,hr-5609-111,To amend the Federal Election Campaign Act of 1971 to prohibit any registered lobbyist whose clients include foreign governments which are found to be sponsors of international terrorism or include other foreign nationals from making contributions and other campaign-related disbursements in elections for public office,,,,true,false,
h-111-2-426,111,2010-07-01,SUSPENSION,hconres-290-111,Expressing support for designation of June 30 as “National ESIGN Day”,,,,true,false,
h-111-2-427,111,2010-07-01,PROCEDURAL,,,,,,true,false,
h-111-2-428,111,2010-07-01,PASSAGE,hres-1500-111,"Providing for consideration of the Senate amendments to the bill (H.R. 4899) making emergency supplemental appropriations for disaster relief and summer jobs for the fiscal year ending September 30, 2010",,,,true,false,
h-111-2-429,111,2010-07-01,SUSPENSION,hres-1462-111,"Expressing support for the people of Guatemala, Honduras, and El Salvador as they persevere through the aftermath of Tropical Storm Agatha which swept across Central America causing deadly floods and mudslides",,,,true,false,
h-111-2-430,111,2010-07-01,AMENDMENT,hr-4899-111,"Making emergency supplemental appropriations for disaster relief and summer jobs for the fiscal year ending September 30, 2010, and for other purposes",,,,true,false,
h-111-2-431,111,2010-07-01,AMENDMENT,hr-4899-111,"Making emergency supplemental appropriations for disaster relief and summer jobs for the fiscal year ending September 30, 2010, and for other purposes",,,,true,false,
h-111-2-432,111,2010-07-01,AMENDMENT,hr-4899-111,"Making emergency supplemental appropriations for disaster relief and summer jobs for the fiscal year ending September 30, 2010, and for other purposes",,,,true,false,
h-111-2-433,111,2010-07-01,AMENDMENT,hr-4899-111,"Making emergency supplemental appropriations for disaster relief and summer jobs for the fiscal year ending September 30, 2010, and for other purposes",,,,true,false,
h-111-2-434,111,2010-07-13,SUSPENSION,hr-4514-111,Colonel Charles Young Home Study Act,,,,true,false,
h-111-2-435,111,2010-07-13,SUSPENSION,hr-4438-111,San Antonio Missions National Historical Park Boundary Expansion Act of 2010,,,,true,false,
h-111-2-436,111,2010-07-13,SUSPENSION,hr-4773-111,Fort Pulaski National Monument Lease Authorization Act,,,,true,false,
h-111-2-437,111,2010-07-14,PROCEDURAL,hres-1509-111,"Providing for consideration of the bill (H.R. 1722) to improve teleworking in executive agencies by developing a telework program that allows employees to telework at least 20 percent of the hours worked in every 2 administrative workweeks, and for other purposes",,,,true,false,
h-111-2-438,111,2010-07-14,PASSAGE,hres-1509-111,"Providing for consideration of the bill (H.R. 1722) to improve teleworking in executive agencies by developing a telework program that allows employees to telework at least 20 percent of the hours worked in every 2 administrative workweeks, and for other purposes",,,,true,false,
h-111-2-439,111,2010-07-14,SUSPENSION,hr-2864-111,"To amend the Hydrographic Services Improvement Act of 1998 to authorize funds to acquire hydrographic data and provide hydrographic services specific to the Arctic for safe navigation, delineating the United States extended continental shelf, and the monitoring and description of costal changes",,,,true,false,
h-111-2-440,111,2010-07-14,MOTION_TO_RECOMMIT,hr-1722-111,Telework Improvements Act,,,,true,false,
h-111-2-441,111,2010-07-14,PASSAGE,hr-1722-111,Telework Improvements Act,,,,true,false,
h-111-2-442,111,2010-07-14,SUSPENSION,s-1508-111,Improper Payments Elimination and Recovery Act,,,,true,false,
h-111-2-443,111,2010-07-15,PASSAGE,hres-1517-111,"Providing for consideration of H.R. 5114, Flood Insurance Reform Priorities Act",,,,true,false,
h-111-2-444,111,2010-07-15,AMENDMENT,hr-5114-111,Flood Insurance Reform Priorities Act,,,,true,false,
h-111-2-445,111,2010-07-15,AMENDMENT,hr-5114-111,Flood Insurance Reform Priorities Act,,,,true,false,
h-111-2-446,111,2010-07-15,MOTION_TO_RECOMMIT,hr-5114-111,Flood Insurance Reform Priorities Act,,,,true,false,
h-111-2-447,111,2010-07-15,PASSAGE,hr-5114-111,Flood Insurance Reform Priorities Act,,,,true,false,
h-111-2-448,111,2010-07-19,SUSPENSION,hres-1472-111,"Expressing support for designation of the week of September 13, 2010, as National Adult Education and Family Literacy Week",,,,true,false,
h-111-2-449,111,2010-07-19,SUSPENSION,hconres-126-111,Recognizing the 50th anniversary of Title VI international education programs within the Department of Education,,,,true,false,
h-111-2-450,111,2010-07-19,SUSPENSION,hres-1219-111,Expressing support for designation of September as National Child Awareness Month,,,,true,false,
h-111-2-451,111,2010-07-20,SUSPENSION,hres-1491-111,Congratulating the University of South Carolina Gamecocks on winning the 2010 NCAA Division I College World Series,,,,true,false,
h-111-2-452,111,2010-07-20,SUSPENSION,hr-5604-111,Surface Transportation Savings Act of 2010,,,,true,false,
h-111-2-453,111,2010-07-20,SUSPENSION,hres-1516-111,"Recognizing the 65th anniversary of the end of World War II, honoring the service members who fought in World War II and their families, and honoring the service members who are currently serving in combat operations",,,,true,false,
h-111-2-454,111,2010-07-21,SUSPENSION,hconres-292-111,"Supporting the goals and ideals of National Aerospace Week, and for other purposes",,,,true,false,
h-111-2-455,111,2010-07-21,SUSPENSION,hr-725-111,"To protect Indian arts and crafts through the improvement of applicable criminal proceedings, and for other purposes",,,,true,false,
h-111-2-456,111,2010-07-21,SUSPENSION,hr-4380-111,United States Manufacturing Enhancement Act of 2010,,,,true,false,
h-111-2-457,111,2010-07-21,SUSPENSION,hres-1513-111,Congratulating the Saratoga Race Course as it celebrates its 142nd season,,,,true,false,
h-111-2-458,111,2010-07-21,PASSAGE,hres-1537-111,Waiving a requirement of clause 6(a) of rule XIII with respect to consideration of certain resolutions reported from the Committee on Rules and providing for consideration of motions to suspend the rules,,,,true,false,
h-111-2-459,111,2010-07-21,SUSPENSION,hr-5566-111,Prevention of Interstate Commerce in Animal Crush Videos Act of 2010,,,,true,false,
h-111-2-460,111,2010-07-21,SUSPENSION,hres-1411-111,"Honoring the service and commitment of the 111th Fighter Wing, Pennsylvania Air National Guard",,,,true,false,
h-111-2-461,111,2010-07-22,PASSAGE,hres-1550-111,"Providing for consideration of the Senate amendment to the House amendment to the Senate amendment to H.R. 4213, Unemployment Compensation Extension Act of 2010",,,WORKFORCE,true,false,
h-111-2-462,111,2010-07-22,SUSPENSION,hr-1469-111,Child Protection Improvements Act of 2010,,,,true,false,
h-111-2-463,111,2010-07-22,PROCEDURAL,hr-4213-111,Unemployment Compensation Extension Act of 2010,,,WORKFORCE,true,false,
h-111-2-464,111,2010-07-22,SUSPENSION,hr-5341-111,"To designate the facility of the United States Postal Service located at 100 Orndorf Drive in Brighton, Michigan, as the “Joyce Rogers Post Office Building”",,,,true,false,
h-111-2-465,111,2010-07-22,PROCEDURAL,hres-1549-111,"Providing for consideration of H.R. 1264, Multiple Peril Insurance Act of 2009",,,,true,false,
h-111-2-466,111,2010-07-22,PASSAGE,hres-1549-111,"Providing for consideration of H.R. 1264, Multiple Peril Insurance Act of 2009",,,,true,false,
h-111-2-467,111,2010-07-26,SUSPENSION,hr-1320-111,"To amend the Federal Advisory Committee Act to increase the transparency and accountability of Federal advisory committees, and for other purposes",,,,true,false,
h-111-2-468,111,2010-07-26,SUSPENSION,hres-1504-111,Recognizing and honoring the 20th anniversary of the enactment of the Americans with Disabilities Act of 1990,,,,true,false,
h-111-2-469,111,2010-07-26,SUSPENSION,hr-3101-111,Twenty-First Century Communications and Video Accessibility Act,,,,true,false,
h-111-2-470,111,2010-07-27,PASSAGE,hres-1556-111,"Providing for consideration of the concurrent resolution (H.Con.Res. 301) directing the President, pursuant to section 5(c) of the War Powers Resolution, to remove the United States Armed Forces from Pakistan",,,,true,false,
h-111-2-471,111,2010-07-27,SUSPENSION,hr-5730-111,"Surface Transportation Earmark Rescission, Savings, and Accountability Act",,,,true,false,
h-111-2-472,111,2010-07-27,SUSPENSION,hres-1366-111,Recognizing and honoring the freight rail industry,,,INPUT_COSTS,true,false,
h-111-2-473,111,2010-07-27,PASSAGE,hconres-301-111,"Directing the President, pursuant to section 5(c) of the War Powers Resolution, to remove the United States Armed Forces from Pakistan",,,,true,false,
h-111-2-474,111,2010-07-27,SUSPENSION,hr-4899-111,"Making emergency supplemental appropriations for disaster relief and summer jobs for the fiscal year ending September 30, 2010, and for other purposes",,,,true,false,
h-111-2-475,111,2010-07-27,SUSPENSION,hr-4748-111,Northern Border Counternarcotics Strategy Act of 2010,,,,true,false,
h-111-2-476,111,2010-07-28,PASSAGE,hres-1559-111,"Providing for consideration of H.R. 5822, making appropriations for military construction, the Department of Veterans Affairs, and related agencies for the fiscal year ending September 30, 2011, and for other purposes and providing for consideration of motions to suspend the rules",,,,true,false,
h-111-2-477,111,2010-07-28,SUSPENSION,hr-4692-111,National Manufacturing Strategy Act,,,,true,false,
h-111-2-478,111,2010-07-28,SUSPENSION,hres-1543-111,"Honoring the educational significance of Dr. Jane Goodall’s work on this the 50th anniversary of the beginning of her work in Tanzania, Africa",,,,true,false,
h-111-2-479,111,2010-07-28,SUSPENSION,hr-5827-111,To amend title 11 of the United States Code to include firearms in the types of property allowable under the alternative provision for exempting property from the estate,,,,true,false,
h-111-2-480,111,2010-07-28,AMENDMENT,hr-5822-111,"Making appropriations for military construction, the Department of Veterans Affairs, and related agencies for the fiscal year ending September 30, 2011, and for other purposes",,,,true,false,
h-111-2-481,111,2010-07-28,AMENDMENT,hr-5822-111,"Making appropriations for military construction, the Department of Veterans Affairs, and related agencies for the fiscal year ending September 30, 2011, and for other purposes",,,,true,false,
h-111-2-482,111,2010-07-28,PASSAGE,hr-5822-111,"Making appropriations for military construction, the Department of Veterans Affairs, and related agencies for the fiscal year ending September 30, 2011, and for other purposes",,,,true,false,
h-111-2-483,111,2010-07-29,PASSAGE,hconres-308-111,Providing for an adjournment of the House,,,,true,false,
h-111-2-484,111,2010-07-29,PROCEDURAL,hres-1569-111,"Providing for consideration of the bill (H.R. 5850) making appropriations for the Departments of Transportation, and Housing and Urban Development, and related agencies for the fiscal year ending September 30, 2011, and for other purposes",,,,true,false,
h-111-2-485,111,2010-07-29,PASSAGE,hres-1569-111,"Providing for consideration of the bill (H.R. 5850) making appropriations for the Departments of Transportation, and Housing and Urban Development, and related agencies for the fiscal year ending September 30, 2011, and for other purposes",,,,true,false,
h-111-2-486,111,2010-07-29,PASSAGE,hres-1568-111,"Providing for consideration of the bill (H.R. 5893) to amend the Internal Revenue Code of 1986 to create jobs through increased investment in infrastructure, to eliminate loopholes which encourage companies to move operations offshore, and for other purposes",,,,true,false,
h-111-2-487,111,2010-07-29,SUSPENSION,hr-3040-111,Senior Financial Empowerment Act of 2010,,,,true,false,
h-111-2-488,111,2010-07-29,AMENDMENT,hr-5850-111,"Making appropriations for the Departments of Transportation, and Housing and Urban Development, and related agencies for the fiscal year ending September 30, 2011, and for other purposes",,,,true,false,
h-111-2-489,111,2010-07-29,AMENDMENT,hr-5850-111,"Making appropriations for the Departments of Transportation, and Housing and Urban Development, and related agencies for the fiscal year ending September 30, 2011, and for other purposes",,,,true,false,
h-111-2-490,111,2010-07-29,AMENDMENT,hr-5850-111,"Making appropriations for the Departments of Transportation, and Housing and Urban Development, and related agencies for the fiscal year ending September 30, 2011, and for other purposes",,,,true,false,
h-111-2-491,111,2010-07-29,SUSPENSION,hr-847-111,James Zadroga 9/11 Health and Compensation Act,,,,true,false,
h-111-2-492,111,2010-07-29,AMENDMENT,hr-5850-111,"Making appropriations for the Departments of Transportation, and Housing and Urban Development, and related agencies for the fiscal year ending September 30, 2011, and for other purposes",,,,true,false,
h-111-2-493,111,2010-07-29,AMENDMENT,hr-5850-111,"Making appropriations for the Departments of Transportation, and Housing and Urban Development, and related agencies for the fiscal year ending September 30, 2011, and for other purposes",,,,true,false,
h-111-2-494,111,2010-07-29,AMENDMENT,hr-5850-111,"Making appropriations for the Departments of Transportation, and Housing and Urban Development, and related agencies for the fiscal year ending September 30, 2011, and for other purposes",,,,true,false,
h-111-2-495,111,2010-07-29,AMENDMENT,hr-5850-111,"Making appropriations for the Departments of Transportation, and Housing and Urban Development, and related agencies for the fiscal year ending September 30, 2011, and for other purposes",,,,true,false,
h-111-2-496,111,2010-07-29,AMENDMENT,hr-5850-111,"Making appropriations for the Departments of Transportation, and Housing and Urban Development, and related agencies for the fiscal year ending September 30, 2011, and for other purposes",,,,true,false,
h-111-2-497,111,2010-07-29,AMENDMENT,hr-5850-111,"Making appropriations for the Departments of Transportation, and Housing and Urban Development, and related agencies for the fiscal year ending September 30, 2011, and for other purposes",,,,true,false,
h-111-2-498,111,2010-07-29,AMENDMENT,hr-5850-111,"Making appropriations for the Departments of Transportation, and Housing and Urban Development, and related agencies for the fiscal year ending September 30, 2011, and for other purposes",,,,true,false,
h-111-2-499,111,2010-07-29,PASSAGE,hr-5850-111,"Making appropriations for the Departments of Transportation, and Housing and Urban Development, and related agencies for the fiscal year ending September 30, 2011, and for other purposes",,,,true,false,
h-111-2-500,111,2010-07-30,PASSAGE,hres-1574-111,"Providing for consideration of (H.R. 3534) the Consolidated Land, Energy, and Aquatic Resources Act and providing for consideration of (H.R. 5851) the Offshore Oil and Gas Worker Whistleblower Protection Act",,,,true,false,
h-111-2-501,111,2010-07-30,SUSPENSION,hres-1558-111,"Expessing the sense of the House of Representatives that fruit and vegatable and commodity producers are encouraged to display the American flag on labels of products grown in the United States, reminding us all to take pride in the healthy bounty produced by American farmers and workers",,,,true,false,
h-111-2-502,111,2010-07-30,SUSPENSION,hr-5901-111,Real Estate Jobs and Investment Act of 2010,,,,true,false,
h-111-2-503,111,2010-07-30,SUSPENSION,hres-1566-111,Recognizing the 50th anniversary of the Student Nonviolent Coordinating Committee (SNCC) and the pioneering of college students whose determination and nonviolent resistance led to the desegregation of lunch counters and places of public accommodation over a 5-year period,,,,true,false,
h-111-2-504,111,2010-07-30,SUSPENSION,hr-5414-111,"To provide for the conveyance of a small parcel of National Forest System land in the Frances Marion National Forest in South Carolina, and for other purposes",,,,true,false,
h-111-2-505,111,2010-07-30,MOTION_TO_RECOMMIT,hr-5851-111,Offshore Oil and Gas Worker Whistleblower Protection Act of 2010,,,,true,false,
h-111-2-506,111,2010-07-30,PASSAGE,hr-5851-111,Offshore Oil and Gas Worker Whistleblower Protection Act of 2010,,,,true,false,
h-111-2-507,111,2010-07-30,AMENDMENT,hr-3534-111,"Consolidated Land, Energy, and Aquatic Resources Act of 2010",,,,true,false,
h-111-2-508,111,2010-07-30,AMENDMENT,hr-3534-111,"Consolidated Land, Energy, and Aquatic Resources Act of 2010",,,,true,false,
h-111-2-509,111,2010-07-30,AMENDMENT,hr-3534-111,"Consolidated Land, Energy, and Aquatic Resources Act of 2010",,,,true,false,
h-111-2-510,111,2010-07-30,AMENDMENT,hr-3534-111,"Consolidated Land, Energy, and Aquatic Resources Act of 2010",,,,true,false,
h-111-2-511,111,2010-07-30,AMENDMENT,hr-3534-111,"Consolidated Land, Energy, and Aquatic Resources Act of 2010",,,,true,false,
h-111-2-512,111,2010-07-30,MOTION_TO_RECOMMIT,hr-3534-111,"Consolidated Land, Energy, and Aquatic Resources Act of 2010",,,,true,false,
h-111-2-513,111,2010-07-30,PASSAGE,hr-3534-111,"Consolidated Land, Energy, and Aquatic Resources Act of 2010",,,,true,false,
h-111-2-514,111,2010-07-30,SUSPENSION,hr-5982-111,"To amend the Internal Revenue Code of 1986 to repeal the expansion of certain information reporting requirements to corporations and to payments for property, to eliminate loopholes which encourage companies to move operations offshore, and for other purposes",,,,true,false,
h-111-2-515,111,2010-08-10,PROCEDURAL,,,,,,true,false,
h-111-2-516,111,2010-08-10,PROCEDURAL,hres-1606-111,"Providing for consideration of the Senate amendment to the House amendment to the Senate amendment to H.R. 1586, to modernize the air traffic control system, improve the safety, reliability, and availability of transportation by air in the United States, provide for modernization of the air traffic control system, etc.",,,,true,false,
h-111-2-517,111,2010-08-10,PASSAGE,hres-1606-111,"Providing for consideration of the Senate amendment to the House amendment to the Senate amendment to H.R. 1586, to modernize the air traffic control system, improve the safety, reliability, and availability of transportation by air in the United States, provide for modernization of the air traffic control system, etc.",,,,true,false,
h-111-2-518,111,2010-08-10,AMENDMENT,hr-1586-111,"To modernize the air traffic control system, improve the safety, reliability, and availability of transportation by air in the United States, provide for modernization of the air traffic control system, reauthorize the Federal Aviation Administration, and for other purposes.",,,,true,false,
h-111-2-519,111,2010-09-14,SUSPENSION,hres-1052-111,"Honoring the members of the Army National Guard and Air National Guard of the State of Oklahoma for their service and sacrifice on behalf of the United States since September 11, 2001",,,,true,false,
h-111-2-520,111,2010-09-14,SUSPENSION,hres-1571-111,Acknowledging and congratulating Miami Dade College on the occasion of its 50th anniversary of service to the students and residents of the State of Florida,,,,true,false,
h-111-2-521,111,2010-09-15,SUSPENSION,hr-2039-111,Congressional Made in America Promise Act of 2010,,,FEDERAL_CONTRACTING,true,false,
h-111-2-522,111,2010-09-15,SUSPENSION,hr-5873-111,Captain Rhett W. Schiller Post Office,,,,true,false,
h-111-2-523,111,2010-09-15,SUSPENSION,hres-1522-111,Expressing support for designation of the last week of September as National Hereditary Breast and Ovarian Cancer Week and the last Wednesday of September as National Previvor Day,,,,true,false,
h-111-2-524,111,2010-09-15,SUSPENSION,hr-5366-111,Overseas Contractor Reform Act,,,,true,false,
h-111-2-525,111,2010-09-15,SUSPENSION,hres-1610-111,"Expressing the sense of the House of Representatives regarding the terrorist attacks launched against the United States on September 11, 2001",,,,true,false,
h-111-2-526,111,2010-09-16,PROCEDURAL,hres-1620-111,"Providing for consideration of H.R. 4785, the Rural Energy Savings Program Act",,,,true,false,
h-111-2-527,111,2010-09-16,PASSAGE,hres-1620-111,"Providing for consideration of H.R. 4785, the Rural Energy Savings Program Act",,,,true,false,
h-111-2-528,111,2010-09-16,SUSPENSION,hr-3562-111,"To designate the Federal building under construction at 1220 Echelon Parkway in Jackson, Mississippi, as the “Chaney, Goodman, Schwerner Federal Building”",,,,true,false,
h-111-2-529,111,2010-09-16,AMENDMENT,hr-4785-111,Rural Energy Savings Program Act,,,,true,false,
h-111-2-530,111,2010-09-16,PASSAGE,hr-4785-111,Rural Energy Savings Program Act,,,,true,false,
h-111-2-531,111,2010-09-16,SUSPENSION,hres-1613-111,"Expressing condolences to and solidarity with the people of Pakistan in the aftermath of the devastating floods that began on July 22, 2010",,,,true,false,
h-111-2-532,111,2010-09-22,SUSPENSION,hr-5131-111,Coltsville National Historical Park Act,,,,true,false,
h-111-2-533,111,2010-09-22,SUSPENSION,hr-3470-111,Nationally Enhancing the Wellbeing of Babies through Outreach and Research Now Act,,,,true,false,
h-111-2-534,111,2010-09-23,PROCEDURAL,,,,,,true,false,
h-111-2-535,111,2010-09-23,PROCEDURAL,hres-1640-111,Providing for consideration of the Senate amendment to the bill (H.R. 5297) to create the Small Business Lending Fund Program and to amend the Internal Revenue Code of 1986 to provide tax incentives for small business job creation,,,ACCESS_TO_CAPITAL,true,false,
h-111-2-536,111,2010-09-23,PASSAGE,hres-1640-111,Providing for consideration of the Senate amendment to the bill (H.R. 5297) to create the Small Business Lending Fund Program and to amend the Internal Revenue Code of 1986 to provide tax incentives for small business job creation,,,ACCESS_TO_CAPITAL,true,false,
h-111-2-537,111,2010-09-23,SUSPENSION,hr-5110-111,Casa Grande Ruins National Monument Boundary Modification Act of 2010,,,,true,false,
h-111-2-538,111,2010-09-23,SUSPENSION,hr-4823-111,Sedona-Red Rock National Scenic Area Act of 2010,,,,true,false,
h-111-2-539,111,2010-09-23,AMENDMENT,hr-5297-111,Small Business Lending Fund Act of 2010,,,ACCESS_TO_CAPITAL,true,false,
h-111-2-540,111,2010-09-23,SUSPENSION,hr-5307-111,Ultralight Smuggling Prevention Act,,,,true,false,
h-111-2-541,111,2010-09-23,SUSPENSION,hr-5756-111,Training and Research for Autism Improvements Nationwide Act,,,,true,false,
h-111-2-542,111,2010-09-23,SUSPENSION,hr-3199-111,Emergency Medic Transition Act of 2010,,,,true,false,
h-111-2-543,111,2010-09-23,SUSPENSION,hr-1745-111,Family Health Care Accessibility Act of 2010,,,,true,false,
h-111-2-544,111,2010-09-23,SUSPENSION,hr-5710-111,National All Schedules Prescription Electronic Reporting Reauthorization Act of 2010,,,,true,false,
h-111-2-545,111,2010-09-29,PROCEDURAL,,,,,,true,false,
h-111-2-546,111,2010-09-29,PASSAGE,hconres-321-111,Adjournment Resolution,,,,true,false,
h-111-2-547,111,2010-09-29,PROCEDURAL,hres-1674-111,"Providing for consideration of H.R. 847, “James Zadroga 9/11 Health and Compensation Act of 2010”, H.R. 2378, “Currency Reform for Fair Trade Act”, and the Senate Amendment to H.R. 2701, “Intelligence Authorization Act for Fiscal Year 2010”",,,,true,false,
h-111-2-548,111,2010-09-29,PASSAGE,hres-1674-111,"Providing for consideration of H.R. 847, “James Zadroga 9/11 Health and Compensation Act of 2010”, H.R. 2378, “Currency Reform for Fair Trade Act”, and the Senate Amendment to H.R. 2701, “Intelligence Authorization Act for Fiscal Year 2010”",,,,true,false,
h-111-2-549,111,2010-09-29,MOTION_TO_RECOMMIT,hr-847-111,James Zadroga 9/11 Health and Compensation Act,,,,true,false,
h-111-2-550,111,2010-09-29,PASSAGE,hr-847-111,James Zadroga 9/11 Health and Compensation Act,,,,true,false,
h-111-2-551,111,2010-09-29,SUSPENSION,hr-3685-111,To require the Secretary of Veterans Affairs to include on the main page of the Internet website of the Department of Veterans Affairs a hyperlink to the VetSuccess Internet website and to publicize such Internet website,,,,true,false,
h-111-2-552,111,2010-09-29,SUSPENSION,hr-5993-111,Securing America’s Veterans Insurance Needs and Goals Act of 2010,,,,true,false,
h-111-2-553,111,2010-09-29,SUSPENSION,hres-1326-111,Calling on the Government of Japan to immediately address the growing problem of abduction to and retention of United States citizen minor children in Japan,,,,true,false,
h-111-2-554,111,2010-09-29,PASSAGE,hr-2378-111,Currency Reform for Fair Trade Act,,,,true,false,
h-111-2-555,111,2010-09-29,SUSPENSION,hr-6160-111,Rare Earths and Critical Materials Revitalization Act,,,,true,false,
h-111-2-556,111,2010-09-29,SUSPENSION,hr-4072-111,To require that certain Federal job training and career education programs give priority to programs that provide a national industry-recognized and portable credential,,,,true,false,
h-111-2-557,111,2010-09-29,SUSPENSION,hr-3421-111,Medical Debt Relief Act,,,,true,false,
h-111-2-558,111,2010-09-29,AMENDMENT,hr-2701-111,Intelligence Authorization Act for Fiscal Year 2010,,,,true,false,
h-111-2-559,111,2010-09-29,PROCEDURAL,hres-1682-111,"Providing for consideration of the Senate amendments to the bill (H.R. 3081) making appropriations for the Department of State, foreign operations, and related programs for the fiscal year ending September 30, 2010, and for other purposes",,,,true,false,
h-111-2-560,111,2010-09-29,PASSAGE,hres-1682-111,"Providing for consideration of the Senate amendments to the bill (H.R. 3081) making appropriations for the Department of State, foreign operations, and related programs for the fiscal year ending September 30, 2010, and for other purposes",,,,true,false,
h-111-2-561,111,2010-09-29,SUSPENSION,s-3729-111,To authorize the programs of the National Aeronautics and Space Administration for fiscal years 2011 through 2013,,,,true,false,
h-111-2-562,111,2010-09-29,SUSPENSION,hr-946-111,Plain Writing Act of 2010,,,,true,false,
h-111-2-563,111,2010-09-29,SUSPENSION,hr-512-111,To amend the Federal Election Campaign Act of 1971 to prohibit certain State election administration officials from actively participating in electoral campaigns,,,,true,false,
h-111-2-564,111,2010-09-30,AMENDMENT,hr-3081-111,"Making appropriations for the Department of State, foreign operations, and related programs for the fiscal year ending September 30, 2010, and for other purposes",,,,true,false,
h-111-2-565,111,2010-09-30,SUSPENSION,hr-3940-111,To amend Public Law 96-597 to clarify the authority of the Secretary of the Interior to extend grants and other assistance to facilitate political status public education programs for the peoples of the non-self governing territories of the United States,,,,true,false,
h-111-2-566,111,2010-11-15,SUSPENSION,s-3689-111,"To clarify, improve, and correct the laws relating to copyrights",,,,true,false,
h-111-2-567,111,2010-11-15,SUSPENSION,hres-1713-111,Recognizing the 50th anniversary of Ruby Bridges desegregating a previously all-White public elementary school,,,,true,false,
h-111-2-568,111,2010-11-15,SUSPENSION,hconres-328-111,Expressing the sense of the Congress regarding the successful and substantial contributions of the amendments to the patent and trademark laws that were initially enacted in 1980 by Public Law 96-517 (commonly referred to as the “Bayh-Dole Act”) on the occassion of the 30th anniversary of its enactment,,,,true,false,
h-111-2-569,111,2010-11-16,SUSPENSION,hres-716-111,Recognizing Gail Abarbanel and the Rape Treatment Center,,,,true,false,
h-111-2-570,111,2010-11-16,SUSPENSION,hres-1475-111,"Congratulates the town of Tarboro, North Carolina, on the occasion of its 250th anniversary",,,,true,false,
h-111-2-571,111,2010-11-16,SUSPENSION,hres-1428-111,Recognizing Brooklyn Botanic Garden on its 100th anniversary as the preeminent horticultural attraction in the borough of Brooklyn and its longstanding commitment to environmental stewardship and education for the city,,,,true,false,
h-111-2-572,111,2010-11-17,PASSAGE,hconres-332-111,Adjournment Resolution,,,,true,false,
h-111-2-573,111,2010-11-17,PASSAGE,hr-3808-111,To require any Federal or State court to recognize any notarization made by a notary public licensed by a State other than the State where the court is located when such notarization occurs in or affects interstate commerce,,,,true,false,
h-111-2-574,111,2010-11-17,SUSPENSION,hr-5758-111,"To designate the facility of the United States Postal Service located at 2 Government Center in Fall River, Massachusetts, as the “Sergeant Robert Barrett Post Office Building”",,,,true,false,
h-111-2-575,111,2010-11-17,SUSPENSION,hres-1715-111,Congratulating Joe Paterno on his 400th win as Penn State Nittany Lions football coach,,,,true,false,
h-111-2-576,111,2010-11-18,PROCEDURAL,hres-1721-111,"Providing for the Consideration of the Senate amendment to H.R. 1722, the Telework Enhancement Act",,,,true,false,
h-111-2-577,111,2010-11-18,PASSAGE,hres-1721-111,"Providing for the Consideration of the Senate amendment to H.R. 1722, the Telework Enhancement Act",,,,true,false,
h-111-2-578,111,2010-11-18,AMENDMENT,hr-1722-111,Telework Improvements Act,,,,true,false,
h-111-2-579,111,2010-11-18,SUSPENSION,hr-6419-111,Emergency Unemployment Compensation Continuation Act,,,WORKFORCE,true,false,
h-111-2-580,111,2010-11-18,SUSPENSION,s-3774-111,To extend the deadline for Social Services Block Grant expenditures of supplemental funds appropriated following disasters occurring in 2008,,,,true,false,
h-111-2-581,111,2010-11-29,SUSPENSION,hr-5877-111,"To designate the facility of the United States Postal Service located at 655 Centre Street in Jamaica Plain, Massachusetts, as the “Lance Corporal Alexander Scott Arredondo, United States Marine Corps Post Office Building”",,,,true,false,
h-111-2-582,111,2010-11-29,SUSPENSION,hres-771-111,Supporting the goals and ideals of a National Mesothelioma Awareness Day,,,,true,false,
h-111-2-583,111,2010-11-30,PASSAGE,hres-1736-111,"Providing for consideration of the Senate amendments to the bill (H.R. 4783) to accelerate the income tax benefits for charitable cash contributions for the relief of victims of the earthquake in Chile, and to extend the period from which such contributions for the relief of victims of the earthquake in Haiti may be ac",,,,true,false,
h-111-2-584,111,2010-11-30,AMENDMENT,hr-4783-111,"To accelerate the income tax benefits for charitable cash contributions for the relief of victims of the earthquake in Chile, and to extend the period from which such contributions for the relief of victims of the earthquake in Haiti may be accelerated.",,,,true,false,
h-111-2-585,111,2010-11-30,SUSPENSION,hres-1585-111,"Honoring and recognizing the exemplary service and sacrifice of the 60th Air Mobility Wing, the 349th Air Mobility Wing, the 15th Expeditionary Mobility Task Force, and the 615th Contingency Response Wing civilians and families serving at Travis Air Force Base, California",,,,true,false,
h-111-2-586,111,2010-11-30,SUSPENSION,hres-1740-111,Recognizing and honoring the National Guard on the occasion of its 374th anniversary,,,,true,false,
h-111-2-587,111,2010-12-01,PROCEDURAL,hres-1742-111,"Providing for consideration of S. 3307, the Healthy, Hunger-Free Kids Act",,,,true,false,
h-111-2-588,111,2010-12-01,PASSAGE,hres-1742-111,"Providing for consideration of S. 3307, the Healthy, Hunger-Free Kids Act",,,,true,false,
h-111-2-589,111,2010-12-01,PASSAGE,hres-1741-111,"Providing for consideration of H.J.Res. 101, Making further continuing appropriations for fiscal year 2011, and for other purposes",,,,true,false,
h-111-2-590,111,2010-12-01,SUSPENSION,hconres-323-111,"Supporting the goal of ensuring that all Holocaust survivors in the United States are able to live with dignity, comfort, and security in their remaining years",,,,true,false,
h-111-2-591,111,2010-12-01,SUSPENSION,hres-1735-111,"Condemning North Korea in the strongest terms for its uprovoked military attack against South Korea on November 23, 2010",,,,true,false,
h-111-2-592,111,2010-12-01,SUSPENSION,hres-1430-111,Honoring and saluting golf legend Juan Antonio “Chi Chi” Rodriguez for his commitment to Latino youth programs of the Congressional Hispanic Caucus Institute,,,,true,false,
h-111-2-593,111,2010-12-01,PASSAGE,hjres-101-111,"Making further continuing appropriations for fiscal year 2011, and for other purposes",,,,true,false,
h-111-2-594,111,2010-12-01,SUSPENSION,hres-1217-111,Honoring Fort Drum’s soldiers of the 10th Mountain Division for their past and continuing contributions to the security of the United States,,,,true,false,
h-111-2-595,111,2010-12-01,SUSPENSION,hres-1724-111,"Commending the City of Jacksonville, Arkansas, for its outstanding support in creating a unique and lasting partnership with Little Rock Air Force Base, members of the Armed Forces stationed there and their families, and the Air Force",,,,true,false,
h-111-2-596,111,2010-12-02,PROCEDURAL,hres-1745-111,"Providing for consideration of the Senate amendment to the bill (H.R. 4853) to amend the Internal Revenue Code of 1986 to extend the funding & expenditure authority of the Airport and Airway Trust Fund, to amend title 49, United States Code, to extend authorizations for the airport improvement program",,,,true,false,
h-111-2-597,111,2010-12-02,PASSAGE,hres-1745-111,"Providing for consideration of the Senate amendment to the bill (H.R. 4853) to amend the Internal Revenue Code of 1986 to extend the funding & expenditure authority of the Airport and Airway Trust Fund, to amend title 49, United States Code, to extend authorizations for the airport improvement program",,,,true,false,
h-111-2-598,111,2010-12-02,SUSPENSION,hres-1638-111,Supporting the goals and ideals of National GEAR UP Day,,,,true,false,
h-111-2-599,111,2010-12-02,SUSPENSION,hres-1598-111,Expressing support for the designation of the month of October as National Work and Family Month,,,,true,false,
h-111-2-600,111,2010-12-02,SUSPENSION,hres-1576-111,Expressing the sense of the House of Representatives that a National Day of Recognition for Parents of Children with Special Needs should be established,,,,true,false,
h-111-2-601,111,2010-12-02,SUSPENSION,hr-6469-111,To amend section 17 of the Richard B. Russell National School Lunch Act to include a condition of receipt of funds under the child and adult care food program,,,,true,false,
h-111-2-602,111,2010-12-02,MOTION_TO_RECOMMIT,s-3307-111,"Healthy, Hunger-Free Kids Act of 2010",,,,true,false,
h-111-2-603,111,2010-12-02,PASSAGE,s-3307-111,"Healthy, Hunger-Free Kids Act of 2010",,,,true,false,
h-111-2-604,111,2010-12-02,AMENDMENT,hr-4853-111,"Airport and Airway Extension Act of 2010, Part III",,,,true,false,
h-111-2-605,111,2010-12-02,SUSPENSION,hres-1313-111,"Expressing support for designation of May as “Child Advocacy Center Month” and commending the National Child Advocacy Center in Huntsville, Alabama, on their 25th anniversary in 2010",,,,true,false,
h-111-2-606,111,2010-12-02,AMENDMENT,hres-1737-111,In the matter of Representative Charles B. Rangel of New York,,,,true,false,
h-111-2-607,111,2010-12-02,PASSAGE,hres-1737-111,In the matter of Representative Charles B. Rangel of New York,,,,true,false,
h-111-2-608,111,2010-12-07,SUSPENSION,hr-6400-111,"To designate the facility of the United States Postal Service located at 111 North 6th Street in St. Louis, Missouri as the “Earl Wilson, Jr. Post Office”",,,,true,false,
h-111-2-609,111,2010-12-07,SUSPENSION,hres-1642-111,"Recognizing the centennial of the City of Lilburn, Georgia, and supporting the goals and ideals of a City Lilburn Day",,,,true,false,
h-111-2-610,111,2010-12-07,SUSPENSION,hres-1264-111,Expressing support for the designation of March as National Essential Tremor Awareness Month,,,,true,false,
h-111-2-611,111,2010-12-08,SUSPENSION,hr-5987-111,Seniors Protection Act of 2010,,,,true,false,
h-111-2-612,111,2010-12-08,SUSPENSION,hres-1717-111,Congratulating imprisoned Chinese democracy advocate Liu Xiaobo on the award of the 2010 Nobel Peace Prize,,,,true,false,
h-111-2-613,111,2010-12-08,SUSPENSION,hres-1540-111,Supporting the goal of eradicating illicit marijuana cultivation on Federal lands and calling on the Director of the Office of National Drug Control Policy to develop a coordinated strategy to permanently dismantle Mexican drug trafficking organizations operating on Federal lands,,,,true,false,
h-111-2-614,111,2010-12-08,SUSPENSION,hres-1531-111,Expressing support for designation of 2011 as “World Veterinary Year” to bring attention to and show appreciation for the veterinary profession on its 250th anniversary,,,,true,false,
h-111-2-615,111,2010-12-08,PASSAGE,hres-1752-111,"Waiving a requirement of clause 6(a) of rule XIII with respect to consideration of certain resolutions reported from the Committee on Rules, and providing for consideration of motions to suspend the rules",,,,true,false,
h-111-2-616,111,2010-12-08,SUSPENSION,hr-6495-111,Robert C. Byrd Mine Safety Protection Act of 2010,,,,true,false,
h-111-2-617,111,2010-12-08,SUSPENSION,hres-1402-111,"Recognizing the 50th anniversary of the National Council for International Visitors, and expressing support for designation of February 16, 2011, as “Citizen Diplomacy Day”",,,,true,false,
h-111-2-618,111,2010-12-08,SUSPENSION,hres-1704-111,Honoring the 2500th anniversary of the Battle of Marathon,,,,true,false,
h-111-2-619,111,2010-12-08,PASSAGE,hres-1755-111,"Providing for consideration of H.R. 3082, making appropriations for military construction, the Department of Veterans Affairs, and related agencies for the fiscal year ending September 30, 2010, and for other purposes",,,,true,false,
h-111-2-620,111,2010-12-08,SUSPENSION,hr-4501-111,Guarantee of a Legitimate Deal Act of 2010,,,,true,false,
h-111-2-621,111,2010-12-08,SUSPENSION,hres-1746-111,Recognizing and supporting the efforts of Welcome Back Veterans to augment the services provided by the Departments of Defense and Veterans’ Affairs in providing timely and world-class care for veterans and members of the Armed Forces suffering from PTSD and related psychiatric disorders,,,,true,false,
h-111-2-622,111,2010-12-08,AMENDMENT,hr-3082-111,"Making appropriations for military construction, the Department of Veterans Affairs, and related agencies for the fiscal year ending September 30, 2010, and for other purposes",,,,true,false,
h-111-2-623,111,2010-12-08,PASSAGE,hres-1756-111,"Providing for consideration of the Senate amendments to the bill (H.R. 5281) to amend title 28, United States Code, to clarify and improve certain provisions relating to the removal of litigation against Federal officers or agencies to Federal courts, and for other pusposes",,,,true,false,
h-111-2-624,111,2010-12-08,SUSPENSION,s-3998-111,To extend the Child Safety Pilot Program,,,,true,false,
h-111-2-625,111,2010-12-08,AMENDMENT,hr-5281-111,"To amend title 28, United States Code, to clarify and improve certain provisions relating to the removal of litigation against Federal officers or agencies to Federal courts, and for other purposes",,,,true,false,
h-111-2-626,111,2010-12-09,SUSPENSION,hr-4994-111,Medicare and Medicaid Extenders Act,,,HEALTH_COSTS,true,false,
h-111-2-627,111,2010-12-09,SUSPENSION,hr-6412-111,Access to Criminal History Records for State Sentencing Commissions Act of 2010,,,,true,false,
h-111-2-628,111,2010-12-14,SUSPENSION,s-1405-111,Longfellow House-Washington’s Headquarters National Historic Site Designation Act,,,,true,false,
h-111-2-629,111,2010-12-14,SUSPENSION,s-3167-111,Census Oversight Efficiency and Management Reform Act of 2010,,,,true,false,
h-111-2-630,111,2010-12-14,SUSPENSION,hr-6510-111,"To direct the Administrator of General Services to convey a parcel of real property in Houston, Texas, to the Military Museum of Texas, and for other purposes",,,,true,false,
h-111-2-631,111,2010-12-15,SUSPENSION,hr-5446-111,“Harry T. and Harriette Moore Post Office”,,,,true,false,
h-111-2-632,111,2010-12-15,SUSPENSION,hres-1759-111,Expressing support for designation of January 23rd as “Ed Roberts Day”,,,,true,false,
h-111-2-633,111,2010-12-15,SUSPENSION,sconres-72-111,Recognizing the 45th anniversary of the White House Fellows Program,,,,true,false,
h-111-2-634,111,2010-12-15,SUSPENSION,hr-6205-111,“Private Isaac T. Cortes Post Office”,,,,true,false,
h-111-2-635,111,2010-12-15,PASSAGE,hres-1764-111,Providing for consideration of the Senate amendment to H.R. 2965,,,,true,false,
h-111-2-636,111,2010-12-15,SUSPENSION,hres-1761-111,"Congratulating Auburn University quarterback and College Park, Georgia, native Cameron Newton on winning the 2010 Heisman Trophy for being the most outstanding college football player in the United States",,,,true,false,
h-111-2-637,111,2010-12-15,SUSPENSION,hres-1743-111,Congratulating Gerda Weissmann Klein on being selected to receive the Presidential Medal of Freedom,,,,true,false,
h-111-2-638,111,2010-12-15,AMENDMENT,hr-2965-111,"Don’t Ask, Don’t Tell Repeal Act of 2010",,,,true,false,
h-111-2-639,111,2010-12-16,PROCEDURAL,,,,,,true,false,
h-111-2-640,111,2010-12-16,SUSPENSION,s-841-111,Pedestrian Safety Enhancement Act of 2010,,,,true,false,
h-111-2-641,111,2010-12-16,SUSPENSION,s-3860-111,To require reports on the management of Arlington National Cemetery.,,,,true,false,
h-111-2-642,111,2010-12-16,SUSPENSION,s-3447-111,"To amend title 38, United States Code, to improve educational assistance for veterans who served in the Armed Forces after September 11, 2001, and for other purposes.",,,,true,false,
h-111-2-643,111,2010-12-16,AMENDMENT,hres-1766-111,Providing for consideration of the Senate amendment to the House amendment to the Senate amendment to the bill (H.R. 4853) to amend the Internal Revenue Code of 1986 to extend the funding and expenditure authority of the Airport and Airway Trust Fund,,,,true,false,
h-111-2-644,111,2010-12-16,PASSAGE,hres-1766-111,Providing for consideration of the Senate amendment to the House amendment to the Senate amendment to the bill (H.R. 4853) to amend the Internal Revenue Code of 1986 to extend the funding and expenditure authority of the Airport and Airway Trust Fund,,,,true,false,
h-111-2-645,111,2010-12-16,SUSPENSION,s-987-111,"To protect girls in developing countries through the prevention of child marriage, and for other purposes.",,,,true,false,
h-111-2-646,111,2010-12-16,AMENDMENT,hr-4853-111,"Airport and Airway Extension Act of 2010, Part III",,,,true,false,
h-111-2-647,111,2010-12-17,PROCEDURAL,hr-4853-111,"Airport and Airway Extension Act of 2010, Part III",,,,true,false,
h-111-2-648,111,2010-12-17,SUSPENSION,hres-1377-111,"Honoring the accomplishments of Norman Yoshino Mineta, and for other purposes",,,,true,false,
h-111-2-649,111,2010-12-17,SUSPENSION,hr-1107-111,"An act to enact certain laws relating to public contracts as title 41, United States Code, “Public Contracts”",,,,true,false,
h-111-2-650,111,2010-12-17,SUSPENSION,hr-6523-111,Ike Skelton National Defense Authorization Act for Fiscal Year 2011,,,,true,false,
h-111-2-651,111,2010-12-17,SUSPENSION,hr-628-111,An act to establish a pilot program in certain United States district courts to encourage enhancement of expertise in patent cases among district judges,,,,true,false,
h-111-2-652,111,2010-12-17,PASSAGE,hconres-336-111,Providing for the sine die adjournment of the second session of the One Hundred Eleventh Congress,,,,true,false,
h-111-2-653,111,2010-12-17,PASSAGE,hres-1776-111,"Providing for consideration of the joint resolution (H.J.Res. 105) making further continuing appropriations for fiscal year 2011, and for other purposes",,,,true,false,
h-111-2-654,111,2010-12-17,SUSPENSION,hr-2142-111,GPRA Modernization Act of 2010,,,,true,false,
h-111-2-655,111,2010-12-17,SUSPENSION,hr-5510-111,Aiding Those Facing Foreclosure Act of 2010,,,,true,false,
h-111-2-656,111,2010-12-17,SUSPENSION,s-3874-111,Reduction of Lead in Drinking Water Act,,,,true,false,
h-111-2-657,111,2010-12-21,PASSAGE,hres-1771-111,"Waiving a requirement of clause 6(a) of rule XIII with respect to consideration of certain resolutions reported from the Committee on Rules, and providing for consideration of motions to suspend the rules",,,,true,false,
h-111-2-658,111,2010-12-21,SUSPENSION,hr-6540-111,Defense Level Playing Field Act,,,,true,false,
h-111-2-659,111,2010-12-21,AMENDMENT,hr-5116-111,America COMPETES Reauthorization Act,,,,true,false,
h-111-2-660,111,2010-12-21,AMENDMENT,hr-2142-111,GPRA Modernization Act of 2010,,,,true,false,
h-111-2-661,111,2010-12-21,AMENDMENT,hr-2751-111,FDA Food Safety Modernization Act,,,,true,false,
h-111-2-662,111,2010-12-21,AMENDMENT,hr-3082-111,"Making appropriations for military construction, the Department of Veterans Affairs, and related agencies for the fiscal year ending September 30, 2010, and for other purposes",,,,true,false,
h-111-2-663,111,2010-12-21,SUSPENSION,hr-6547-111,Protecting Students from Sexual and Violent Predators Act,,,,true,false,
h-111-2-664,111,2010-12-22,AMENDMENT,hr-847-111,James Zadroga 9/11 Health and Compensation Act,,,,true,false,
h-116-1-1,116,2019-01-03,PROCEDURAL,,,,,,true,false,
h-116-1-10,116,2019-01-03,MOTION_TO_RECOMMIT,hr-21-116,"Making appropriations for the fiscal year ending September 30, 2019, and for other purposes",,,,true,false,
h-116-1-11,116,2019-01-03,PASSAGE,hr-21-116,"Making appropriations for the fiscal year ending September 30, 2019, and for other purposes",,,,true,false,
h-116-1-3,116,2019-01-03,PROCEDURAL,hres-5-116,"Providing for consideration of H.Res. 6, adopting the Rules of the House of Representatives for the 116th Congress; H.R. 21, making appropriations for the FY ending September 30, 2019; H.J.Res. 1, making further continuing appropriations for the Department of Homeland Security for FY 2019, and for other purposes",,,,true,false,
h-116-1-4,116,2019-01-03,PROCEDURAL,hres-5-116,"Providing for consideration of H.Res. 6, adopting the Rules of the House of Representatives for the 116th Congress; H.R. 21, making appropriations for the FY ending September 30, 2019; H.J.Res. 1, making further continuing appropriations for the Department of Homeland Security for FY 2019, and for other purposes",,,,true,false,
h-116-1-5,116,2019-01-03,PROCEDURAL,hres-5-116,"Providing for consideration of H.Res. 6, adopting the Rules of the House of Representatives for the 116th Congress; H.R. 21, making appropriations for the FY ending September 30, 2019; H.J.Res. 1, making further continuing appropriations for the Department of Homeland Security for FY 2019, and for other purposes",,,,true,false,
h-116-1-6,116,2019-01-03,PASSAGE,hres-5-116,"Providing for consideration of H.Res. 6, adopting the Rules of the House of Representatives for the 116th Congress; H.R. 21, making appropriations for the FY ending September 30, 2019; H.J.Res. 1, making further continuing appropriations for the Department of Homeland Security for FY 2019, and for other purposes",,,,true,false,
h-116-1-7,116,2019-01-03,PROCEDURAL,hres-6-116,"Adopting the Rules of the House of Representatives for the One Hundred Sixteenth Congress, and for other purposes",,,,true,false,
h-116-1-8,116,2019-01-03,MOTION_TO_RECOMMIT,hjres-1-116,"Making further continuing appropriations for the Department of Homeland Security for fiscal year 2019, and for other purposes",,,,true,false,
h-116-1-9,116,2019-01-03,PASSAGE,hjres-1-116,"Making further continuing appropriations for the Department of Homeland Security for fiscal year 2019, and for other purposes",,,,true,false,
h-116-1-12,116,2019-01-04,PROCEDURAL,hres-6-116,"Adopting the Rules of the House of Representatives for the One Hundred Sixteenth Congress, and for other purposes",,,,true,false,
h-116-1-13,116,2019-01-08,SUSPENSION,hr-269-116,Pandemic and All-Hazards Preparedness and Advancing Innovation Act,,,,true,false,
h-116-1-14,116,2019-01-08,SUSPENSION,hr-251-116,Chemical Facility Anti-Terrorism Standards Program Extension Act,,,,true,false,
h-116-1-15,116,2019-01-08,PROCEDURAL,,,,,,true,false,
h-116-1-16,116,2019-01-09,PROCEDURAL,hres-28-116,"Providing for consideration of H.R. 264, H.R. 265, H.R. 266, and H.R. 267; waiving a requirement of clause 6(a) of rule XIII with respect to consideration of certain resolutions reported from the Committee on Rules",,,,true,false,
h-116-1-17,116,2019-01-09,PASSAGE,hres-28-116,"Providing for consideration of H.R. 264, H.R. 265, H.R. 266, and H.R. 267; waiving a requirement of clause 6(a) of rule XIII with respect to consideration of certain resolutions reported from the Committee on Rules",,,,true,false,
h-116-1-18,116,2019-01-09,SUSPENSION,hr-226-116,Clarity on Small Business Participation in Category Management Act,,,,true,false,
h-116-1-19,116,2019-01-09,PROCEDURAL,hres-6-116,"Adopting the Rules of the House of Representatives for the One Hundred Sixteenth Congress, and for other purposes",,,,true,false,
h-116-1-20,116,2019-01-09,MOTION_TO_RECOMMIT,hr-264-116,"Making appropriations for financial services and general government for the fiscal year ending September 30, 2019, and for other purposes",,,,true,false,
h-116-1-21,116,2019-01-09,PASSAGE,hr-264-116,"Making appropriations for financial services and general government for the fiscal year ending September 30, 2019, and for other purposes",,,,true,false,
h-116-1-22,116,2019-01-10,MOTION_TO_RECOMMIT,hr-267-116,"Making appropriations for the Department of Transportation, and Housing and Urban Development, and related agencies for the fiscal year ending September 30, 2019, and for other purposes",,,,true,false,
h-116-1-23,116,2019-01-10,PASSAGE,hr-267-116,"Making appropriations for the Department of Transportation, and Housing and Urban Development, and related agencies for the fiscal year ending September 30, 2019, and for other purposes",,,,true,false,
h-116-1-24,116,2019-01-10,MOTION_TO_RECOMMIT,hr-265-116,"Making appropriations for Agriculture, Rural Development, Food and Drug Administration, and Related Agencies programs for the fiscal year ending September 30, 2019, and for other purposes",,,,true,false,
h-116-1-25,116,2019-01-10,PASSAGE,hr-265-116,"Making appropriations for Agriculture, Rural Development, Food and Drug Administration, and Related Agencies programs for the fiscal year ending September 30, 2019, and for other purposes",,,,true,false,
h-116-1-26,116,2019-01-11,MOTION_TO_RECOMMIT,hr-266-116,"Making appropriations for the Department of the Interior, environment, and related agencies for the fiscal year ending September 30, 2019, and for other purposes",,,,true,false,
h-116-1-27,116,2019-01-11,PASSAGE,hr-266-116,"Making appropriations for the Department of the Interior, environment, and related agencies for the fiscal year ending September 30, 2019, and for other purposes",,,,true,false,
h-116-1-28,116,2019-01-11,SUSPENSION,s-24-116,Government Employee Fair Treatment Act,,,,true,false,
h-116-1-29,116,2019-01-11,SUSPENSION,hr-221-116,Special Envoy to Monitor and Combat Anti-Semitism Act,,,,true,false,
h-116-1-30,116,2019-01-14,SUSPENSION,hr-116-116,Investing in Main Street Act,,,,true,false,
h-116-1-31,116,2019-01-15,SUSPENSION,hjres-27-116,"Making further continuing appropriations for fiscal year 2019, and for other purposes",,,,true,false,
h-116-1-32,116,2019-01-15,SUSPENSION,hres-41-116,Rejecting White nationalism and White supremacy,,,,true,false,
h-116-1-33,116,2019-01-15,SUSPENSION,hr-135-116,Federal Employee Antidiscrimination Act,,,,true,false,
h-116-1-34,116,2019-01-16,PROCEDURAL,hres-43-116,"Providing for consideration of the bill (H.R. 268) making supplemental appropriations for the fiscal year ending September 30, 2019, and for other purposes, and waiving a requirement of clause 6(a) of rule XIII with respect to consideration of certain resolutions reported from the Committee on Rules",,,,true,false,
h-116-1-35,116,2019-01-16,PASSAGE,hres-43-116,"Providing for consideration of the bill (H.R. 268) making supplemental appropriations for the fiscal year ending September 30, 2019, and for other purposes, and waiving a requirement of clause 6(a) of rule XIII with respect to consideration of certain resolutions reported from the Committee on Rules",,,,true,false,
h-116-1-36,116,2019-01-16,SUSPENSION,hr-190-116,Expanding Contracting Opportunities for Small Businesses Act,,,FEDERAL_CONTRACTING,true,false,
h-116-1-37,116,2019-01-16,AMENDMENT,hr-268-116,"Making supplemental appropriations for the fiscal year ending September 30, 2019, and for other purposes",,,,true,false,
h-116-1-38,116,2019-01-16,MOTION_TO_RECOMMIT,hr-268-116,"Making supplemental appropriations for the fiscal year ending September 30, 2019, and for other purposes",,,,true,false,
h-116-1-39,116,2019-01-16,PASSAGE,hr-268-116,"Making supplemental appropriations for the fiscal year ending September 30, 2019, and for other purposes",,,,true,false,
h-116-1-40,116,2019-01-17,PASSAGE,hres-52-116,"Providing for consideration of the joint resolution (H.J. Res. 28) making further continuing appropriations for fiscal year 2019, and for other purposes, and providing for consideration of motions to suspend the rules",,,,true,false,
h-116-1-41,116,2019-01-17,SUSPENSION,hr-150-116,Grant Reporting Efficiency and Agreements Transparency Act or GREAT Act,,,,true,false,
h-116-1-42,116,2019-01-17,SUSPENSION,hjres-30-116,Disapproving the President’s proposal to take an action relating to the application of certain sanctions with respect to the Russian Federation,,,,true,false,
h-116-1-43,116,2019-01-17,MOTION_TO_RECOMMIT,hjres-28-116,"Making further continuing appropriations for fiscal year 2019, and for other purposes",,,,true,false,
h-116-1-44,116,2019-01-22,SUSPENSION,hr-676-116,NATO Support Act,,,,true,false,
h-116-1-45,116,2019-01-22,SUSPENSION,hr-328-116,Hack Your State Department Act,,,,true,false,
h-116-1-46,116,2019-01-23,PASSAGE,hjres-28-116,"Making further continuing appropriations for fiscal year 2019, and for other purposes",,,,true,false,
h-116-1-47,116,2019-01-23,PASSAGE,hres-61-116,"Providing for consideration of the bill H.R. 648, and consideration of the joint resolution, H.J. Res. 31; providing for consideration of motions to suspend the rules; and waiving a requirement of clause 6(a) of rule XIII with respect to consideration of certain resolutions reported from the Committee on Rules",,,,true,false,
h-116-1-48,116,2019-01-23,MOTION_TO_RECOMMIT,hr-648-116,"Consolidated Appropriations Act, 2019",,,,true,false,
h-116-1-49,116,2019-01-23,PASSAGE,hr-648-116,"Consolidated Appropriations Act, 2019",,,,true,false,
h-116-1-50,116,2019-01-24,MOTION_TO_RECOMMIT,hjres-31-116,"Making further continuing appropriations for the Department of Homeland Security for fiscal year 2019, and for other purposes",,,,true,false,
h-116-1-51,116,2019-01-24,PASSAGE,hjres-31-116,"Making further continuing appropriations for the Department of Homeland Security for fiscal year 2019, and for other purposes",,,,true,false,
h-116-1-52,116,2019-01-28,SUSPENSION,hr-624-116,Promoting Transparent Standards for Corporate Insiders Act,,,,true,false,
h-116-1-53,116,2019-01-28,SUSPENSION,hr-502-116,Fight Illicit Networks and Detect Trafficing Act,,,,true,false,
h-116-1-54,116,2019-01-28,PROCEDURAL,,,,,,true,false,
h-116-1-55,116,2019-01-29,PROCEDURAL,,,,,,true,false,
h-116-1-56,116,2019-01-29,SUSPENSION,hr-428-116,Homeland Security Assessment of Terrorists’ Use of Virtual Currencies Act,,,,true,false,
h-116-1-57,116,2019-01-29,SUSPENSION,hr-449-116,Pathways to Improving Homeland Security at the Local Level Act,,,,true,false,
h-116-1-58,116,2019-01-29,SUSPENSION,hr-769-116,Counterterrorism Advisory Board Act,,,,true,false,
h-116-1-59,116,2019-01-29,PROCEDURAL,hres-77-116,Expressing the sense of Congress that financial institutions and other companies should work proactively with their customers affected by the shutdown of the Federal Government who may be facing short-term financial hardship and long-term damage to their creditworthiness through no fault of their own,,,,true,false,
h-116-1-60,116,2019-01-30,PROCEDURAL,hres-87-116,"Providing for consideration of the bill (H.R. 790) to provide for a pay increase in 2019 for certain civilian employees of the Federal Government, and for other purposes, and providing for consideration of motions to suspend the rules",,,,true,false,
h-116-1-61,116,2019-01-30,PASSAGE,hres-87-116,"Providing for consideration of the bill (H.R. 790) to provide for a pay increase in 2019 for certain civilian employees of the Federal Government, and for other purposes, and providing for consideration of motions to suspend the rules",,,,true,false,
h-116-1-62,116,2019-01-30,AMENDMENT,hr-790-116,Federal Civilian Workforce Pay Raise Fairness Act,,,,true,false,
h-116-1-63,116,2019-01-30,MOTION_TO_RECOMMIT,hr-790-116,Federal Civilian Workforce Pay Raise Fairness Act,,,,true,false,
h-116-1-64,116,2019-01-30,PASSAGE,hr-790-116,Federal Civilian Workforce Pay Raise Fairness Act,,,,true,false,
h-116-1-65,116,2019-01-30,SUSPENSION,hres-79-116,Expressing the sense of the House of Representatives that Government shutdowns are detrimental to the Nation and should not occur,,,,true,false,
h-116-1-66,116,2019-02-06,SUSPENSION,hr-831-116,Reviving America’s Scenic Byways Act,,,,true,false,
h-116-1-67,116,2019-02-06,SUSPENSION,hr-66-116,Route 66 Centennial Commission Act,,,,true,false,
h-116-1-68,116,2019-02-07,PROCEDURAL,hres-105-116,"Providing for consideration of H.R. 840, the Veterans’ Access to Child Care Act; providing for adoption of H.Res. 86, providing amounts for the expenses of the Select Committee on the Climate Crisis and the Select Committee on the Modernization of Congress; providing for consideration of motions to suspend the rules",,,WORKFORCE,true,false,
h-116-1-69,116,2019-02-07,PASSAGE,hres-105-116,"Providing for consideration of H.R. 840, the Veterans’ Access to Child Care Act; providing for adoption of H.Res. 86, providing amounts for the expenses of the Select Committee on the Climate Crisis and the Select Committee on the Modernization of Congress; providing for consideration of motions to suspend the rules",,,WORKFORCE,true,false,
h-116-1-70,116,2019-02-07,SUSPENSION,hr-450-116,Preventing Crimes Against Veterans Act of 2019,,,,true,false,
h-116-1-71,116,2019-02-07,SUSPENSION,hr-507-116,Put Trafficking Victims First Act of 2019,,,,true,false,
h-116-1-72,116,2019-02-08,AMENDMENT,hr-840-116,Veterans’ Access to Child Care Act,,,WORKFORCE,true,true,
h-116-1-73,116,2019-02-08,AMENDMENT,hr-840-116,Veterans’ Access to Child Care Act,,,WORKFORCE,true,true,
h-116-1-74,116,2019-02-08,MOTION_TO_RECOMMIT,hr-840-116,Veterans’ Access to Child Care Act,,,WORKFORCE,true,false,
h-116-1-75,116,2019-02-08,PASSAGE,hr-840-116,Veterans’ Access to Child Care Act,,,WORKFORCE,true,true,
h-116-1-76,116,2019-02-11,SUSPENSION,hr-1065-116,Social Media Use in Clearance Investigations Act,,,,true,false,
h-116-1-77,116,2019-02-11,SUSPENSION,hr-1079-116,Creating Advanced Streamlined Electronic Services for Constituents Act,,,,true,false,
h-116-1-78,116,2019-02-13,PROCEDURAL,hres-122-116,"Providing for consideration of H.J. Res.37, directing the removal of United States Armed Forces from hostilities in the Republic of Yemen that have not been authorized by Congress; waiving a requirement of clause 6(a) of rule XIII with respect to consideration of certain resolutions reported from the Committee on Rules",,,,true,false,
h-116-1-79,116,2019-02-13,PASSAGE,hres-122-116,"Providing for consideration of H.J. Res.37, directing the removal of United States Armed Forces from hostilities in the Republic of Yemen that have not been authorized by Congress; waiving a requirement of clause 6(a) of rule XIII with respect to consideration of certain resolutions reported from the Committee on Rules",,,,true,false,
h-116-1-80,116,2019-02-13,PROCEDURAL,,,,,,true,false,
h-116-1-81,116,2019-02-13,AMENDMENT,hjres-37-116,Directing the removal of United States Armed Forces from hostilities in the Republic of Yemen that have not been authorized by Congress,,,,true,false,
h-116-1-82,116,2019-02-13,MOTION_TO_RECOMMIT,hjres-37-116,Directing the removal of United States Armed Forces from hostilities in the Republic of Yemen that have not been authorized by Congress,,,,true,false,
h-116-1-83,116,2019-02-13,PASSAGE,hjres-37-116,Directing the removal of United States Armed Forces from hostilities in the Republic of Yemen that have not been authorized by Congress,,,,true,false,
h-116-1-84,116,2019-02-13,SUSPENSION,hr-995-116,Settlement Agreement Information Database Act,,,,true,false,
h-116-1-85,116,2019-02-14,PROCEDURAL,hres-131-116,"Providing for consideration of the conference report to accompany H.J. Res. 31, making further continuing appropriations for the Department of Homeland Security for fiscal year 2019, and for other purposes; providing for proceedings during the period from February 15, 2019 through February 22, 2019",,,,true,false,
h-116-1-86,116,2019-02-14,PASSAGE,hres-131-116,"Providing for consideration of the conference report to accompany H.J. Res. 31, making further continuing appropriations for the Department of Homeland Security for fiscal year 2019, and for other purposes; providing for proceedings during the period from February 15, 2019 through February 22, 2019",,,,true,false,
h-116-1-87,116,2019-02-14,PASSAGE,hjres-31-116,"Making further continuing appropriations for the Department of Homeland Security for fiscal year 2019, and for other purposes",,,,true,false,
h-116-1-88,116,2019-02-25,SUSPENSION,hr-539-116,Innovators to Entrepreneurs Act,,,ACCESS_TO_CAPITAL,true,false,
h-116-1-89,116,2019-02-25,SUSPENSION,hr-276-116,Recognizing Achievement in Classified School Employees Act,,,,true,false,
h-116-1-90,116,2019-02-26,PROCEDURAL,hres-145-116,"Providing for consideration of the bill (H.R. 8) Bipartisan Background Checks Act, and providing for consideration of the bill (H.R. 1112) Enhanced Background Checks Act",,,,true,false,
h-116-1-91,116,2019-02-26,PASSAGE,hres-145-116,"Providing for consideration of the bill (H.R. 8) Bipartisan Background Checks Act, and providing for consideration of the bill (H.R. 1112) Enhanced Background Checks Act",,,,true,false,
h-116-1-92,116,2019-02-26,PROCEDURAL,hres-144-116,"Providing for consideration of the joint resolution (H.J. Res. 46) relating to a national emergency declared by the President on February 15, 2019",,,,true,false,
h-116-1-93,116,2019-02-26,PASSAGE,hres-144-116,"Providing for consideration of the joint resolution (H.J. Res. 46) relating to a national emergency declared by the President on February 15, 2019",,,,true,false,
h-116-1-94,116,2019-02-26,PASSAGE,hjres-46-116,"Relating to a national emergency declared by the President on February 15, 2019",,,,true,false,
h-116-1-95,116,2019-02-26,SUSPENSION,s-47-116,Natural Resources Management Act,,,,true,false,
h-116-1-96,116,2019-02-27,AMENDMENT,hr-8-116,Bipartisan Background Checks Act,,,,true,false,
h-116-1-97,116,2019-02-27,AMENDMENT,hr-8-116,Bipartisan Background Checks Act,,,,true,false,
h-116-1-98,116,2019-02-27,MOTION_TO_RECOMMIT,hr-8-116,Bipartisan Background Checks Act,,,,true,false,
h-116-1-99,116,2019-02-27,PASSAGE,hr-8-116,Bipartisan Background Checks Act,,,,true,false,
h-116-1-100,116,2019-02-28,AMENDMENT,hr-1112-116,Enhanced Background Checks Act,,,,true,false,
h-116-1-101,116,2019-02-28,AMENDMENT,hr-1112-116,Enhanced Background Checks Act,,,,true,false,
h-116-1-102,116,2019-02-28,MOTION_TO_RECOMMIT,hr-1112-116,Enhanced Background Checks Act,,,,true,false,
h-116-1-103,116,2019-02-28,PASSAGE,hr-1112-116,Enhanced Background Checks Act,,,,true,false,
h-116-1-104,116,2019-03-05,SUSPENSION,hr-1381-116,Burn Pit Registry Enhancement Act,,,,true,false,
h-116-1-105,116,2019-03-05,SUSPENSION,s-49-116,"To designate the outstation of the Department of Veterans Affairs in North Ogden, Utah, as the Major Brent Taylor Vet Center Outstation",,,,true,false,
h-116-1-106,116,2019-03-06,PROCEDURAL,hres-172-116,"Providing for consideration of H.R. 1, the For the People Act of 2019; and providing for consideration of motions to suspend the rules",,,,true,false,
h-116-1-107,116,2019-03-06,PASSAGE,hres-172-116,"Providing for consideration of H.R. 1, the For the People Act of 2019; and providing for consideration of motions to suspend the rules",,,,true,false,
h-116-1-108,116,2019-03-07,SUSPENSION,hres-183-116,Condemning anti-Semitism as hateful expressions of intolerance that are contradictory to the values and aspirations that define the people of the United States and condemning anti-Muslim discrimination and bigotry against minorities as hateful expressions of intolerance that are contrary to the values and aspirations,,,,true,false,
h-116-1-109,116,2019-03-07,AMENDMENT,hr-1-116,For the People Act,,,,true,false,
h-116-1-110,116,2019-03-07,AMENDMENT,hr-1-116,For the People Act,,,,true,false,
h-116-1-111,116,2019-03-07,AMENDMENT,hr-1-116,For the People Act,,,,true,false,
h-116-1-112,116,2019-03-07,AMENDMENT,hr-1-116,For the People Act,,,,true,false,
h-116-1-113,116,2019-03-07,AMENDMENT,hr-1-116,For the People Act,,,,true,false,
h-116-1-114,116,2019-03-07,AMENDMENT,hr-1-116,For the People Act,,,,true,false,
h-116-1-115,116,2019-03-08,AMENDMENT,hr-1-116,For the People Act,,,,true,false,
h-116-1-116,116,2019-03-08,AMENDMENT,hr-1-116,For the People Act,,,,true,false,
h-116-1-117,116,2019-03-08,MOTION_TO_RECOMMIT,hr-1-116,For the People Act,,,,true,false,
h-116-1-118,116,2019-03-08,PASSAGE,hr-1-116,For the People Act,,,,true,false,
h-116-1-119,116,2019-03-11,SUSPENSION,hr-1122-116,Housing Choice Voucher Mobility Demonstration Act,,,,true,false,
h-116-1-120,116,2019-03-11,SUSPENSION,hr-758-116,Cooperate with Law Enforcement Agencies and Watch Act,,,,true,false,
h-116-1-121,116,2019-03-12,SUSPENSION,hres-156-116,Calling for accountability and justice for the assassination of Boris Nemtsov,,,,true,false,
h-116-1-122,116,2019-03-12,SUSPENSION,hr-596-116,Crimea Annexation Non-recognition Act,,,,true,false,
h-116-1-123,116,2019-03-12,SUSPENSION,hr-1654-116,Federal Register Modernization Act,,,,true,false,
h-116-1-124,116,2019-03-13,PASSAGE,hres-208-116,"Providing for consideration of H. Con. Res. 24, expressing the sense of Congress that the report of Special Counsel Mueller should be made available to the public and to Congress; providing for proceedings during the period from March 15, 2019, through March 22, 2019",,,,true,false,
h-116-1-125,116,2019-03-14,PASSAGE,hconres-24-116,Expressing the sense of Congress that the report of Special Counsel Mueller should be made available to the public and to Congress,,,,true,false,
h-116-1-126,116,2019-03-25,SUSPENSION,hr-1616-116,European Energy Security and Diversification Act,,,,true,false,
h-116-1-127,116,2019-03-26,PASSAGE,hjres-46-116,"Relating to a national emergency declared by the President on February 15, 2019",,,,true,false,
h-116-1-128,116,2019-03-26,SUSPENSION,hr-1388-116,Lytton Rancheria Homelands Act,,,,true,false,
h-116-1-129,116,2019-03-26,SUSPENSION,hr-297-116,Little Shell Tribe of Chippewa Indians Restoration Act,,,,true,false,
h-116-1-130,116,2019-03-27,PROCEDURAL,hres-252-116,"Providing for consideration of H.R. 7, the Paycheck Fairness Act; H. Res. 124, expressing opposition to banning service in the Amred Forces by openly transgender individuals",,,,true,false,
h-116-1-131,116,2019-03-27,PASSAGE,hres-252-116,"Providing for consideration of H.R. 7, the Paycheck Fairness Act; H. Res. 124, expressing opposition to banning service in the Amred Forces by openly transgender individuals",,,,true,false,
h-116-1-132,116,2019-03-27,AMENDMENT,hr-7-116,Paycheck Fairness Act,,,,true,false,
h-116-1-133,116,2019-03-27,MOTION_TO_RECOMMIT,hr-7-116,Paycheck Fairness Act,,,,true,false,
h-116-1-134,116,2019-03-27,PASSAGE,hr-7-116,Paycheck Fairness Act,,,,true,false,
h-116-1-135,116,2019-03-28,PASSAGE,hres-124-116,Expressing opposition to banning service in the Armed Forces by openly transgender individuals,,,,true,false,
h-116-1-136,116,2019-03-28,PROCEDURAL,,,,,,true,false,
h-116-1-137,116,2019-04-01,SUSPENSION,hr-1593-116,Coordinating and Leveraging Activities for School Security Act,,,,true,false,
h-116-1-138,116,2019-04-01,SUSPENSION,hr-1590-116,Terrorist and Foreign Fighter Travel Exercise Act,,,,true,false,
h-116-1-139,116,2019-04-01,PROCEDURAL,,,,,,true,false,
h-116-1-140,116,2019-04-02,PROCEDURAL,hres-274-116,Consideration of (S.J.Res. 7) to direct the removal of the United States Armed Forces from hostilities in the Republic of Yemen that have not been authorized by Congress; consideration of (H.Res. 271) Condemning the Trump Administration’s Legal Campaign to Take Away Americans’ Health Care; and suspension authority.,,,,true,false,
h-116-1-141,116,2019-04-02,PASSAGE,hres-274-116,Consideration of (S.J.Res. 7) to direct the removal of the United States Armed Forces from hostilities in the Republic of Yemen that have not been authorized by Congress; consideration of (H.Res. 271) Condemning the Trump Administration’s Legal Campaign to Take Away Americans’ Health Care; and suspension authority.,,,,true,false,
h-116-1-142,116,2019-04-02,SUSPENSION,hr-540-116,"To designate the facility of the United States Postal Service located at 770 Ayrault Road in Fairport, New York, as the “Louise and Bob Slaughter Post Office”",,,,true,false,
h-116-1-143,116,2019-04-02,PROCEDURAL,,,,,,true,false,
h-116-1-144,116,2019-04-03,PROCEDURAL,hres-281-116,"Providing for consideration of the bill (H.R. 1585) to reauthorize the Violence Against Women Act of 1994, and for other purposes",,,,true,false,
h-116-1-145,116,2019-04-03,PASSAGE,hres-281-116,"Providing for consideration of the bill (H.R. 1585) to reauthorize the Violence Against Women Act of 1994, and for other purposes",,,,true,false,
h-116-1-146,116,2019-04-03,PASSAGE,hres-271-116,Condemning the Trump Administration’s Legal Campaign to Take Away Americans’ Health Care,,,,true,false,
h-116-1-147,116,2019-04-03,AMENDMENT,hr-1585-116,Violence Against Women Reauthorization Act,,,,true,false,
h-116-1-148,116,2019-04-03,AMENDMENT,hr-1585-116,Violence Against Women Reauthorization Act,,,,true,false,
h-116-1-149,116,2019-04-03,AMENDMENT,hr-1585-116,Violence Against Women Reauthorization Act,,,,true,false,
h-116-1-150,116,2019-04-03,AMENDMENT,hr-1585-116,Violence Against Women Reauthorization Act,,,,true,false,
h-116-1-151,116,2019-04-04,SUSPENSION,hr-829-116,"To designate the facility of the United States Postal Service located at 1450 Montauk Highway in Mastic, New York, as the “Army Specialist Thomas J. Wilwerth Post Office Building”",,,,true,false,
h-116-1-152,116,2019-04-04,PROCEDURAL,sjres-7-116,To direct the removal of the United States Armed Forces from hostilities in the Republic of Yemen that have not been authorized by Congress,,,,true,false,
h-116-1-153,116,2019-04-04,PASSAGE,sjres-7-116,To direct the removal of the United States Armed Forces from hostilities in the Republic of Yemen that have not been authorized by Congress,,,,true,false,
h-116-1-154,116,2019-04-04,AMENDMENT,hr-1585-116,Violence Against Women Reauthorization Act,,,,true,false,
h-116-1-155,116,2019-04-04,MOTION_TO_RECOMMIT,hr-1585-116,Violence Against Women Reauthorization Act,,,,true,false,
h-116-1-156,116,2019-04-04,PASSAGE,hr-1585-116,Violence Against Women Reauthorization Act,,,,true,false,
h-116-1-157,116,2019-04-08,SUSPENSION,hconres-19-116,Authorizing the use of the Capitol Grounds for the Greater Washington Soap Box Derby,,,,true,false,
h-116-1-158,116,2019-04-08,SUSPENSION,hr-1331-116,Local Water Protection Act,,,,true,false,
h-116-1-159,116,2019-04-08,PROCEDURAL,,,,,,true,false,
h-116-1-160,116,2019-04-09,PROCEDURAL,hres-294-116,"Providing for consideration of H.R. 1644, Save the Internet Act; and providing for consideration of H.R. 2021, Investing for the People Act",,,,true,false,
h-116-1-161,116,2019-04-09,PASSAGE,hres-294-116,"Providing for consideration of H.R. 1644, Save the Internet Act; and providing for consideration of H.R. 2021, Investing for the People Act",,,,true,false,
h-116-1-162,116,2019-04-09,SUSPENSION,hr-1759-116,Building on Reemployment Improvements to Deliver Good Employment for Workers Act,,,,true,false,
h-116-1-163,116,2019-04-10,AMENDMENT,hr-1644-116,Save the Internet Act,,,,true,false,
h-116-1-164,116,2019-04-10,AMENDMENT,hr-1644-116,Save the Internet Act,,,,true,false,
h-116-1-165,116,2019-04-10,AMENDMENT,hr-1644-116,Save the Internet Act,,,,true,false,
h-116-1-166,116,2019-04-10,MOTION_TO_RECOMMIT,hr-1644-116,Save the Internet Act,,,,true,false,
h-116-1-167,116,2019-04-10,PASSAGE,hr-1644-116,Save the Internet Act,,,,true,false,
h-116-1-168,116,2019-04-29,SUSPENSION,hr-91-116,Columbia River In-Lieu and Treaty Fishing Access Sites Improvement Act,,,,true,false,
h-116-1-169,116,2019-04-29,PROCEDURAL,,,,,,true,false,
h-116-1-170,116,2019-04-30,SUSPENSION,hr-1876-116,National Senior Investor Initiative Act,,,,true,false,
h-116-1-171,116,2019-04-30,SUSPENSION,hres-328-116,Supporting the protection of elders through financial literacy,,,,true,false,
h-116-1-172,116,2019-05-01,PROCEDURAL,hres-329-116,"Providing for consideration of the bill (H.R. 9) to direct the President to develop a plan for the United States to meet its nationally determined contribution under the Paris Agreement, and for other purposes",,,,true,false,
h-116-1-173,116,2019-05-01,PASSAGE,hres-329-116,"Providing for consideration of the bill (H.R. 9) to direct the President to develop a plan for the United States to meet its nationally determined contribution under the Paris Agreement, and for other purposes",,,,true,false,
h-116-1-174,116,2019-05-01,PROCEDURAL,hres-304-116,Raising a question of the privileges of the House,,,,true,false,
h-116-1-175,116,2019-05-02,AMENDMENT,hr-9-116,Climate Action Now Act,,,,true,false,
h-116-1-176,116,2019-05-02,AMENDMENT,hr-9-116,Climate Action Now Act,,,,true,false,
h-116-1-177,116,2019-05-02,AMENDMENT,hr-9-116,Climate Action Now Act,,,,true,false,
h-116-1-178,116,2019-05-02,AMENDMENT,hr-9-116,Climate Action Now Act,,,,true,false,
h-116-1-179,116,2019-05-02,AMENDMENT,hr-9-116,Climate Action Now Act,,,,true,false,
h-116-1-180,116,2019-05-02,AMENDMENT,hr-9-116,Climate Action Now Act,,,,true,false,
h-116-1-181,116,2019-05-02,AMENDMENT,hr-9-116,Climate Action Now Act,,,,true,false,
h-116-1-182,116,2019-05-02,AMENDMENT,hr-9-116,Climate Action Now Act,,,,true,false,
h-116-1-183,116,2019-05-02,MOTION_TO_RECOMMIT,hr-9-116,Climate Action Now Act,,,,true,false,
h-116-1-184,116,2019-05-02,PASSAGE,hr-9-116,Climate Action Now Act,,,,true,false,
h-116-1-185,116,2019-05-07,SUSPENSION,hres-273-116,Reaffirming the United States commitment to Taiwan and to the implementation of the Taiwan Relations Act,,,,true,false,
h-116-1-186,116,2019-05-07,SUSPENSION,hr-1704-116,Championing American Business Through Diplomacy Act,,,,true,false,
h-116-1-187,116,2019-05-08,SUSPENSION,hr-1503-116,Orange Book Transparency Act,,,,true,false,
h-116-1-188,116,2019-05-08,SUSPENSION,hr-1520-116,Purple Book Continuity Act,,,,true,false,
h-116-1-189,116,2019-05-09,PROCEDURAL,hres-357-116,"Providing for consideration of the bill (H.R. 986) Protecting Americans with Preexisting Conditions Act, and providing for consideration of the bill (H.R. 2157) making supplemental appropriations for fiscal year ending September 30, 2019, and for other purposes",,,,true,false,
h-116-1-190,116,2019-05-09,PASSAGE,hres-357-116,"Providing for consideration of the bill (H.R. 986) Protecting Americans with Preexisting Conditions Act, and providing for consideration of the bill (H.R. 2157) making supplemental appropriations for fiscal year ending September 30, 2019, and for other purposes",,,,true,false,
h-116-1-191,116,2019-05-09,AMENDMENT,hr-986-116,Protecting Americans with Preexisting Conditions Act,,,,true,false,
h-116-1-192,116,2019-05-09,AMENDMENT,hr-986-116,Protecting Americans with Preexisting Conditions Act,,,,true,false,
h-116-1-193,116,2019-05-09,AMENDMENT,hr-986-116,Protecting Americans with Preexisting Conditions Act,,,,true,false,
h-116-1-194,116,2019-05-09,AMENDMENT,hr-986-116,Protecting Americans with Preexisting Conditions Act,,,,true,false,
h-116-1-195,116,2019-05-09,MOTION_TO_RECOMMIT,hr-986-116,Protecting Americans with Preexisting Conditions Act,,,,true,false,
h-116-1-196,116,2019-05-09,PASSAGE,hr-986-116,Protecting Americans with Preexisting Conditions Act,,,,true,false,
h-116-1-197,116,2019-05-10,AMENDMENT,hr-2157-116,"Making supplemental appropriations for the fiscal year ending September 30, 2019, and for other purposes",,,,true,false,
h-116-1-198,116,2019-05-10,AMENDMENT,hr-2157-116,"Making supplemental appropriations for the fiscal year ending September 30, 2019, and for other purposes",,,,true,false,
h-116-1-199,116,2019-05-10,AMENDMENT,hr-2157-116,"Making supplemental appropriations for the fiscal year ending September 30, 2019, and for other purposes",,,,true,false,
h-116-1-200,116,2019-05-10,AMENDMENT,hr-2157-116,"Making supplemental appropriations for the fiscal year ending September 30, 2019, and for other purposes",,,,true,false,
h-116-1-201,116,2019-05-10,MOTION_TO_RECOMMIT,hr-2157-116,"Making supplemental appropriations for the fiscal year ending September 30, 2019, and for other purposes",,,,true,false,
h-116-1-202,116,2019-05-10,PASSAGE,hr-2157-116,"Making supplemental appropriations for the fiscal year ending September 30, 2019, and for other purposes",,,,true,false,
h-116-1-203,116,2019-05-14,SUSPENSION,hr-299-116,Blue Water Navy Vietnam Veterans Act,,,,true,false,
h-116-1-204,116,2019-05-14,SUSPENSION,hr-2379-116,To reauthorize the Bulletproof Vest Partnership Grant Program.,,,,true,false,
h-116-1-205,116,2019-05-15,PROCEDURAL,hres-377-116,"Providing for consideration of the bill (H.R. 5) Equality Act, providing for consideration of the bill (H.R. 312) Mashpee Wampanoag Tribe Reservation Reaffirmation Act, and providing for consideration of (H.R. 987) Strengthening Health Care and Lowering Prescription Drug Costs Act",,,HEALTH_COSTS,true,false,
h-116-1-206,116,2019-05-15,PASSAGE,hres-377-116,"Providing for consideration of the bill (H.R. 5) Equality Act, providing for consideration of the bill (H.R. 312) Mashpee Wampanoag Tribe Reservation Reaffirmation Act, and providing for consideration of (H.R. 987) Strengthening Health Care and Lowering Prescription Drug Costs Act",,,HEALTH_COSTS,true,false,
h-116-1-207,116,2019-05-15,PASSAGE,hr-312-116,Mashpee Wampanoag Tribe Reservation Reaffirmation Act,,,,true,false,
h-116-1-208,116,2019-05-15,SUSPENSION,hr-375-116,"To amend the Act of June 18, 1934, to reaffirm the authority of the Secretary of the Interior to take land into trust for Indian Tribes, and for other purposes",,,,true,false,
h-116-1-209,116,2019-05-15,SUSPENSION,hr-1892-116,Quadrennial Homeland Security Review Technical Corrections Act,,,,true,false,
h-116-1-210,116,2019-05-16,AMENDMENT,hr-987-116,MORE Health Education Act,,,,true,false,
h-116-1-211,116,2019-05-16,AMENDMENT,hr-987-116,MORE Health Education Act,,,,true,false,
h-116-1-212,116,2019-05-16,AMENDMENT,hr-987-116,MORE Health Education Act,,,,true,false,
h-116-1-213,116,2019-05-16,MOTION_TO_RECOMMIT,hr-987-116,MORE Health Education Act,,,,true,false,
h-116-1-214,116,2019-05-16,PASSAGE,hr-987-116,MORE Health Education Act,,,,true,false,
h-116-1-215,116,2019-05-17,PROCEDURAL,,,,,,true,false,
h-116-1-216,116,2019-05-17,MOTION_TO_RECOMMIT,hr-5-116,Equality Act,,,,true,false,
h-116-1-217,116,2019-05-17,PASSAGE,hr-5-116,Equality Act,,,,true,false,
h-116-1-218,116,2019-05-20,SUSPENSION,hr-1952-116,Intercountry Adoption Information Act,,,,true,false,
h-116-1-219,116,2019-05-20,SUSPENSION,hres-106-116,Denouncing female genital mutilation/cutting as a violation of the human rights of women and girls and urging the international community and the Federal Government to increase efforts to eliminate the harmful practice,,,,true,false,
h-116-1-220,116,2019-05-21,PROCEDURAL,hres-389-116,"Providing for consideration of the bill (H.R. 1500) Consumers First Act, providing for consideration of the bill (H.R. 1994) Setting Every Community Up for Retirement Enhancement Act, and providing for proceedings during the period from May 24, 2019, through May 31, 2019, and for other purposes.",,,,true,false,
h-116-1-221,116,2019-05-21,PASSAGE,hres-389-116,"Providing for consideration of the bill (H.R. 1500) Consumers First Act, providing for consideration of the bill (H.R. 1994) Setting Every Community Up for Retirement Enhancement Act, and providing for proceedings during the period from May 24, 2019, through May 31, 2019, and for other purposes.",,,,true,false,
h-116-1-222,116,2019-05-22,AMENDMENT,hr-1500-116,Consumers First Act,,,,true,false,
h-116-1-223,116,2019-05-22,AMENDMENT,hr-1500-116,Consumers First Act,,,,true,false,
h-116-1-224,116,2019-05-22,AMENDMENT,hr-1500-116,Consumers First Act,,,,true,false,
h-116-1-225,116,2019-05-22,AMENDMENT,hr-1500-116,Consumers First Act,,,,true,false,
h-116-1-226,116,2019-05-22,AMENDMENT,hr-1500-116,Consumers First Act,,,,true,false,
h-116-1-227,116,2019-05-22,MOTION_TO_RECOMMIT,hr-1500-116,Consumers First Act,,,,true,false,
h-116-1-228,116,2019-05-22,PASSAGE,hr-1500-116,Consumers First Act,,,,true,false,
h-116-1-229,116,2019-05-23,PROCEDURAL,,,,,,true,false,
h-116-1-230,116,2019-05-23,MOTION_TO_RECOMMIT,hr-1994-116,Setting Every Community Up for Retirement Enhancement Act,,,,true,false,
h-116-1-231,116,2019-05-23,PASSAGE,hr-1994-116,Setting Every Community Up for Retirement Enhancement Act,,,,true,false,
h-116-1-232,116,2019-06-03,SUSPENSION,hr-2157-116,"Making supplemental appropriations for the fiscal year ending September 30, 2019, and for other purposes",,,,true,false,
h-116-1-233,116,2019-06-03,SUSPENSION,hr-2940-116,"To extend the program of block grants to States for temporary assistance for needy families and related programs through September 30, 2019",,,,true,false,
h-116-1-234,116,2019-06-03,PROCEDURAL,,,,,,true,false,
h-116-1-235,116,2019-06-04,PROCEDURAL,hres-415-116,"Providing for consideration of the bill (H.R. 6) to authorize the cancellation of removal and adjustment of status of certain aliens, and for other purposes",,,,true,false,
h-116-1-236,116,2019-06-04,PASSAGE,hres-415-116,"Providing for consideration of the bill (H.R. 6) to authorize the cancellation of removal and adjustment of status of certain aliens, and for other purposes",,,,true,false,
h-116-1-237,116,2019-06-04,PROCEDURAL,,,,,,true,false,
h-116-1-238,116,2019-06-04,SUSPENSION,hres-393-116,"Remembering the victims of the violent suppression of democracy protests in Tiananmen Square and elsewhere in China on June 3 and 4, 1989, and calling on the Government of the People’s Republic of China to respect the universally recognized human rights of all people living in China and around the world",,,,true,false,
h-116-1-239,116,2019-06-04,MOTION_TO_RECOMMIT,hr-6-116,American Dream and Promise Act,,,,true,false,
h-116-1-240,116,2019-06-04,PASSAGE,hr-6-116,American Dream and Promise Act,,,,true,false,
h-116-1-241,116,2019-06-05,SUSPENSION,hr-1921-116,Ocean Acidification Innovation Act,,,,true,false,
h-116-1-242,116,2019-06-10,SUSPENSION,hr-542-116,Supporting Research and Development for First Responders Act,,,,true,false,
h-116-1-243,116,2019-06-10,SUSPENSION,hr-2539-116,Strengthening Local Transportation Security Capabilities Act,,,,true,false,
h-116-1-244,116,2019-06-10,SUSPENSION,hr-2590-116,DHS Overseas Personnel Enhancement Act,,,,true,false,
h-116-1-245,116,2019-06-11,PROCEDURAL,hres-431-116,Providing for consideration of H.R. 2740 and H. Res. 430,,,,true,false,
h-116-1-246,116,2019-06-11,PASSAGE,hres-431-116,Providing for consideration of H.R. 2740 and H. Res. 430,,,,true,false,
h-116-1-247,116,2019-06-11,PASSAGE,hres-430-116,Authorizing the Committee on the Judiciary to initiate or intervene in judicial proceedings to enforce certain subpoenas and for other purposes,,,,true,false,
h-116-1-248,116,2019-06-11,SUSPENSION,hr-2609-116,DHS Acquisition Review Board Act,,,,true,false,
h-116-1-249,116,2019-06-12,PROCEDURAL,,,,,,true,false,
h-116-1-250,116,2019-06-12,PROCEDURAL,,,,,,true,false,
h-116-1-251,116,2019-06-12,AMENDMENT,hr-2740-116,"Making appropriations for the Departments of Labor, Health and Human Services, and Education, and related agencies for the fiscal year ending September 30, 2020, and for other purposes",,,,true,false,
h-116-1-252,116,2019-06-12,AMENDMENT,hr-2740-116,"Making appropriations for the Departments of Labor, Health and Human Services, and Education, and related agencies for the fiscal year ending September 30, 2020, and for other purposes",,,,true,false,
h-116-1-253,116,2019-06-12,AMENDMENT,hr-2740-116,"Making appropriations for the Departments of Labor, Health and Human Services, and Education, and related agencies for the fiscal year ending September 30, 2020, and for other purposes",,,,true,false,
h-116-1-254,116,2019-06-12,AMENDMENT,hr-2740-116,"Making appropriations for the Departments of Labor, Health and Human Services, and Education, and related agencies for the fiscal year ending September 30, 2020, and for other purposes",,,,true,false,
h-116-1-255,116,2019-06-12,AMENDMENT,hr-2740-116,"Making appropriations for the Departments of Labor, Health and Human Services, and Education, and related agencies for the fiscal year ending September 30, 2020, and for other purposes",,,,true,false,
h-116-1-256,116,2019-06-12,AMENDMENT,hr-2740-116,"Making appropriations for the Departments of Labor, Health and Human Services, and Education, and related agencies for the fiscal year ending September 30, 2020, and for other purposes",,,,true,false,
h-116-1-257,116,2019-06-12,AMENDMENT,hr-2740-116,"Making appropriations for the Departments of Labor, Health and Human Services, and Education, and related agencies for the fiscal year ending September 30, 2020, and for other purposes",,,,true,false,
h-116-1-258,116,2019-06-12,AMENDMENT,hr-2740-116,"Making appropriations for the Departments of Labor, Health and Human Services, and Education, and related agencies for the fiscal year ending September 30, 2020, and for other purposes",,,,true,false,
h-116-1-259,116,2019-06-12,AMENDMENT,hr-2740-116,"Making appropriations for the Departments of Labor, Health and Human Services, and Education, and related agencies for the fiscal year ending September 30, 2020, and for other purposes",,,,true,false,
h-116-1-260,116,2019-06-12,AMENDMENT,hr-2740-116,"Making appropriations for the Departments of Labor, Health and Human Services, and Education, and related agencies for the fiscal year ending September 30, 2020, and for other purposes",,,,true,false,
h-116-1-261,116,2019-06-12,AMENDMENT,hr-2740-116,"Making appropriations for the Departments of Labor, Health and Human Services, and Education, and related agencies for the fiscal year ending September 30, 2020, and for other purposes",,,,true,false,
h-116-1-262,116,2019-06-12,AMENDMENT,hr-2740-116,"Making appropriations for the Departments of Labor, Health and Human Services, and Education, and related agencies for the fiscal year ending September 30, 2020, and for other purposes",,,,true,false,
h-116-1-263,116,2019-06-12,AMENDMENT,hr-2740-116,"Making appropriations for the Departments of Labor, Health and Human Services, and Education, and related agencies for the fiscal year ending September 30, 2020, and for other purposes",,,,true,false,
h-116-1-264,116,2019-06-12,PROCEDURAL,hres-436-116,"Providing for further consideration of the bill (H.R. 2740) Departments of Labor, Health and Human Services, and Education, and Related Agencies Appropriations Act, 2020",,,,true,false,
h-116-1-265,116,2019-06-12,PASSAGE,hres-436-116,"Providing for further consideration of the bill (H.R. 2740) Departments of Labor, Health and Human Services, and Education, and Related Agencies Appropriations Act, 2020",,,,true,false,
h-116-1-266,116,2019-06-12,AMENDMENT,hr-2740-116,"Making appropriations for the Departments of Labor, Health and Human Services, and Education, and related agencies for the fiscal year ending September 30, 2020, and for other purposes",,,,true,false,
h-116-1-267,116,2019-06-12,AMENDMENT,hr-2740-116,"Making appropriations for the Departments of Labor, Health and Human Services, and Education, and related agencies for the fiscal year ending September 30, 2020, and for other purposes",,,,true,false,
h-116-1-268,116,2019-06-12,AMENDMENT,hr-2740-116,"Making appropriations for the Departments of Labor, Health and Human Services, and Education, and related agencies for the fiscal year ending September 30, 2020, and for other purposes",,,,true,false,
h-116-1-269,116,2019-06-12,AMENDMENT,hr-2740-116,"Making appropriations for the Departments of Labor, Health and Human Services, and Education, and related agencies for the fiscal year ending September 30, 2020, and for other purposes",,,,true,false,
h-116-1-270,116,2019-06-12,AMENDMENT,hr-2740-116,"Making appropriations for the Departments of Labor, Health and Human Services, and Education, and related agencies for the fiscal year ending September 30, 2020, and for other purposes",,,,true,false,
h-116-1-271,116,2019-06-12,AMENDMENT,hr-2740-116,"Making appropriations for the Departments of Labor, Health and Human Services, and Education, and related agencies for the fiscal year ending September 30, 2020, and for other purposes",,,,true,false,
h-116-1-272,116,2019-06-12,AMENDMENT,hr-2740-116,"Making appropriations for the Departments of Labor, Health and Human Services, and Education, and related agencies for the fiscal year ending September 30, 2020, and for other purposes",,,,true,false,
h-116-1-273,116,2019-06-12,AMENDMENT,hr-2740-116,"Making appropriations for the Departments of Labor, Health and Human Services, and Education, and related agencies for the fiscal year ending September 30, 2020, and for other purposes",,,,true,false,
h-116-1-274,116,2019-06-12,AMENDMENT,hr-2740-116,"Making appropriations for the Departments of Labor, Health and Human Services, and Education, and related agencies for the fiscal year ending September 30, 2020, and for other purposes",,,,true,false,
h-116-1-275,116,2019-06-12,AMENDMENT,hr-2740-116,"Making appropriations for the Departments of Labor, Health and Human Services, and Education, and related agencies for the fiscal year ending September 30, 2020, and for other purposes",,,,true,false,
h-116-1-276,116,2019-06-12,AMENDMENT,hr-2740-116,"Making appropriations for the Departments of Labor, Health and Human Services, and Education, and related agencies for the fiscal year ending September 30, 2020, and for other purposes",,,,true,false,
h-116-1-277,116,2019-06-12,AMENDMENT,hr-2740-116,"Making appropriations for the Departments of Labor, Health and Human Services, and Education, and related agencies for the fiscal year ending September 30, 2020, and for other purposes",,,,true,false,
h-116-1-278,116,2019-06-12,AMENDMENT,hr-2740-116,"Making appropriations for the Departments of Labor, Health and Human Services, and Education, and related agencies for the fiscal year ending September 30, 2020, and for other purposes",,,,true,false,
h-116-1-279,116,2019-06-13,AMENDMENT,hr-2740-116,"Making appropriations for the Departments of Labor, Health and Human Services, and Education, and related agencies for the fiscal year ending September 30, 2020, and for other purposes",,,,true,false,
h-116-1-280,116,2019-06-13,AMENDMENT,hr-2740-116,"Making appropriations for the Departments of Labor, Health and Human Services, and Education, and related agencies for the fiscal year ending September 30, 2020, and for other purposes",,,,true,false,
h-116-1-281,116,2019-06-13,AMENDMENT,hr-2740-116,"Making appropriations for the Departments of Labor, Health and Human Services, and Education, and related agencies for the fiscal year ending September 30, 2020, and for other purposes",,,,true,false,
h-116-1-282,116,2019-06-13,AMENDMENT,hr-2740-116,"Making appropriations for the Departments of Labor, Health and Human Services, and Education, and related agencies for the fiscal year ending September 30, 2020, and for other purposes",,,,true,false,
h-116-1-283,116,2019-06-13,AMENDMENT,hr-2740-116,"Making appropriations for the Departments of Labor, Health and Human Services, and Education, and related agencies for the fiscal year ending September 30, 2020, and for other purposes",,,,true,false,
h-116-1-284,116,2019-06-13,AMENDMENT,hr-2740-116,"Making appropriations for the Departments of Labor, Health and Human Services, and Education, and related agencies for the fiscal year ending September 30, 2020, and for other purposes",,,,true,false,
h-116-1-285,116,2019-06-13,AMENDMENT,hr-2740-116,"Making appropriations for the Departments of Labor, Health and Human Services, and Education, and related agencies for the fiscal year ending September 30, 2020, and for other purposes",,,,true,false,
h-116-1-286,116,2019-06-13,AMENDMENT,hr-2740-116,"Making appropriations for the Departments of Labor, Health and Human Services, and Education, and related agencies for the fiscal year ending September 30, 2020, and for other purposes",,,,true,false,
h-116-1-287,116,2019-06-13,AMENDMENT,hr-2740-116,"Making appropriations for the Departments of Labor, Health and Human Services, and Education, and related agencies for the fiscal year ending September 30, 2020, and for other purposes",,,,true,false,
h-116-1-288,116,2019-06-13,AMENDMENT,hr-2740-116,"Making appropriations for the Departments of Labor, Health and Human Services, and Education, and related agencies for the fiscal year ending September 30, 2020, and for other purposes",,,,true,false,
h-116-1-289,116,2019-06-13,AMENDMENT,hr-2740-116,"Making appropriations for the Departments of Labor, Health and Human Services, and Education, and related agencies for the fiscal year ending September 30, 2020, and for other purposes",,,,true,false,
h-116-1-290,116,2019-06-13,AMENDMENT,hr-2740-116,"Making appropriations for the Departments of Labor, Health and Human Services, and Education, and related agencies for the fiscal year ending September 30, 2020, and for other purposes",,,,true,false,
h-116-1-291,116,2019-06-13,AMENDMENT,hr-2740-116,"Making appropriations for the Departments of Labor, Health and Human Services, and Education, and related agencies for the fiscal year ending September 30, 2020, and for other purposes",,,,true,false,
h-116-1-292,116,2019-06-13,AMENDMENT,hr-2740-116,"Making appropriations for the Departments of Labor, Health and Human Services, and Education, and related agencies for the fiscal year ending September 30, 2020, and for other purposes",,,,true,false,
h-116-1-293,116,2019-06-13,AMENDMENT,hr-2740-116,"Making appropriations for the Departments of Labor, Health and Human Services, and Education, and related agencies for the fiscal year ending September 30, 2020, and for other purposes",,,,true,false,
h-116-1-294,116,2019-06-13,AMENDMENT,hr-2740-116,"Making appropriations for the Departments of Labor, Health and Human Services, and Education, and related agencies for the fiscal year ending September 30, 2020, and for other purposes",,,,true,false,
h-116-1-295,116,2019-06-13,AMENDMENT,hr-2740-116,"Making appropriations for the Departments of Labor, Health and Human Services, and Education, and related agencies for the fiscal year ending September 30, 2020, and for other purposes",,,,true,false,
h-116-1-296,116,2019-06-13,AMENDMENT,hr-2740-116,"Making appropriations for the Departments of Labor, Health and Human Services, and Education, and related agencies for the fiscal year ending September 30, 2020, and for other purposes",,,,true,false,
h-116-1-297,116,2019-06-13,AMENDMENT,hr-2740-116,"Making appropriations for the Departments of Labor, Health and Human Services, and Education, and related agencies for the fiscal year ending September 30, 2020, and for other purposes",,,,true,false,
h-116-1-298,116,2019-06-13,AMENDMENT,hr-2740-116,"Making appropriations for the Departments of Labor, Health and Human Services, and Education, and related agencies for the fiscal year ending September 30, 2020, and for other purposes",,,,true,false,
h-116-1-299,116,2019-06-13,AMENDMENT,hr-2740-116,"Making appropriations for the Departments of Labor, Health and Human Services, and Education, and related agencies for the fiscal year ending September 30, 2020, and for other purposes",,,,true,false,
h-116-1-300,116,2019-06-13,AMENDMENT,hr-2740-116,"Making appropriations for the Departments of Labor, Health and Human Services, and Education, and related agencies for the fiscal year ending September 30, 2020, and for other purposes",,,,true,false,
h-116-1-301,116,2019-06-13,AMENDMENT,hr-2740-116,"Making appropriations for the Departments of Labor, Health and Human Services, and Education, and related agencies for the fiscal year ending September 30, 2020, and for other purposes",,,,true,false,
h-116-1-302,116,2019-06-13,AMENDMENT,hr-2740-116,"Making appropriations for the Departments of Labor, Health and Human Services, and Education, and related agencies for the fiscal year ending September 30, 2020, and for other purposes",,,,true,false,
h-116-1-303,116,2019-06-13,AMENDMENT,hr-2740-116,"Making appropriations for the Departments of Labor, Health and Human Services, and Education, and related agencies for the fiscal year ending September 30, 2020, and for other purposes",,,,true,false,
h-116-1-304,116,2019-06-13,AMENDMENT,hr-2740-116,"Making appropriations for the Departments of Labor, Health and Human Services, and Education, and related agencies for the fiscal year ending September 30, 2020, and for other purposes",,,,true,false,
h-116-1-305,116,2019-06-13,AMENDMENT,hr-2740-116,"Making appropriations for the Departments of Labor, Health and Human Services, and Education, and related agencies for the fiscal year ending September 30, 2020, and for other purposes",,,,true,false,
h-116-1-306,116,2019-06-13,AMENDMENT,hr-2740-116,"Making appropriations for the Departments of Labor, Health and Human Services, and Education, and related agencies for the fiscal year ending September 30, 2020, and for other purposes",,,,true,false,
h-116-1-307,116,2019-06-13,AMENDMENT,hr-2740-116,"Making appropriations for the Departments of Labor, Health and Human Services, and Education, and related agencies for the fiscal year ending September 30, 2020, and for other purposes",,,,true,false,
h-116-1-308,116,2019-06-13,AMENDMENT,hr-2740-116,"Making appropriations for the Departments of Labor, Health and Human Services, and Education, and related agencies for the fiscal year ending September 30, 2020, and for other purposes",,,,true,false,
h-116-1-309,116,2019-06-13,AMENDMENT,hr-2740-116,"Making appropriations for the Departments of Labor, Health and Human Services, and Education, and related agencies for the fiscal year ending September 30, 2020, and for other purposes",,,,true,false,
h-116-1-310,116,2019-06-13,AMENDMENT,hr-2740-116,"Making appropriations for the Departments of Labor, Health and Human Services, and Education, and related agencies for the fiscal year ending September 30, 2020, and for other purposes",,,,true,false,
h-116-1-311,116,2019-06-13,AMENDMENT,hr-2740-116,"Making appropriations for the Departments of Labor, Health and Human Services, and Education, and related agencies for the fiscal year ending September 30, 2020, and for other purposes",,,,true,false,
h-116-1-312,116,2019-06-13,AMENDMENT,hr-2740-116,"Making appropriations for the Departments of Labor, Health and Human Services, and Education, and related agencies for the fiscal year ending September 30, 2020, and for other purposes",,,,true,false,
h-116-1-313,116,2019-06-13,AMENDMENT,hr-2740-116,"Making appropriations for the Departments of Labor, Health and Human Services, and Education, and related agencies for the fiscal year ending September 30, 2020, and for other purposes",,,,true,false,
h-116-1-314,116,2019-06-13,AMENDMENT,hr-2740-116,"Making appropriations for the Departments of Labor, Health and Human Services, and Education, and related agencies for the fiscal year ending September 30, 2020, and for other purposes",,,,true,false,
h-116-1-315,116,2019-06-13,AMENDMENT,hr-2740-116,"Making appropriations for the Departments of Labor, Health and Human Services, and Education, and related agencies for the fiscal year ending September 30, 2020, and for other purposes",,,,true,false,
h-116-1-316,116,2019-06-13,AMENDMENT,hr-2740-116,"Making appropriations for the Departments of Labor, Health and Human Services, and Education, and related agencies for the fiscal year ending September 30, 2020, and for other purposes",,,,true,false,
h-116-1-317,116,2019-06-13,AMENDMENT,hr-2740-116,"Making appropriations for the Departments of Labor, Health and Human Services, and Education, and related agencies for the fiscal year ending September 30, 2020, and for other purposes",,,,true,false,
h-116-1-318,116,2019-06-13,AMENDMENT,hr-2740-116,"Making appropriations for the Departments of Labor, Health and Human Services, and Education, and related agencies for the fiscal year ending September 30, 2020, and for other purposes",,,,true,false,
h-116-1-319,116,2019-06-13,AMENDMENT,hr-2740-116,"Making appropriations for the Departments of Labor, Health and Human Services, and Education, and related agencies for the fiscal year ending September 30, 2020, and for other purposes",,,,true,false,
h-116-1-320,116,2019-06-13,AMENDMENT,hr-2740-116,"Making appropriations for the Departments of Labor, Health and Human Services, and Education, and related agencies for the fiscal year ending September 30, 2020, and for other purposes",,,,true,false,
h-116-1-321,116,2019-06-13,AMENDMENT,hr-2740-116,"Making appropriations for the Departments of Labor, Health and Human Services, and Education, and related agencies for the fiscal year ending September 30, 2020, and for other purposes",,,,true,false,
h-116-1-322,116,2019-06-13,AMENDMENT,hr-2740-116,"Making appropriations for the Departments of Labor, Health and Human Services, and Education, and related agencies for the fiscal year ending September 30, 2020, and for other purposes",,,,true,false,
h-116-1-323,116,2019-06-18,PROCEDURAL,hr-2740-116,"Making appropriations for the Departments of Labor, Health and Human Services, and Education, and related agencies for the fiscal year ending September 30, 2020, and for other purposes",,,,true,false,
h-116-1-324,116,2019-06-18,AMENDMENT,hr-2740-116,"Making appropriations for the Departments of Labor, Health and Human Services, and Education, and related agencies for the fiscal year ending September 30, 2020, and for other purposes",,,,true,false,
h-116-1-325,116,2019-06-18,AMENDMENT,hr-2740-116,"Making appropriations for the Departments of Labor, Health and Human Services, and Education, and related agencies for the fiscal year ending September 30, 2020, and for other purposes",,,,true,false,
h-116-1-326,116,2019-06-18,AMENDMENT,hr-2740-116,"Making appropriations for the Departments of Labor, Health and Human Services, and Education, and related agencies for the fiscal year ending September 30, 2020, and for other purposes",,,,true,false,
h-116-1-327,116,2019-06-18,AMENDMENT,hr-2740-116,"Making appropriations for the Departments of Labor, Health and Human Services, and Education, and related agencies for the fiscal year ending September 30, 2020, and for other purposes",,,,true,false,
h-116-1-328,116,2019-06-18,AMENDMENT,hr-2740-116,"Making appropriations for the Departments of Labor, Health and Human Services, and Education, and related agencies for the fiscal year ending September 30, 2020, and for other purposes",,,,true,false,
h-116-1-329,116,2019-06-18,AMENDMENT,hr-2740-116,"Making appropriations for the Departments of Labor, Health and Human Services, and Education, and related agencies for the fiscal year ending September 30, 2020, and for other purposes",,,,true,false,
h-116-1-330,116,2019-06-18,AMENDMENT,hr-2740-116,"Making appropriations for the Departments of Labor, Health and Human Services, and Education, and related agencies for the fiscal year ending September 30, 2020, and for other purposes",,,,true,false,
h-116-1-331,116,2019-06-18,AMENDMENT,hr-2740-116,"Making appropriations for the Departments of Labor, Health and Human Services, and Education, and related agencies for the fiscal year ending September 30, 2020, and for other purposes",,,,true,false,
h-116-1-332,116,2019-06-18,AMENDMENT,hr-2740-116,"Making appropriations for the Departments of Labor, Health and Human Services, and Education, and related agencies for the fiscal year ending September 30, 2020, and for other purposes",,,,true,false,
h-116-1-333,116,2019-06-18,SUSPENSION,hr-3253-116,"Empowering Beneficiaries, Ensuring Access, and Strengthening Accountability Act",,,,true,false,
h-116-1-334,116,2019-06-18,AMENDMENT,hr-2740-116,"Making appropriations for the Departments of Labor, Health and Human Services, and Education, and related agencies for the fiscal year ending September 30, 2020, and for other purposes",,,,true,false,
h-116-1-335,116,2019-06-18,AMENDMENT,hr-2740-116,"Making appropriations for the Departments of Labor, Health and Human Services, and Education, and related agencies for the fiscal year ending September 30, 2020, and for other purposes",,,,true,false,
h-116-1-336,116,2019-06-18,AMENDMENT,hr-2740-116,"Making appropriations for the Departments of Labor, Health and Human Services, and Education, and related agencies for the fiscal year ending September 30, 2020, and for other purposes",,,,true,false,
h-116-1-337,116,2019-06-18,AMENDMENT,hr-2740-116,"Making appropriations for the Departments of Labor, Health and Human Services, and Education, and related agencies for the fiscal year ending September 30, 2020, and for other purposes",,,,true,false,
h-116-1-338,116,2019-06-18,AMENDMENT,hr-2740-116,"Making appropriations for the Departments of Labor, Health and Human Services, and Education, and related agencies for the fiscal year ending September 30, 2020, and for other purposes",,,,true,false,
h-116-1-339,116,2019-06-18,AMENDMENT,hr-2740-116,"Making appropriations for the Departments of Labor, Health and Human Services, and Education, and related agencies for the fiscal year ending September 30, 2020, and for other purposes",,,,true,false,
h-116-1-340,116,2019-06-18,AMENDMENT,hr-2740-116,"Making appropriations for the Departments of Labor, Health and Human Services, and Education, and related agencies for the fiscal year ending September 30, 2020, and for other purposes",,,,true,false,
h-116-1-341,116,2019-06-18,AMENDMENT,hr-2740-116,"Making appropriations for the Departments of Labor, Health and Human Services, and Education, and related agencies for the fiscal year ending September 30, 2020, and for other purposes",,,,true,false,
h-116-1-342,116,2019-06-18,AMENDMENT,hr-2740-116,"Making appropriations for the Departments of Labor, Health and Human Services, and Education, and related agencies for the fiscal year ending September 30, 2020, and for other purposes",,,,true,false,
h-116-1-343,116,2019-06-18,AMENDMENT,hr-2740-116,"Making appropriations for the Departments of Labor, Health and Human Services, and Education, and related agencies for the fiscal year ending September 30, 2020, and for other purposes",,,,true,false,
h-116-1-344,116,2019-06-18,AMENDMENT,hr-2740-116,"Making appropriations for the Departments of Labor, Health and Human Services, and Education, and related agencies for the fiscal year ending September 30, 2020, and for other purposes",,,,true,false,
h-116-1-345,116,2019-06-18,AMENDMENT,hr-2740-116,"Making appropriations for the Departments of Labor, Health and Human Services, and Education, and related agencies for the fiscal year ending September 30, 2020, and for other purposes",,,,true,false,
h-116-1-346,116,2019-06-18,AMENDMENT,hr-2740-116,"Making appropriations for the Departments of Labor, Health and Human Services, and Education, and related agencies for the fiscal year ending September 30, 2020, and for other purposes",,,,true,false,
h-116-1-347,116,2019-06-18,AMENDMENT,hr-2740-116,"Making appropriations for the Departments of Labor, Health and Human Services, and Education, and related agencies for the fiscal year ending September 30, 2020, and for other purposes",,,,true,false,
h-116-1-348,116,2019-06-18,AMENDMENT,hr-2740-116,"Making appropriations for the Departments of Labor, Health and Human Services, and Education, and related agencies for the fiscal year ending September 30, 2020, and for other purposes",,,,true,false,
h-116-1-349,116,2019-06-18,AMENDMENT,hr-2740-116,"Making appropriations for the Departments of Labor, Health and Human Services, and Education, and related agencies for the fiscal year ending September 30, 2020, and for other purposes",,,,true,false,
h-116-1-350,116,2019-06-18,AMENDMENT,hr-2740-116,"Making appropriations for the Departments of Labor, Health and Human Services, and Education, and related agencies for the fiscal year ending September 30, 2020, and for other purposes",,,,true,false,
h-116-1-351,116,2019-06-18,AMENDMENT,hr-2740-116,"Making appropriations for the Departments of Labor, Health and Human Services, and Education, and related agencies for the fiscal year ending September 30, 2020, and for other purposes",,,,true,false,
h-116-1-352,116,2019-06-18,AMENDMENT,hr-2740-116,"Making appropriations for the Departments of Labor, Health and Human Services, and Education, and related agencies for the fiscal year ending September 30, 2020, and for other purposes",,,,true,false,
h-116-1-353,116,2019-06-18,AMENDMENT,hr-2740-116,"Making appropriations for the Departments of Labor, Health and Human Services, and Education, and related agencies for the fiscal year ending September 30, 2020, and for other purposes",,,,true,false,
h-116-1-354,116,2019-06-18,AMENDMENT,hr-2740-116,"Making appropriations for the Departments of Labor, Health and Human Services, and Education, and related agencies for the fiscal year ending September 30, 2020, and for other purposes",,,,true,false,
h-116-1-355,116,2019-06-18,AMENDMENT,hr-2740-116,"Making appropriations for the Departments of Labor, Health and Human Services, and Education, and related agencies for the fiscal year ending September 30, 2020, and for other purposes",,,,true,false,
h-116-1-356,116,2019-06-19,PROCEDURAL,hres-445-116,"Providing for consideration of H.R. 3055, relating to consideration of H.R. 2740, and providing for proceedings during the period from June 28, 2019, through July 8, 2019",,,,true,false,
h-116-1-357,116,2019-06-19,PASSAGE,hres-445-116,"Providing for consideration of H.R. 3055, relating to consideration of H.R. 2740, and providing for proceedings during the period from June 28, 2019, through July 8, 2019",,,,true,false,
h-116-1-358,116,2019-06-19,AMENDMENT,hr-2740-116,"Making appropriations for the Departments of Labor, Health and Human Services, and Education, and related agencies for the fiscal year ending September 30, 2020, and for other purposes",,,,true,false,
h-116-1-359,116,2019-06-19,AMENDMENT,hr-2740-116,"Making appropriations for the Departments of Labor, Health and Human Services, and Education, and related agencies for the fiscal year ending September 30, 2020, and for other purposes",,,,true,false,
h-116-1-360,116,2019-06-19,AMENDMENT,hr-2740-116,"Making appropriations for the Departments of Labor, Health and Human Services, and Education, and related agencies for the fiscal year ending September 30, 2020, and for other purposes",,,,true,false,
h-116-1-361,116,2019-06-19,AMENDMENT,hr-2740-116,"Making appropriations for the Departments of Labor, Health and Human Services, and Education, and related agencies for the fiscal year ending September 30, 2020, and for other purposes",,,,true,false,
h-116-1-362,116,2019-06-19,AMENDMENT,hr-2740-116,"Making appropriations for the Departments of Labor, Health and Human Services, and Education, and related agencies for the fiscal year ending September 30, 2020, and for other purposes",,,,true,false,
h-116-1-363,116,2019-06-19,AMENDMENT,hr-2740-116,"Making appropriations for the Departments of Labor, Health and Human Services, and Education, and related agencies for the fiscal year ending September 30, 2020, and for other purposes",,,,true,false,
h-116-1-364,116,2019-06-19,AMENDMENT,hr-2740-116,"Making appropriations for the Departments of Labor, Health and Human Services, and Education, and related agencies for the fiscal year ending September 30, 2020, and for other purposes",,,,true,false,
h-116-1-365,116,2019-06-19,AMENDMENT,hr-2740-116,"Making appropriations for the Departments of Labor, Health and Human Services, and Education, and related agencies for the fiscal year ending September 30, 2020, and for other purposes",,,,true,false,
h-116-1-366,116,2019-06-19,MOTION_TO_RECOMMIT,hr-2740-116,"Making appropriations for the Departments of Labor, Health and Human Services, and Education, and related agencies for the fiscal year ending September 30, 2020, and for other purposes",,,,true,false,
h-116-1-367,116,2019-06-19,PASSAGE,hr-2740-116,"Making appropriations for the Departments of Labor, Health and Human Services, and Education, and related agencies for the fiscal year ending September 30, 2020, and for other purposes",,,,true,false,
h-116-1-368,116,2019-06-20,AMENDMENT,hr-3055-116,"Making appropriations for the Departments of Commerce and Justice, Science, and Related Agencies for the fiscal year ending September 30, 2020, and for other purposes",,,,true,false,
h-116-1-369,116,2019-06-20,AMENDMENT,hr-3055-116,"Making appropriations for the Departments of Commerce and Justice, Science, and Related Agencies for the fiscal year ending September 30, 2020, and for other purposes",,,,true,false,
h-116-1-370,116,2019-06-20,AMENDMENT,hr-3055-116,"Making appropriations for the Departments of Commerce and Justice, Science, and Related Agencies for the fiscal year ending September 30, 2020, and for other purposes",,,,true,false,
h-116-1-371,116,2019-06-20,AMENDMENT,hr-3055-116,"Making appropriations for the Departments of Commerce and Justice, Science, and Related Agencies for the fiscal year ending September 30, 2020, and for other purposes",,,,true,false,
h-116-1-372,116,2019-06-20,AMENDMENT,hr-3055-116,"Making appropriations for the Departments of Commerce and Justice, Science, and Related Agencies for the fiscal year ending September 30, 2020, and for other purposes",,,,true,false,
h-116-1-373,116,2019-06-20,AMENDMENT,hr-3055-116,"Making appropriations for the Departments of Commerce and Justice, Science, and Related Agencies for the fiscal year ending September 30, 2020, and for other purposes",,,,true,false,
h-116-1-374,116,2019-06-20,AMENDMENT,hr-3055-116,"Making appropriations for the Departments of Commerce and Justice, Science, and Related Agencies for the fiscal year ending September 30, 2020, and for other purposes",,,,true,false,
h-116-1-375,116,2019-06-20,AMENDMENT,hr-3055-116,"Making appropriations for the Departments of Commerce and Justice, Science, and Related Agencies for the fiscal year ending September 30, 2020, and for other purposes",,,,true,false,
h-116-1-376,116,2019-06-20,AMENDMENT,hr-3055-116,"Making appropriations for the Departments of Commerce and Justice, Science, and Related Agencies for the fiscal year ending September 30, 2020, and for other purposes",,,,true,false,
h-116-1-377,116,2019-06-20,AMENDMENT,hr-3055-116,"Making appropriations for the Departments of Commerce and Justice, Science, and Related Agencies for the fiscal year ending September 30, 2020, and for other purposes",,,,true,false,
h-116-1-378,116,2019-06-20,AMENDMENT,hr-3055-116,"Making appropriations for the Departments of Commerce and Justice, Science, and Related Agencies for the fiscal year ending September 30, 2020, and for other purposes",,,,true,false,
h-116-1-379,116,2019-06-20,AMENDMENT,hr-3055-116,"Making appropriations for the Departments of Commerce and Justice, Science, and Related Agencies for the fiscal year ending September 30, 2020, and for other purposes",,,,true,false,
h-116-1-380,116,2019-06-20,AMENDMENT,hr-3055-116,"Making appropriations for the Departments of Commerce and Justice, Science, and Related Agencies for the fiscal year ending September 30, 2020, and for other purposes",,,,true,false,
h-116-1-381,116,2019-06-20,AMENDMENT,hr-3055-116,"Making appropriations for the Departments of Commerce and Justice, Science, and Related Agencies for the fiscal year ending September 30, 2020, and for other purposes",,,,true,false,
h-116-1-382,116,2019-06-20,AMENDMENT,hr-3055-116,"Making appropriations for the Departments of Commerce and Justice, Science, and Related Agencies for the fiscal year ending September 30, 2020, and for other purposes",,,,true,false,
h-116-1-383,116,2019-06-20,AMENDMENT,hr-3055-116,"Making appropriations for the Departments of Commerce and Justice, Science, and Related Agencies for the fiscal year ending September 30, 2020, and for other purposes",,,,true,false,
h-116-1-384,116,2019-06-20,AMENDMENT,hr-3055-116,"Making appropriations for the Departments of Commerce and Justice, Science, and Related Agencies for the fiscal year ending September 30, 2020, and for other purposes",,,,true,false,
h-116-1-385,116,2019-06-20,AMENDMENT,hr-3055-116,"Making appropriations for the Departments of Commerce and Justice, Science, and Related Agencies for the fiscal year ending September 30, 2020, and for other purposes",,,,true,false,
h-116-1-386,116,2019-06-20,AMENDMENT,hr-3055-116,"Making appropriations for the Departments of Commerce and Justice, Science, and Related Agencies for the fiscal year ending September 30, 2020, and for other purposes",,,,true,false,
h-116-1-387,116,2019-06-20,AMENDMENT,hr-3055-116,"Making appropriations for the Departments of Commerce and Justice, Science, and Related Agencies for the fiscal year ending September 30, 2020, and for other purposes",,,,true,false,
h-116-1-388,116,2019-06-20,AMENDMENT,hr-3055-116,"Making appropriations for the Departments of Commerce and Justice, Science, and Related Agencies for the fiscal year ending September 30, 2020, and for other purposes",,,,true,false,
h-116-1-389,116,2019-06-20,AMENDMENT,hr-3055-116,"Making appropriations for the Departments of Commerce and Justice, Science, and Related Agencies for the fiscal year ending September 30, 2020, and for other purposes",,,,true,false,
h-116-1-390,116,2019-06-20,AMENDMENT,hr-3055-116,"Making appropriations for the Departments of Commerce and Justice, Science, and Related Agencies for the fiscal year ending September 30, 2020, and for other purposes",,,,true,false,
h-116-1-391,116,2019-06-20,AMENDMENT,hr-3055-116,"Making appropriations for the Departments of Commerce and Justice, Science, and Related Agencies for the fiscal year ending September 30, 2020, and for other purposes",,,,true,false,
h-116-1-392,116,2019-06-20,AMENDMENT,hr-3055-116,"Making appropriations for the Departments of Commerce and Justice, Science, and Related Agencies for the fiscal year ending September 30, 2020, and for other purposes",,,,true,false,
h-116-1-393,116,2019-06-20,AMENDMENT,hr-3055-116,"Making appropriations for the Departments of Commerce and Justice, Science, and Related Agencies for the fiscal year ending September 30, 2020, and for other purposes",,,,true,false,
h-116-1-394,116,2019-06-20,AMENDMENT,hr-3055-116,"Making appropriations for the Departments of Commerce and Justice, Science, and Related Agencies for the fiscal year ending September 30, 2020, and for other purposes",,,,true,false,
h-116-1-395,116,2019-06-20,AMENDMENT,hr-3055-116,"Making appropriations for the Departments of Commerce and Justice, Science, and Related Agencies for the fiscal year ending September 30, 2020, and for other purposes",,,,true,false,
h-116-1-396,116,2019-06-21,AMENDMENT,hr-3055-116,"Making appropriations for the Departments of Commerce and Justice, Science, and Related Agencies for the fiscal year ending September 30, 2020, and for other purposes",,,,true,false,
h-116-1-397,116,2019-06-21,AMENDMENT,hr-3055-116,"Making appropriations for the Departments of Commerce and Justice, Science, and Related Agencies for the fiscal year ending September 30, 2020, and for other purposes",,,,true,false,
h-116-1-398,116,2019-06-21,AMENDMENT,hr-3055-116,"Making appropriations for the Departments of Commerce and Justice, Science, and Related Agencies for the fiscal year ending September 30, 2020, and for other purposes",,,,true,false,
h-116-1-399,116,2019-06-24,AMENDMENT,hr-3055-116,"Making appropriations for the Departments of Commerce and Justice, Science, and Related Agencies for the fiscal year ending September 30, 2020, and for other purposes",,,,true,false,
h-116-1-400,116,2019-06-24,AMENDMENT,hr-3055-116,"Making appropriations for the Departments of Commerce and Justice, Science, and Related Agencies for the fiscal year ending September 30, 2020, and for other purposes",,,,true,false,
h-116-1-401,116,2019-06-24,AMENDMENT,hr-3055-116,"Making appropriations for the Departments of Commerce and Justice, Science, and Related Agencies for the fiscal year ending September 30, 2020, and for other purposes",,,,true,false,
h-116-1-402,116,2019-06-24,AMENDMENT,hr-3055-116,"Making appropriations for the Departments of Commerce and Justice, Science, and Related Agencies for the fiscal year ending September 30, 2020, and for other purposes",,,,true,false,
h-116-1-403,116,2019-06-25,PROCEDURAL,hres-460-116,"Providing for consideration of H.R. 2722, waiving a requirement of clause 6(a) of rule XIII with respect to consideration of certain resolutions reported from the Committee on Rules, and providing for consideration of H.R. 3351",,,,true,false,
h-116-1-404,116,2019-06-25,PASSAGE,hres-460-116,"Providing for consideration of H.R. 2722, waiving a requirement of clause 6(a) of rule XIII with respect to consideration of certain resolutions reported from the Committee on Rules, and providing for consideration of H.R. 3351",,,,true,false,
h-116-1-405,116,2019-06-25,AMENDMENT,hr-3055-116,"Making appropriations for the Departments of Commerce and Justice, Science, and Related Agencies for the fiscal year ending September 30, 2020, and for other purposes",,,,true,false,
h-116-1-406,116,2019-06-25,AMENDMENT,hr-3055-116,"Making appropriations for the Departments of Commerce and Justice, Science, and Related Agencies for the fiscal year ending September 30, 2020, and for other purposes",,,,true,false,
h-116-1-407,116,2019-06-25,MOTION_TO_RECOMMIT,hr-3055-116,"Making appropriations for the Departments of Commerce and Justice, Science, and Related Agencies for the fiscal year ending September 30, 2020, and for other purposes",,,,true,false,
h-116-1-408,116,2019-06-25,PASSAGE,hr-3055-116,"Making appropriations for the Departments of Commerce and Justice, Science, and Related Agencies for the fiscal year ending September 30, 2020, and for other purposes",,,,true,false,
h-116-1-409,116,2019-06-25,PROCEDURAL,hres-462-116,"Providing for consideration of the bill (H.R. 3401) making emergency supplemental appropriations for the fiscal year ending September 30, 2019, and for other purposes",,,,true,false,
h-116-1-410,116,2019-06-25,PASSAGE,hres-462-116,"Providing for consideration of the bill (H.R. 3401) making emergency supplemental appropriations for the fiscal year ending September 30, 2019, and for other purposes",,,,true,false,
h-116-1-411,116,2019-06-25,AMENDMENT,hr-3351-116,"Making appropriations for financial services and general government for the fiscal year ending September 30, 2020, and for other purposes",,,,true,false,
h-116-1-412,116,2019-06-25,AMENDMENT,hr-3351-116,"Making appropriations for financial services and general government for the fiscal year ending September 30, 2020, and for other purposes",,,,true,false,
h-116-1-413,116,2019-06-25,MOTION_TO_RECOMMIT,hr-3401-116,"Making emergency supplemental appropriations for the fiscal year ending September 30, 2019, and for other purposes",,,,true,false,
h-116-1-414,116,2019-06-25,PASSAGE,hr-3401-116,"Making emergency supplemental appropriations for the fiscal year ending September 30, 2019, and for other purposes",,,,true,false,
h-116-1-415,116,2019-06-26,AMENDMENT,hr-3351-116,"Making appropriations for financial services and general government for the fiscal year ending September 30, 2020, and for other purposes",,,,true,false,
h-116-1-416,116,2019-06-26,AMENDMENT,hr-3351-116,"Making appropriations for financial services and general government for the fiscal year ending September 30, 2020, and for other purposes",,,,true,false,
h-116-1-417,116,2019-06-26,AMENDMENT,hr-3351-116,"Making appropriations for financial services and general government for the fiscal year ending September 30, 2020, and for other purposes",,,,true,false,
h-116-1-418,116,2019-06-26,AMENDMENT,hr-3351-116,"Making appropriations for financial services and general government for the fiscal year ending September 30, 2020, and for other purposes",,,,true,false,
h-116-1-419,116,2019-06-26,AMENDMENT,hr-3351-116,"Making appropriations for financial services and general government for the fiscal year ending September 30, 2020, and for other purposes",,,,true,false,
h-116-1-420,116,2019-06-26,AMENDMENT,hr-3351-116,"Making appropriations for financial services and general government for the fiscal year ending September 30, 2020, and for other purposes",,,,true,false,
h-116-1-421,116,2019-06-26,AMENDMENT,hr-3351-116,"Making appropriations for financial services and general government for the fiscal year ending September 30, 2020, and for other purposes",,,,true,false,
h-116-1-422,116,2019-06-26,AMENDMENT,hr-3351-116,"Making appropriations for financial services and general government for the fiscal year ending September 30, 2020, and for other purposes",,,,true,false,
h-116-1-423,116,2019-06-26,MOTION_TO_RECOMMIT,hr-3351-116,"Making appropriations for financial services and general government for the fiscal year ending September 30, 2020, and for other purposes",,,,true,false,
h-116-1-424,116,2019-06-26,PASSAGE,hr-3351-116,"Making appropriations for financial services and general government for the fiscal year ending September 30, 2020, and for other purposes",,,,true,false,
h-116-1-425,116,2019-06-27,PROCEDURAL,hres-466-116,"Providing for consideration of the Senate amendment to the bill (H.R. 3401) making emergency supplemental appropriations for the fiscal year ending September 30, 2019, and for other purposes",,,,true,false,
h-116-1-426,116,2019-06-27,PASSAGE,hres-466-116,"Providing for consideration of the Senate amendment to the bill (H.R. 3401) making emergency supplemental appropriations for the fiscal year ending September 30, 2019, and for other purposes",,,,true,false,
h-116-1-427,116,2019-06-27,MOTION_TO_RECOMMIT,hr-2722-116,SAFE Act,,,,true,false,
h-116-1-428,116,2019-06-27,PASSAGE,hr-2722-116,SAFE Act,,,,true,false,
h-116-1-429,116,2019-06-27,AMENDMENT,hr-3401-116,"Making emergency supplemental appropriations for the fiscal year ending September 30, 2019, and for other purposes",,,,true,false,
h-116-1-430,116,2019-06-27,PROCEDURAL,,,,,,true,false,
h-116-1-431,116,2019-07-09,SUSPENSION,hr-2515-116,Whistleblower Protection Reform Act,,,,true,false,
h-116-1-432,116,2019-07-09,SUSPENSION,hr-3050-116,Expanding Investment in Small Businesses Act,,,,true,false,
h-116-1-433,116,2019-07-09,SUSPENSION,hr-2409-116,Expanding Access to Capital for Rural Job Creators Act,,,ACCESS_TO_CAPITAL,true,false,
h-116-1-434,116,2019-07-10,AMENDMENT,hres-476-116,"Providing for consideration of H.R. 2500, the National Defense Authorization Act for Fiscal Year 2020, and providing for consideration of motions to suspend the rules",,,,true,false,
h-116-1-435,116,2019-07-10,AMENDMENT,hres-476-116,"Providing for consideration of H.R. 2500, the National Defense Authorization Act for Fiscal Year 2020, and providing for consideration of motions to suspend the rules",,,,true,false,
h-116-1-436,116,2019-07-10,PASSAGE,hres-476-116,"Providing for consideration of H.R. 2500, the National Defense Authorization Act for Fiscal Year 2020, and providing for consideration of motions to suspend the rules",,,,true,false,
h-116-1-437,116,2019-07-10,SUSPENSION,hr-1044-116,Fairness for High-Skilled Immigrants Act,,,,true,false,
h-116-1-438,116,2019-07-11,AMENDMENT,hr-2500-116,National Defense Authorization Act for Fiscal Year 2020,,,,true,false,
h-116-1-439,116,2019-07-11,AMENDMENT,hr-2500-116,National Defense Authorization Act for Fiscal Year 2020,,,,true,false,
h-116-1-440,116,2019-07-11,AMENDMENT,hr-2500-116,National Defense Authorization Act for Fiscal Year 2020,,,,true,false,
h-116-1-441,116,2019-07-11,AMENDMENT,hr-2500-116,National Defense Authorization Act for Fiscal Year 2020,,,,true,false,
h-116-1-442,116,2019-07-11,AMENDMENT,hr-2500-116,National Defense Authorization Act for Fiscal Year 2020,,,,true,false,
h-116-1-443,116,2019-07-11,AMENDMENT,hr-2500-116,National Defense Authorization Act for Fiscal Year 2020,,,,true,false,
h-116-1-444,116,2019-07-11,AMENDMENT,hr-2500-116,National Defense Authorization Act for Fiscal Year 2020,,,,true,false,
h-116-1-445,116,2019-07-11,AMENDMENT,hr-2500-116,National Defense Authorization Act for Fiscal Year 2020,,,,true,false,
h-116-1-446,116,2019-07-11,AMENDMENT,hr-2500-116,National Defense Authorization Act for Fiscal Year 2020,,,,true,false,
h-116-1-447,116,2019-07-11,AMENDMENT,hr-2500-116,National Defense Authorization Act for Fiscal Year 2020,,,,true,false,
h-116-1-448,116,2019-07-11,AMENDMENT,hr-2500-116,National Defense Authorization Act for Fiscal Year 2020,,,,true,false,
h-116-1-449,116,2019-07-11,AMENDMENT,hr-2500-116,National Defense Authorization Act for Fiscal Year 2020,,,,true,false,
h-116-1-450,116,2019-07-11,AMENDMENT,hr-2500-116,National Defense Authorization Act for Fiscal Year 2020,,,,true,false,
h-116-1-451,116,2019-07-11,AMENDMENT,hr-2500-116,National Defense Authorization Act for Fiscal Year 2020,,,,true,false,
h-116-1-452,116,2019-07-11,AMENDMENT,hr-2500-116,National Defense Authorization Act for Fiscal Year 2020,,,,true,false,
h-116-1-453,116,2019-07-11,AMENDMENT,hr-2500-116,National Defense Authorization Act for Fiscal Year 2020,,,,true,false,
h-116-1-454,116,2019-07-11,AMENDMENT,hr-2500-116,National Defense Authorization Act for Fiscal Year 2020,,,,true,false,
h-116-1-455,116,2019-07-11,AMENDMENT,hr-2500-116,National Defense Authorization Act for Fiscal Year 2020,,,,true,false,
h-116-1-456,116,2019-07-11,AMENDMENT,hr-2500-116,National Defense Authorization Act for Fiscal Year 2020,,,,true,false,
h-116-1-457,116,2019-07-11,AMENDMENT,hr-2500-116,National Defense Authorization Act for Fiscal Year 2020,,,,true,false,
h-116-1-458,116,2019-07-11,AMENDMENT,hr-2500-116,National Defense Authorization Act for Fiscal Year 2020,,,,true,false,
h-116-1-459,116,2019-07-12,AMENDMENT,hr-2500-116,National Defense Authorization Act for Fiscal Year 2020,,,,true,false,
h-116-1-460,116,2019-07-12,AMENDMENT,hr-2500-116,National Defense Authorization Act for Fiscal Year 2020,,,,true,false,
h-116-1-461,116,2019-07-12,AMENDMENT,hr-2500-116,National Defense Authorization Act for Fiscal Year 2020,,,,true,false,
h-116-1-462,116,2019-07-12,AMENDMENT,hr-2500-116,National Defense Authorization Act for Fiscal Year 2020,,,,true,false,
h-116-1-463,116,2019-07-12,AMENDMENT,hr-2500-116,National Defense Authorization Act for Fiscal Year 2020,,,,true,false,
h-116-1-464,116,2019-07-12,AMENDMENT,hr-2500-116,National Defense Authorization Act for Fiscal Year 2020,,,,true,false,
h-116-1-465,116,2019-07-12,AMENDMENT,hr-2500-116,National Defense Authorization Act for Fiscal Year 2020,,,,true,false,
h-116-1-466,116,2019-07-12,AMENDMENT,hr-2500-116,National Defense Authorization Act for Fiscal Year 2020,,,,true,false,
h-116-1-467,116,2019-07-12,AMENDMENT,hr-2500-116,National Defense Authorization Act for Fiscal Year 2020,,,,true,false,
h-116-1-468,116,2019-07-12,AMENDMENT,hr-2500-116,National Defense Authorization Act for Fiscal Year 2020,,,,true,false,
h-116-1-469,116,2019-07-12,AMENDMENT,hr-2500-116,National Defense Authorization Act for Fiscal Year 2020,,,,true,false,
h-116-1-470,116,2019-07-12,AMENDMENT,hr-2500-116,National Defense Authorization Act for Fiscal Year 2020,,,,true,false,
h-116-1-471,116,2019-07-12,AMENDMENT,hr-2500-116,National Defense Authorization Act for Fiscal Year 2020,,,,true,false,
h-116-1-472,116,2019-07-12,MOTION_TO_RECOMMIT,hr-2500-116,National Defense Authorization Act for Fiscal Year 2020,,,,true,false,
h-116-1-473,116,2019-07-12,PASSAGE,hr-2500-116,National Defense Authorization Act for Fiscal Year 2020,,,,true,false,
h-116-1-474,116,2019-07-12,SUSPENSION,hr-1327-116,"Never Forget the Heroes: James Zadroga, Ray Pfeifer, and Luis Alvarez Permanent Authorization of the September 11th Victim Compensation Fund Act",,,,true,false,
h-116-1-475,116,2019-07-15,SUSPENSION,hr-2744-116,USAID Branding Modernization Act,,,,true,false,
h-116-1-476,116,2019-07-15,SUSPENSION,hres-432-116,Condemning the attacks on peaceful protesters and supporting an immediate peaceful transition to a civilian-led democratic government in Sudan,,,,true,false,
h-116-1-477,116,2019-07-15,SUSPENSION,hr-2037-116,Saudi Arabia Human Rights and Accountability Act,,,,true,false,
h-116-1-478,116,2019-07-16,PROCEDURAL,hres-491-116,"Providing for consideration of H.R. 3494, relating to the consideration of House Report 116-125 and an accompanying resolution, relating to the consideration of measures disapproving of sales, exports, or approvals pursuant to the Arms Export Control Act, and providing for consideration of H. Res. 489",,,,true,false,
h-116-1-479,116,2019-07-16,PASSAGE,hres-491-116,"Providing for consideration of H.R. 3494, relating to the consideration of House Report 116-125 and an accompanying resolution, relating to the consideration of measures disapproving of sales, exports, or approvals pursuant to the Arms Export Control Act, and providing for consideration of H. Res. 489",,,,true,false,
h-116-1-480,116,2019-07-16,PROCEDURAL,hres-489-116,Condemning President Trump’s racist comments directed at Members of Congress,,,,true,false,
h-116-1-481,116,2019-07-16,PROCEDURAL,hres-489-116,Condemning President Trump’s racist comments directed at Members of Congress,,,,true,false,
h-116-1-482,116,2019-07-16,PASSAGE,hres-489-116,Condemning President Trump’s racist comments directed at Members of Congress,,,,true,false,
h-116-1-483,116,2019-07-17,PROCEDURAL,hres-498-116,"Impeaching Donald John Trump, President of the United States, of high misdemeanors",,,,true,false,
h-116-1-484,116,2019-07-17,PROCEDURAL,hres-492-116,"Providing for consideration of the bill (H.R. 582) to provide for increases in the Federal minimum wage, and for other purposes",,,WORKFORCE,true,false,
h-116-1-485,116,2019-07-17,PASSAGE,hres-492-116,"Providing for consideration of the bill (H.R. 582) to provide for increases in the Federal minimum wage, and for other purposes",,,WORKFORCE,true,false,
h-116-1-486,116,2019-07-17,PASSAGE,sjres-36-116,"Providing for congressional disapproval of the proposed transfer to the Kingdom of Saudi Arabia, the United Kingdom of Great Britain, and Northern Ireland, the Kingdom of Spain, and the Italian Republic of certain defense articles and services",,,,true,false,
h-116-1-487,116,2019-07-17,PASSAGE,sjres-37-116,"Providing for congressional disapproval of the proposed export to the United Arab Emirates, the United Kingdom of Great Britain and Northern Ireland, and the Republic of France of certain defense articles and services",,,,true,false,
h-116-1-488,116,2019-07-17,PASSAGE,sjres-38-116,Providing for congressional disapproval of the proposed export to the Kingdom of Saudi Arabia and the United Kingdom of Great Britain and Northern Ireland of certain defense articles and services,,,,true,false,
h-116-1-489,116,2019-07-17,PASSAGE,hres-497-116,"Recommending that the House of Representatives find William P. Barr, Attorney General of the United States, and Wilbur L. Ross, Jr., Secretary of Commerce, In Contempt of Congress for Refusal to Comply with Subpoenas Duly Issued by the Committee on Oversight and Reform",,,,true,false,
h-116-1-490,116,2019-07-17,AMENDMENT,hr-3494-116,"To authorize appropriations for fiscal year 2020 for intelligence and intelligence-related activities of the United States Government, the Community Management Account, and the Central Intelligence Agency Retirement and Disability System, and for other purposes",,,,true,false,
h-116-1-491,116,2019-07-17,AMENDMENT,hr-3494-116,"To authorize appropriations for fiscal year 2020 for intelligence and intelligence-related activities of the United States Government, the Community Management Account, and the Central Intelligence Agency Retirement and Disability System, and for other purposes",,,,true,false,
h-116-1-492,116,2019-07-17,PASSAGE,hr-3494-116,"To authorize appropriations for fiscal year 2020 for intelligence and intelligence-related activities of the United States Government, the Community Management Account, and the Central Intelligence Agency Retirement and Disability System, and for other purposes",,,,true,false,
h-116-1-493,116,2019-07-17,SUSPENSION,hr-748-116,Middle Class Health Benefits Tax Repeal Act,,,,true,false,
h-116-1-494,116,2019-07-18,AMENDMENT,hr-582-116,Raise the Wage Act,,,,true,false,
h-116-1-495,116,2019-07-18,MOTION_TO_RECOMMIT,hr-582-116,Raise the Wage Act,,,,true,false,
h-116-1-496,116,2019-07-18,PASSAGE,hr-582-116,Raise the Wage Act,,,,true,false,
h-116-1-497,116,2019-07-23,SUSPENSION,hres-246-116,"Opposing efforts to delegitimize the State of Israel and the Global Boycott, Divestment, and Sanctions Movement targeting Israel",,,,true,false,
h-116-1-498,116,2019-07-23,SUSPENSION,hr-549-116,Venezuela TPS Act,,,,true,false,
h-116-1-499,116,2019-07-23,SUSPENSION,hr-3304-116,"To exempt for an additional 4-year period, from the application of the means-test presumption of abuse under chapter 7, qualifying members of reserve components of the Armed Forces and members of the National Guard who, after September 11, 2001, are called to active duty or to perform a homeland defense activity",,,,true,false,
h-116-1-500,116,2019-07-24,PROCEDURAL,hres-509-116,"Providing for consideration of the bill (H.R. 397) Rehabilitation for Multiemployer Pensions Act of 2019; providing for consideration of the bill (H.R. 3239) Humanitarian Standards for Individuals in Customs and Border Protection Custody Act; and providing for proceedings from July 29, 2019 through September 6, 2019",,,,true,false,
h-116-1-501,116,2019-07-24,PASSAGE,hres-509-116,"Providing for consideration of the bill (H.R. 397) Rehabilitation for Multiemployer Pensions Act of 2019; providing for consideration of the bill (H.R. 3239) Humanitarian Standards for Individuals in Customs and Border Protection Custody Act; and providing for proceedings from July 29, 2019 through September 6, 2019",,,,true,false,
h-116-1-502,116,2019-07-24,SUSPENSION,hr-3375-116,Stopping Bad Robocalls Act,,,,true,false,
h-116-1-503,116,2019-07-24,AMENDMENT,hr-397-116,Rehabilitation for Multiemployer Pensions Act,,,,true,false,
h-116-1-504,116,2019-07-24,MOTION_TO_RECOMMIT,hr-397-116,Rehabilitation for Multiemployer Pensions Act,,,,true,false,
h-116-1-505,116,2019-07-24,PASSAGE,hr-397-116,Rehabilitation for Multiemployer Pensions Act,,,,true,false,
h-116-1-506,116,2019-07-24,MOTION_TO_RECOMMIT,hr-3239-116,Humanitarian Standards for Individuals in Customs and Border Protection Custody Act,,,,true,false,
h-116-1-507,116,2019-07-24,PASSAGE,hr-3239-116,Humanitarian Standards for Individuals in Customs and Border Protection Custody Act,,,,true,false,
h-116-1-508,116,2019-07-25,PROCEDURAL,hres-519-116,Providing for consideration of the bill (H.R. 3877) the Bipartisan Budget Act of 2019; providing for consideration of the bill (H.R. 549) the Venezuela TPS Act of 2019; and waiving a requirement of clause 6(a) of Rule XIII with respect to consideration of certain resolutions reported from the Committee on Rules,,,,true,false,
h-116-1-509,116,2019-07-25,PASSAGE,hres-519-116,Providing for consideration of the bill (H.R. 3877) the Bipartisan Budget Act of 2019; providing for consideration of the bill (H.R. 549) the Venezuela TPS Act of 2019; and waiving a requirement of clause 6(a) of Rule XIII with respect to consideration of certain resolutions reported from the Committee on Rules,,,,true,false,
h-116-1-510,116,2019-07-25,SUSPENSION,hr-693-116,PAST Act,,,,true,false,
h-116-1-511,116,2019-07-25,PASSAGE,hr-3877-116,Bipartisan Budget Act,,,,true,false,
h-116-1-512,116,2019-07-25,AMENDMENT,hr-3877-116,Bipartisan Budget Act,,,,true,false,
h-116-1-513,116,2019-07-25,MOTION_TO_RECOMMIT,hr-549-116,Venezuela TPS Act,,,,true,false,
h-116-1-514,116,2019-07-25,PASSAGE,hr-549-116,Venezuela TPS Act,,,,true,false,
h-116-1-515,116,2019-09-09,SUSPENSION,hr-1420-116,Energy Efficient Government Technology Act,,,,true,false,
h-116-1-516,116,2019-09-09,SUSPENSION,hr-1768-116,Diesel Emissions Reduction Act,,,,true,false,
h-116-1-517,116,2019-09-10,PROCEDURAL,hres-548-116,Providing for consideration of the bill (H.R. 205) Protecting and Securing Florida’s Coastline Act; providing for consideration of the bill (H.R. 1146) Arctic Cultural and Coastal Plain Protection Act; and providing for consideration of the bill (H.R. 1941) Coastal and Marine Economies Protection Act,,,,true,false,
h-116-1-518,116,2019-09-10,PASSAGE,hres-548-116,Providing for consideration of the bill (H.R. 205) Protecting and Securing Florida’s Coastline Act; providing for consideration of the bill (H.R. 1146) Arctic Cultural and Coastal Plain Protection Act; and providing for consideration of the bill (H.R. 1941) Coastal and Marine Economies Protection Act,,,,true,false,
h-116-1-519,116,2019-09-10,SUSPENSION,hr-2852-116,Homebuyer Assistance Act,,,,true,false,
h-116-1-520,116,2019-09-11,AMENDMENT,hr-205-116,Protecting and Securing Florida’s Coastline Act of 2019,,,,true,false,
h-116-1-521,116,2019-09-11,PASSAGE,hr-205-116,Protecting and Securing Florida’s Coastline Act of 2019,,,,true,false,
h-116-1-522,116,2019-09-11,AMENDMENT,hr-1941-116,Coastal and Marine Economies Protection Act,,,,true,false,
h-116-1-523,116,2019-09-11,AMENDMENT,hr-1941-116,Coastal and Marine Economies Protection Act,,,,true,false,
h-116-1-524,116,2019-09-11,MOTION_TO_RECOMMIT,hr-1941-116,Coastal and Marine Economies Protection Act,,,,true,false,
h-116-1-525,116,2019-09-11,PASSAGE,hr-1941-116,Coastal and Marine Economies Protection Act,,,,true,false,
h-116-1-526,116,2019-09-12,AMENDMENT,hr-1146-116,Arctic Cultural and Coastal Plain Protection Act,,,,true,false,
h-116-1-527,116,2019-09-12,AMENDMENT,hr-1146-116,Arctic Cultural and Coastal Plain Protection Act,,,,true,false,
h-116-1-528,116,2019-09-12,AMENDMENT,hr-1146-116,Arctic Cultural and Coastal Plain Protection Act,,,,true,false,
h-116-1-529,116,2019-09-12,MOTION_TO_RECOMMIT,hr-1146-116,Arctic Cultural and Coastal Plain Protection Act,,,,true,false,
h-116-1-530,116,2019-09-12,PASSAGE,hr-1146-116,Arctic Cultural and Coastal Plain Protection Act,,,,true,false,
h-116-1-531,116,2019-09-17,PROCEDURAL,s-1790-116,National Defense Authorization Act for Fiscal Year 2020,,,,true,false,
h-116-1-532,116,2019-09-17,PROCEDURAL,s-1790-116,National Defense Authorization Act for Fiscal Year 2020,,,,true,false,
h-116-1-533,116,2019-09-18,PROCEDURAL,hres-558-116,Providing for consideration of the bill (H.R. 1423) FAIR Act; waiving a requirement of clause 6(a) of rule XIII with respect to consideration of certain resolutions reported from the Committee on Rules; and providing for consideration of motions to suspend the rules,,,,true,false,
h-116-1-534,116,2019-09-18,PASSAGE,hres-558-116,Providing for consideration of the bill (H.R. 1423) FAIR Act; waiving a requirement of clause 6(a) of rule XIII with respect to consideration of certain resolutions reported from the Committee on Rules; and providing for consideration of motions to suspend the rules,,,,true,false,
h-116-1-535,116,2019-09-18,SUSPENSION,hr-4285-116,Department of Veterans Affairs Expiring Authorities Act,,,,true,false,
h-116-1-536,116,2019-09-19,PROCEDURAL,hres-564-116,"Providing for consideration of H.R. 4378, making continuing appropriations for fiscal year 2020, and for other purposes",,,,true,false,
h-116-1-537,116,2019-09-19,PASSAGE,hres-564-116,"Providing for consideration of H.R. 4378, making continuing appropriations for fiscal year 2020, and for other purposes",,,,true,false,
h-116-1-538,116,2019-09-19,PASSAGE,hr-4378-116,"Making continuing appropriations for fiscal year 2020, and for other purposes",,,,true,false,
h-116-1-539,116,2019-09-20,AMENDMENT,hr-1423-116,Forced Arbitration Injustice Repeal Act,,,,true,false,
h-116-1-540,116,2019-09-20,PASSAGE,hr-1423-116,Forced Arbitration Injustice Repeal Act,,,,true,false,
h-116-1-541,116,2019-09-24,SUSPENSION,hr-3190-116,BURMA Act,,,,true,false,
h-116-1-542,116,2019-09-25,AMENDMENT,hres-577-116,"Providing for consideration of H.R. 2203, the Homeland Security Improvement Act; H.R. 3525, the US Border Patrol Medical Screening Standards Act ; and H.Res. 576, expressing the sense of the House with respect to the whistleblower complaint of Aug 12, 2019, made to the Inspector General of the Intelligence Community",,,WORKFORCE,true,false,
h-116-1-543,116,2019-09-25,PASSAGE,hres-577-116,"Providing for consideration of H.R. 2203, the Homeland Security Improvement Act; H.R. 3525, the US Border Patrol Medical Screening Standards Act ; and H.Res. 576, expressing the sense of the House with respect to the whistleblower complaint of Aug 12, 2019, made to the Inspector General of the Intelligence Community",,,WORKFORCE,true,false,
h-116-1-544,116,2019-09-25,SUSPENSION,hr-1595-116,SAFE Banking Act,,,,true,false,
h-116-1-545,116,2019-09-25,MOTION_TO_RECOMMIT,hr-2203-116,Homeland Security Improvement Act,,,,true,false,
h-116-1-546,116,2019-09-25,PASSAGE,hr-2203-116,Homeland Security Improvement Act,,,,true,false,
h-116-1-547,116,2019-09-25,PROCEDURAL,hres-590-116,Raising a question of the privileges of the House,,,,true,false,
h-116-1-548,116,2019-09-25,PASSAGE,hres-576-116,"Expressing the sense of the House of Representatives with respect to the whistleblower complaint of August 12, 2019, made to the Inspector General of the Intelligence Community",,,,true,false,
h-116-1-549,116,2019-09-26,PROCEDURAL,hres-591-116,"Providing for consideration of S.J. Res. 54, relating to a national emergency declared by the President on February 15, 2019",,,,true,false,
h-116-1-550,116,2019-09-26,PASSAGE,hres-591-116,"Providing for consideration of S.J. Res. 54, relating to a national emergency declared by the President on February 15, 2019",,,,true,false,
h-116-1-551,116,2019-09-26,MOTION_TO_RECOMMIT,hr-3525-116,U.S. Border Patrol Medical Screening Standards Act,,,WORKFORCE,true,false,
h-116-1-552,116,2019-09-26,PASSAGE,hr-3525-116,U.S. Border Patrol Medical Screening Standards Act,,,WORKFORCE,true,true,
h-116-1-553,116,2019-09-27,PASSAGE,sjres-54-116,"Relating to a national emergency declared by the President on February 15, 2019",,,,true,false,
h-116-1-554,116,2019-09-27,SUSPENSION,hr-3722-116,Joint Task Force to Combat Opioid Trafficking Act,,,,true,false,
h-116-1-555,116,2019-09-27,PROCEDURAL,hres-603-116,Raising a question of the privileges of the House,,,,true,false,
h-116-1-556,116,2019-10-15,SUSPENSION,hr-2385-116,To permit the Secretary of Veterans Affairs to establish a grant program to conduct cemetery research and produce educational materials for the Veterans Legacy Program,,,,true,false,
h-116-1-557,116,2019-10-15,SUSPENSION,hr-95-116,Homeless Veteran Families Act,,,,true,false,
h-116-1-558,116,2019-10-16,PROCEDURAL,hres-629-116,"Providing for consideration of the bill (H.R. 1815) SEC Disclosure Effectiveness Testing Act, and providing for consideration of the bill (H.R. 3624) Outsourcing Accountability Act",,,,true,false,
h-116-1-559,116,2019-10-16,PASSAGE,hres-629-116,"Providing for consideration of the bill (H.R. 1815) SEC Disclosure Effectiveness Testing Act, and providing for consideration of the bill (H.R. 3624) Outsourcing Accountability Act",,,,true,false,
h-116-1-560,116,2019-10-16,SUSPENSION,hjres-77-116,Opposing the decision to end certain United States efforts to prevent Turkish military operations against Syrian Kurdish forces in Northeast Syria,,,,true,false,
h-116-1-561,116,2019-10-17,AMENDMENT,hr-1815-116,SEC Disclosure Effectiveness Testing Act,,,,true,false,
h-116-1-562,116,2019-10-17,AMENDMENT,hr-1815-116,SEC Disclosure Effectiveness Testing Act,,,,true,false,
h-116-1-563,116,2019-10-17,AMENDMENT,hr-1815-116,SEC Disclosure Effectiveness Testing Act,,,,true,false,
h-116-1-564,116,2019-10-17,PASSAGE,hr-1815-116,SEC Disclosure Effectiveness Testing Act,,,,true,false,
h-116-1-565,116,2019-10-18,AMENDMENT,hr-3624-116,Outsourcing Accountability Act of 2019,,,,true,false,
h-116-1-566,116,2019-10-18,AMENDMENT,hr-3624-116,Outsourcing Accountability Act of 2019,,,,true,false,
h-116-1-567,116,2019-10-18,PASSAGE,hr-3624-116,Outsourcing Accountability Act of 2019,,,,true,false,
h-116-1-568,116,2019-10-21,PROCEDURAL,hres-647-116,Raising a question of the privileges of the House,,,,true,false,
h-116-1-569,116,2019-10-21,SUSPENSION,hr-4406-116,Small Business Development Centers Improvement Act,,,,true,false,
h-116-1-570,116,2019-10-21,SUSPENSION,hr-4407-116,SCORE for Small Business Act,,,,true,false,
h-116-1-571,116,2019-10-22,PROCEDURAL,hres-646-116,Providing for consideration of the bill (H.R. 2513) Corporate Transparency Act,,,REGULATORY_BURDEN,true,false,
h-116-1-572,116,2019-10-22,PASSAGE,hres-646-116,Providing for consideration of the bill (H.R. 2513) Corporate Transparency Act,,,REGULATORY_BURDEN,true,false,
h-116-1-573,116,2019-10-22,AMENDMENT,hr-2513-116,Corporate Transparency Act,,,REGULATORY_BURDEN,true,true,
h-116-1-574,116,2019-10-22,AMENDMENT,hr-2513-116,Corporate Transparency Act,,,REGULATORY_BURDEN,true,true,
h-116-1-575,116,2019-10-22,AMENDMENT,hr-2513-116,Corporate Transparency Act,,,REGULATORY_BURDEN,true,true,
h-116-1-576,116,2019-10-22,MOTION_TO_RECOMMIT,hr-2513-116,Corporate Transparency Act,,,REGULATORY_BURDEN,true,false,
h-116-1-577,116,2019-10-22,PASSAGE,hr-2513-116,Corporate Transparency Act,,,REGULATORY_BURDEN,true,true,
h-116-1-578,116,2019-10-22,SUSPENSION,hr-2426-116,Copyright Alternative in Small-Claims Enforcement Act of 2019,,,,true,false,
h-116-1-579,116,2019-10-23,PROCEDURAL,hres-650-116,"Providing for consideration of H.R. 4617, the Stopping Harmful Interference in Elections for a Lasting Democracy Act",,,,true,false,
h-116-1-580,116,2019-10-23,PASSAGE,hres-650-116,"Providing for consideration of H.R. 4617, the Stopping Harmful Interference in Elections for a Lasting Democracy Act",,,,true,false,
h-116-1-581,116,2019-10-23,AMENDMENT,hr-4617-116,SHIELD Act,,,,true,false,
h-116-1-582,116,2019-10-23,MOTION_TO_RECOMMIT,hr-4617-116,SHIELD Act,,,,true,false,
h-116-1-583,116,2019-10-23,PASSAGE,hr-4617-116,SHIELD Act,,,,true,false,
h-116-1-584,116,2019-10-23,SUSPENSION,hr-777-116,Debbie Smith Reauthorization Act of 2019,,,,true,false,
h-116-1-585,116,2019-10-28,SUSPENSION,hr-2440-116,Full Utilization of the Harbor Maintenance Trust Fund Act,,,,true,false,
h-116-1-586,116,2019-10-28,SUSPENSION,hr-2115-116,Public Disclosure of Drug Discounts and Real-Time Beneficiary Drug Cost Act,,,,true,false,
h-116-1-587,116,2019-10-29,PROCEDURAL,hres-655-116,"Providing for consideration of H. Res. 296, affirming the United States record on the Armenian Genocide",,,,true,false,
h-116-1-588,116,2019-10-29,PASSAGE,hres-655-116,"Providing for consideration of H. Res. 296, affirming the United States record on the Armenian Genocide",,,,true,false,
h-116-1-589,116,2019-10-29,PROCEDURAL,hres-656-116,"Providing for consideration of H.R. 823, the Colorado Outdoor Recreation and Economy Act; H.R. 1373, the Grand Canyon Centennial Protection Act; H.R. 2181, the Chaco Cultural Heritage Area Protection Act of 2019; providing for proceedings during the period from November 1, 2019 through November 11, 2019",,,,true,false,
h-116-1-590,116,2019-10-29,PASSAGE,hres-656-116,"Providing for consideration of H.R. 823, the Colorado Outdoor Recreation and Economy Act; H.R. 1373, the Grand Canyon Centennial Protection Act; H.R. 2181, the Chaco Cultural Heritage Area Protection Act of 2019; providing for proceedings during the period from November 1, 2019 through November 11, 2019",,,,true,false,
h-116-1-591,116,2019-10-29,PASSAGE,hres-296-116,Affirming the United States record on the Armenian Genocide,,,,true,false,
h-116-1-592,116,2019-10-29,SUSPENSION,hr-4695-116,Protect Against Conflict by Turkey Act,,,,true,false,
h-116-1-593,116,2019-10-30,AMENDMENT,hr-2181-116,Chaco Cultural Heritage Area Protection Act,,,,true,false,
h-116-1-594,116,2019-10-30,AMENDMENT,hr-2181-116,Chaco Cultural Heritage Area Protection Act,,,,true,false,
h-116-1-595,116,2019-10-30,AMENDMENT,hr-2181-116,Chaco Cultural Heritage Area Protection Act,,,,true,false,
h-116-1-596,116,2019-10-30,MOTION_TO_RECOMMIT,hr-2181-116,Chaco Cultural Heritage Area Protection Act,,,,true,false,
h-116-1-597,116,2019-10-30,PASSAGE,hr-2181-116,Chaco Cultural Heritage Area Protection Act,,,,true,false,
h-116-1-598,116,2019-10-30,AMENDMENT,hr-1373-116,Grand Canyon Centennial Protection Act,,,,true,false,
h-116-1-599,116,2019-10-30,AMENDMENT,hr-1373-116,Grand Canyon Centennial Protection Act,,,,true,false,
h-116-1-600,116,2019-10-30,AMENDMENT,hr-1373-116,Grand Canyon Centennial Protection Act,,,,true,false,
h-116-1-601,116,2019-10-30,MOTION_TO_RECOMMIT,hr-1373-116,Grand Canyon Centennial Protection Act,,,,true,false,
h-116-1-602,116,2019-10-30,PASSAGE,hr-1373-116,Grand Canyon Centennial Protection Act,,,,true,false,
h-116-1-603,116,2019-10-31,PROCEDURAL,hres-660-116,"Directing certain committees to continue their ongoing investigations as part of the existing House of Representatives inquiry into whether sufficient grounds exist for the House of Representatives to exercise its Constitutional power to impeach Donald John Trump, President of the United States of America",,,,true,false,
h-116-1-604,116,2019-10-31,PASSAGE,hres-660-116,"Directing certain committees to continue their ongoing investigations as part of the existing House of Representatives inquiry into whether sufficient grounds exist for the House of Representatives to exercise its Constitutional power to impeach Donald John Trump, President of the United States of America",,,,true,false,
h-116-1-605,116,2019-10-31,AMENDMENT,hr-823-116,Colorado Outdoor Recreation and Economy Act,,,,true,false,
h-116-1-606,116,2019-10-31,AMENDMENT,hr-823-116,Colorado Outdoor Recreation and Economy Act,,,,true,false,
h-116-1-607,116,2019-10-31,AMENDMENT,hr-823-116,Colorado Outdoor Recreation and Economy Act,,,,true,false,
h-116-1-608,116,2019-10-31,MOTION_TO_RECOMMIT,hr-823-116,Colorado Outdoor Recreation and Economy Act,,,,true,false,
h-116-1-609,116,2019-10-31,PASSAGE,hr-823-116,Colorado Outdoor Recreation and Economy Act,,,,true,false,
h-116-1-610,116,2019-11-12,SUSPENSION,hr-4162-116,GI Bill Planning Act,,,,true,false,
h-116-1-611,116,2019-11-12,SUSPENSION,hr-3224-116,Deborah Sampson Act,,,,true,false,
h-116-1-612,116,2019-11-13,SUSPENSION,hr-3537-116,Veteran Entrepreneurship Training Act,,,ACCESS_TO_CAPITAL,true,false,
h-116-1-613,116,2019-11-13,SUSPENSION,hr-499-116,Service-Disabled Veterans Small Business Continuation Act,,,,true,false,
h-116-1-614,116,2019-11-13,SUSPENSION,hr-3734-116,SERV Act,,,,true,false,
h-116-1-615,116,2019-11-14,PROCEDURAL,hres-695-116,"Providing for consideration of H.R. 4863, the United States Export Finance Agency Act of 2019; and for other purposes",,,,true,false,
h-116-1-616,116,2019-11-14,PASSAGE,hres-695-116,"Providing for consideration of H.R. 4863, the United States Export Finance Agency Act of 2019; and for other purposes",,,,true,false,
h-116-1-617,116,2019-11-15,AMENDMENT,hr-4863-116,United States Export Finance Agency Act,,,,true,false,
h-116-1-618,116,2019-11-15,AMENDMENT,hr-4863-116,United States Export Finance Agency Act,,,,true,false,
h-116-1-619,116,2019-11-15,AMENDMENT,hr-4863-116,United States Export Finance Agency Act,,,,true,false,
h-116-1-620,116,2019-11-15,AMENDMENT,hr-4863-116,United States Export Finance Agency Act,,,,true,false,
h-116-1-621,116,2019-11-15,AMENDMENT,hr-4863-116,United States Export Finance Agency Act,,,,true,false,
h-116-1-622,116,2019-11-15,AMENDMENT,hr-4863-116,United States Export Finance Agency Act,,,,true,false,
h-116-1-623,116,2019-11-15,MOTION_TO_RECOMMIT,hr-4863-116,United States Export Finance Agency Act,,,,true,false,
h-116-1-624,116,2019-11-15,PASSAGE,hr-4863-116,United States Export Finance Agency Act,,,,true,false,
h-116-1-625,116,2019-11-18,SUSPENSION,hr-3702-116,Reforming Disaster Recovery Act,,,,true,false,
h-116-1-626,116,2019-11-18,SUSPENSION,hr-4634-116,Terrorism Risk Insurance Program Reauthorization Act,,,,true,false,
h-116-1-627,116,2019-11-18,SUSPENSION,hr-4344-116,Investor Protection and Capital Markets Fairness Act,,,,true,false,
h-116-1-628,116,2019-11-19,PROCEDURAL,hres-708-116,"Providing for consideration of the Senate amendment to the bill (H.R. 3055) making appropriations for the Departments of Commerce and Justice, Science, and Related Agencies for the fiscal year ending September 30, 2020, and for other purposes",,,,true,false,
h-116-1-629,116,2019-11-19,PASSAGE,hres-708-116,"Providing for consideration of the Senate amendment to the bill (H.R. 3055) making appropriations for the Departments of Commerce and Justice, Science, and Related Agencies for the fiscal year ending September 30, 2020, and for other purposes",,,,true,false,
h-116-1-630,116,2019-11-19,SUSPENSION,hr-5084-116,Improving Corporate Governance Through Diversity Act,,,,true,false,
h-116-1-631,116,2019-11-19,AMENDMENT,hr-3055-116,"Making appropriations for the Departments of Commerce and Justice, Science, and Related Agencies for the fiscal year ending September 30, 2020, and for other purposes",,,,true,false,
h-116-1-632,116,2019-11-20,PROCEDURAL,hres-713-116,"Providing for consideration of H.R. 1309, the Workplace Violence Prevention for Health Care and Social Service Workers Act; providing for proceedings during the period from November 22, 2019 through December 2, 2019; and providing for consideration of motions to suspend the rules",,,,true,false,
h-116-1-633,116,2019-11-20,PASSAGE,hres-713-116,"Providing for consideration of H.R. 1309, the Workplace Violence Prevention for Health Care and Social Service Workers Act; providing for proceedings during the period from November 22, 2019 through December 2, 2019; and providing for consideration of motions to suspend the rules",,,,true,false,
h-116-1-634,116,2019-11-20,SUSPENSION,hr-737-116,Shark Fin Sales Elimination Act,,,,true,false,
h-116-1-635,116,2019-11-20,SUSPENSION,s-1838-116,Hong Kong Human Rights and Democracy Act,,,,true,false,
h-116-1-636,116,2019-11-20,SUSPENSION,s-2710-116,To prohibit the commercial export of covered munitions items to the Hong Kong Police Force,,,,true,false,
h-116-1-637,116,2019-11-21,AMENDMENT,hr-1309-116,Workplace Violence Prevention for Heath Care and Social Service Workers Act,,,,true,false,
h-116-1-638,116,2019-11-21,AMENDMENT,hr-1309-116,Workplace Violence Prevention for Heath Care and Social Service Workers Act,,,,true,false,
h-116-1-639,116,2019-11-21,AMENDMENT,hr-1309-116,Workplace Violence Prevention for Heath Care and Social Service Workers Act,,,,true,false,
h-116-1-640,116,2019-11-21,AMENDMENT,hr-1309-116,Workplace Violence Prevention for Heath Care and Social Service Workers Act,,,,true,false,
h-116-1-641,116,2019-11-21,PROCEDURAL,hr-1309-116,Workplace Violence Prevention for Heath Care and Social Service Workers Act,,,,true,false,
h-116-1-642,116,2019-11-21,PASSAGE,hr-1309-116,Workplace Violence Prevention for Heath Care and Social Service Workers Act,,,,true,false,
h-116-1-643,116,2019-12-03,SUSPENSION,hres-546-116,Disapproving the Russian Federation’s inclusion in future Group of Seven summits until it respects the territorial integrity of its neighbors and adheres to the standards of democratic societies,,,,true,false,
h-116-1-644,116,2019-12-03,SUSPENSION,s-178-116,Uighur Intervention and Global Humanitarian Unified Response Act,,,,true,false,
h-116-1-645,116,2019-12-04,PROCEDURAL,hres-739-116,"Providing for consideration of H.R. 2534, the Insider Trading Prohibition Act; relating to the consideration of H. Con. Res. 77, directing the President pursuant to section 5(c) of the War Powers Resolution to remove United States Armed Forces from hostilities in the Syrian Arab Republic that have not been authorized",,,,true,false,
h-116-1-646,116,2019-12-04,PASSAGE,hres-739-116,"Providing for consideration of H.R. 2534, the Insider Trading Prohibition Act; relating to the consideration of H. Con. Res. 77, directing the President pursuant to section 5(c) of the War Powers Resolution to remove United States Armed Forces from hostilities in the Syrian Arab Republic that have not been authorized",,,,true,false,
h-116-1-647,116,2019-12-04,SUSPENSION,s-151-116,Pallone-Thune Telephone Robocall Abuse Criminal Enforcement and Deterrence Act,,,,true,false,
h-116-1-648,116,2019-12-05,AMENDMENT,hr-2534-116,Insider Trading Prohibition Act,,,,true,false,
h-116-1-649,116,2019-12-05,PASSAGE,hr-2534-116,Insider Trading Prohibition Act,,,,true,false,
h-116-1-650,116,2019-12-05,PROCEDURAL,hres-741-116,Providing for consideration of the bill (H.R. 4) Voting Rights Advancement Act and providing for consideration of the resolution (H.Res. 326) Expressing the sense of the House of Representatives regarding United States efforts to resolve the Israeli-Palestinian conflict through a negotiated two-state solution,,,,true,false,
h-116-1-651,116,2019-12-05,PASSAGE,hres-741-116,Providing for consideration of the bill (H.R. 4) Voting Rights Advancement Act and providing for consideration of the resolution (H.Res. 326) Expressing the sense of the House of Representatives regarding United States efforts to resolve the Israeli-Palestinian conflict through a negotiated two-state solution,,,,true,false,
h-116-1-652,116,2019-12-06,PASSAGE,hres-326-116,Expressing the sense of the House of Representatives regarding United States efforts to resolve the Israeli-Palestinian conflict through a negotiated two-state solution,,,,true,false,
h-116-1-653,116,2019-12-06,MOTION_TO_RECOMMIT,hr-4-116,Voting Rights Advancement Act,,,,true,false,
h-116-1-654,116,2019-12-06,PASSAGE,hr-4-116,Voting Rights Advancement Act,,,,true,false,
h-116-1-655,116,2019-12-09,SUSPENSION,hr-4761-116,DHS Opioid Detection Resilience Act,,,,true,false,
h-116-1-656,116,2019-12-09,SUSPENSION,hr-4739-116,Synthetic Opioid Exposure Prevention and Training Act,,,,true,false,
h-116-1-657,116,2019-12-10,PROCEDURAL,hres-748-116,Providing for consideration of the bill (H.R. 729) Tribal Coastal Resiliency Act,,,,true,false,
h-116-1-658,116,2019-12-10,PASSAGE,hres-748-116,Providing for consideration of the bill (H.R. 729) Tribal Coastal Resiliency Act,,,,true,false,
h-116-1-659,116,2019-12-10,SUSPENSION,hr-5363-116,FUTURE Act,,,,true,false,
h-116-1-660,116,2019-12-10,AMENDMENT,hr-729-116,Tribal Coastal Resiliency Act,,,,true,false,
h-116-1-661,116,2019-12-10,AMENDMENT,hr-729-116,Tribal Coastal Resiliency Act,,,,true,false,
h-116-1-662,116,2019-12-10,AMENDMENT,hr-729-116,Tribal Coastal Resiliency Act,,,,true,false,
h-116-1-663,116,2019-12-10,AMENDMENT,hr-729-116,Tribal Coastal Resiliency Act,,,,true,false,
h-116-1-664,116,2019-12-10,AMENDMENT,hr-729-116,Tribal Coastal Resiliency Act,,,,true,false,
h-116-1-665,116,2019-12-10,AMENDMENT,hr-729-116,Tribal Coastal Resiliency Act,,,,true,false,
h-116-1-666,116,2019-12-10,AMENDMENT,hr-729-116,Tribal Coastal Resiliency Act,,,,true,false,
h-116-1-667,116,2019-12-10,PASSAGE,hr-729-116,Tribal Coastal Resiliency Act,,,,true,false,
h-116-1-668,116,2019-12-11,PROCEDURAL,hres-758-116,"Providing for consideration of H.R. 3, the Elijah E. Cummings Lower Drug Costs Now Act; H.R. 5038, the Farm Workforce Modernization Act of 2019; the conference report to accompany S. 1790, the National Defense Authorization Act",,,,true,false,
h-116-1-669,116,2019-12-11,PASSAGE,hres-758-116,"Providing for consideration of H.R. 3, the Elijah E. Cummings Lower Drug Costs Now Act; H.R. 5038, the Farm Workforce Modernization Act of 2019; the conference report to accompany S. 1790, the National Defense Authorization Act",,,,true,false,
h-116-1-670,116,2019-12-11,PROCEDURAL,hr-729-116,Tribal Coastal Resiliency Act,,,,true,false,
h-116-1-671,116,2019-12-11,PROCEDURAL,hres-758-116,"Providing for consideration of H.R. 3, the Elijah E. Cummings Lower Drug Costs Now Act; H.R. 5038, the Farm Workforce Modernization Act of 2019; the conference report to accompany S. 1790, the National Defense Authorization Act",,,,true,false,
h-116-1-672,116,2019-12-11,PASSAGE,s-1790-116,National Defense Authorization Act for Fiscal Year 2020,,,,true,false,
h-116-1-673,116,2019-12-11,MOTION_TO_RECOMMIT,hr-5038-116,Farm Workforce Modernization Act,,,,true,false,
h-116-1-674,116,2019-12-11,PASSAGE,hr-5038-116,Farm Workforce Modernization Act,,,,true,false,
h-116-1-675,116,2019-12-11,PROCEDURAL,hr-5038-116,Farm Workforce Modernization Act,,,,true,false,
h-116-1-676,116,2019-12-12,AMENDMENT,hr-3-116,Elijah E. Cummings Lower Drug Costs Now Act,,,,true,false,
h-116-1-677,116,2019-12-12,AMENDMENT,hr-3-116,Elijah E. Cummings Lower Drug Costs Now Act,,,,true,false,
h-116-1-678,116,2019-12-12,AMENDMENT,hr-3-116,Elijah E. Cummings Lower Drug Costs Now Act,,,,true,false,
h-116-1-679,116,2019-12-12,AMENDMENT,hr-3-116,Elijah E. Cummings Lower Drug Costs Now Act,,,,true,false,
h-116-1-680,116,2019-12-12,AMENDMENT,hr-3-116,Elijah E. Cummings Lower Drug Costs Now Act,,,,true,false,
h-116-1-681,116,2019-12-12,MOTION_TO_RECOMMIT,hr-3-116,Elijah E. Cummings Lower Drug Costs Now Act,,,,true,false,
h-116-1-682,116,2019-12-12,PASSAGE,hr-3-116,Elijah E. Cummings Lower Drug Costs Now Act,,,,true,false,
h-116-1-683,116,2019-12-17,PROCEDURAL,hres-765-116,"Providing for consideration of the Senate amendment to the bill (H.R. 1158), and for other purposes; providing for consideration of the Senate amendment to the bill (H.R. 1865), and for other purposes; and providing for the adoption of the resolution (H. Res. 761)",,,,true,false,
h-116-1-684,116,2019-12-17,PASSAGE,hres-765-116,"Providing for consideration of the Senate amendment to the bill (H.R. 1158), and for other purposes; providing for consideration of the Senate amendment to the bill (H.R. 1865), and for other purposes; and providing for the adoption of the resolution (H. Res. 761)",,,,true,false,
h-116-1-685,116,2019-12-17,SUSPENSION,hr-4183-116,Identifying Barriers and Best Practices Study Act,,,,true,false,
h-116-1-686,116,2019-12-17,SUSPENSION,hr-3530-116,Improving Confidence in Veterans’ Care Act,,,,true,false,
h-116-1-687,116,2019-12-17,SUSPENSION,hr-722-116,Miracle Mountain Designation Act,,,,true,false,
h-116-1-688,116,2019-12-17,SUSPENSION,hr-2548-116,Hazard Eligilbiltiy and Local Projects Act,,,,true,false,
h-116-1-689,116,2019-12-17,AMENDMENT,hr-1865-116,National Law Enforcement Museum Commemorative Coin Act,,,,true,false,
h-116-1-690,116,2019-12-17,AMENDMENT,hr-1158-116,DHS Cyber Hunt and Incident Response Teams Act,,,,true,false,
h-116-1-691,116,2019-12-18,PROCEDURAL,,,,,,true,false,
h-116-1-692,116,2019-12-18,PROCEDURAL,hres-770-116,Raising a question of the privileges of the House,,,,true,false,
h-116-1-693,116,2019-12-18,PROCEDURAL,hres-767-116,"Providing for consideration of the resolution (H. Res. 755) impeaching Donald John Trump, President of the United States, for high crimes and misdemeanors",,,,true,false,
h-116-1-694,116,2019-12-18,PASSAGE,hres-767-116,"Providing for consideration of the resolution (H. Res. 755) impeaching Donald John Trump, President of the United States, for high crimes and misdemeanors",,,,true,false,
h-116-1-695,116,2019-12-18,PROCEDURAL,hres-755-116,"Impeaching Donald John Trump, President of the United States, for high crimes and misdemeanors",,,,true,false,
h-116-1-696,116,2019-12-18,PROCEDURAL,hres-755-116,"Impeaching Donald John Trump, President of the United States, for high crimes and misdemeanors",,,,true,false,
h-116-1-697,116,2019-12-19,PROCEDURAL,hres-772-116,"Providing for consideration of the bill (H.R. 5377) to amend the Internal Revenue Code of 1986 to modify the limitation on deduction of State and local taxes, and for other purposes",,,,true,false,
h-116-1-698,116,2019-12-19,PASSAGE,hres-772-116,"Providing for consideration of the bill (H.R. 5377) to amend the Internal Revenue Code of 1986 to modify the limitation on deduction of State and local taxes, and for other purposes",,,,true,false,
h-116-1-699,116,2019-12-19,MOTION_TO_RECOMMIT,hr-5377-116,Restoring Tax Fairness for States and Localities Act,,,,true,false,
h-116-1-700,116,2019-12-19,PASSAGE,hr-5377-116,Restoring Tax Fairness for States and Localities Act,,,,true,false,
h-116-1-701,116,2019-12-19,PASSAGE,hr-5430-116,United States-Mexico-Canada Agreement Implementation Act,,,,true,false,
h-116-2-1,116,2020-01-07,PROCEDURAL,,,,,,true,false,
h-116-2-2,116,2020-01-08,PROCEDURAL,hres-779-116,"Providing for consideration of the bill (H.R. 535) to require the Administrator of the Environmental Protection Agency to designate per- and polyfluoroalkyl substances as hazardous substances under the Comprehensive Environmental Response, Compensation, and Liability Act of 1980",,,,true,false,
h-116-2-3,116,2020-01-08,PASSAGE,hres-779-116,"Providing for consideration of the bill (H.R. 535) to require the Administrator of the Environmental Protection Agency to designate per- and polyfluoroalkyl substances as hazardous substances under the Comprehensive Environmental Response, Compensation, and Liability Act of 1980",,,,true,false,
h-116-2-4,116,2020-01-08,SUSPENSION,hr-2881-116,Secure 5G and Beyond Act,,,,true,false,
h-116-2-5,116,2020-01-09,PROCEDURAL,hres-781-116,"Providing for consideration of H. Con. Res. 83, directing the President pursuant to section 5(c) of the War Powers Resolution to terminate the use of United States Armed Forces to engage in hostilities in or against Iran",,,,true,false,
h-116-2-6,116,2020-01-09,PASSAGE,hres-781-116,"Providing for consideration of H. Con. Res. 83, directing the President pursuant to section 5(c) of the War Powers Resolution to terminate the use of United States Armed Forces to engage in hostilities in or against Iran",,,,true,false,
h-116-2-7,116,2020-01-09,PASSAGE,hconres-83-116,Directing the President pursuant to section 5(c) of the War Powers Resolution to terminate the use of United States Armed Forces to engage in hostilities in or against Iran,,,,true,false,
h-116-2-8,116,2020-01-09,SUSPENSION,hr-5078-116,Prison to Proprietorship Act,,,,true,false,
h-116-2-10,116,2020-01-10,AMENDMENT,hr-535-116,PFAS Action Act,,,,true,false,
h-116-2-11,116,2020-01-10,AMENDMENT,hr-535-116,PFAS Action Act,,,,true,false,
h-116-2-12,116,2020-01-10,MOTION_TO_RECOMMIT,hr-535-116,PFAS Action Act,,,,true,false,
h-116-2-13,116,2020-01-10,PASSAGE,hr-535-116,PFAS Action Act,,,,true,false,
h-116-2-9,116,2020-01-10,AMENDMENT,hr-535-116,PFAS Action Act,,,,true,false,
h-116-2-14,116,2020-01-13,SUSPENSION,hr-4335-116,8-K Trading Gap Act,,,,true,false,
h-116-2-15,116,2020-01-13,SUSPENSION,hr-2398-116,Veteran HOUSE Act,,,,true,false,
h-116-2-16,116,2020-01-14,PROCEDURAL,hres-790-116,"Providing for consideration of H.R. 1230, the Protecting Older Workers Against Discrimination Act; H. J. Res. 76, providing for congressional disapproval under chaper 8 of title 5, United States Code, of the rule submitted by the Department of Education relating to “Borrower Defense Institutional Accountability”",,,,true,false,
h-116-2-17,116,2020-01-14,PASSAGE,hres-790-116,"Providing for consideration of H.R. 1230, the Protecting Older Workers Against Discrimination Act; H. J. Res. 76, providing for congressional disapproval under chaper 8 of title 5, United States Code, of the rule submitted by the Department of Education relating to “Borrower Defense Institutional Accountability”",,,,true,false,
h-116-2-18,116,2020-01-15,PASSAGE,hres-798-116,"Appointing and authorizing managers for the impeachment trial of Donald John Trump, President of the United States",,,,true,false,
h-116-2-19,116,2020-01-15,AMENDMENT,hr-1230-116,Protecting Older Workers Against Discrimination Act,,,,true,false,
h-116-2-20,116,2020-01-15,MOTION_TO_RECOMMIT,hr-1230-116,Protecting Older Workers Against Discrimination Act,,,,true,false,
h-116-2-21,116,2020-01-15,PASSAGE,hr-1230-116,Protecting Older Workers Against Discrimination Act,,,,true,false,
h-116-2-22,116,2020-01-16,PASSAGE,hjres-76-116,"Providing for congressional disapproval under chapter 8 of title 5, United States Code, of the rule submitted by the Department of Education relating to “Borrower Defense Institutional Accountability”",,,,true,false,
h-116-2-23,116,2020-01-27,SUSPENSION,hr-943-116,Never Again Education Act,,,,true,false,
h-116-2-24,116,2020-01-27,SUSPENSION,hr-4704-116,Advancing Research to Prevent Suicide Act,,,,true,false,
h-116-2-25,116,2020-01-28,PROCEDURAL,hres-811-116,"Providing for consideration of the bill (H.R. 3621) Student Borrower Credit Improvement Act, and providing for consideration of the Senate amendment to the bill (H.R. 550) Merchant Mariners of World War II Congressional Gold Medal Act",,,,true,false,
h-116-2-26,116,2020-01-28,PASSAGE,hres-811-116,"Providing for consideration of the bill (H.R. 3621) Student Borrower Credit Improvement Act, and providing for consideration of the Senate amendment to the bill (H.R. 550) Merchant Mariners of World War II Congressional Gold Medal Act",,,,true,false,
h-116-2-27,116,2020-01-28,SUSPENSION,hr-4331-116,Tibetan Policy and Support Act,,,,true,false,
h-116-2-28,116,2020-01-29,AMENDMENT,hr-3621-116,Student Borrower Credit Improvement Act,,,,true,false,
h-116-2-29,116,2020-01-29,AMENDMENT,hr-3621-116,Student Borrower Credit Improvement Act,,,,true,false,
h-116-2-30,116,2020-01-29,MOTION_TO_RECOMMIT,hr-3621-116,Student Borrower Credit Improvement Act,,,,true,false,
h-116-2-31,116,2020-01-29,PASSAGE,hr-3621-116,Student Borrower Credit Improvement Act,,,,true,false,
h-116-2-32,116,2020-01-29,SUSPENSION,s-3201-116,Temporary Reauthorization and Study of the Emergency Scheduling of Fentanyl Analogues Act,,,,true,false,
h-116-2-33,116,2020-01-30,PROCEDURAL,hr-550-116,Merchant Mariners of World War II Congressional Medal Act,,,,true,false,
h-116-2-34,116,2020-01-30,PROCEDURAL,hr-550-116,Merchant Mariners of World War II Congressional Medal Act,,,,true,false,
h-116-2-35,116,2020-02-05,SUSPENSION,hr-4044-116,Protect and Restore America’s Estuaries Act,,,,true,false,
h-116-2-36,116,2020-02-05,SUSPENSION,hr-4031-116,GLRI Act,,,,true,false,
h-116-2-37,116,2020-02-05,SUSPENSION,hr-2382-116,USPS Fairness Act,,,,true,false,
h-116-2-38,116,2020-02-06,PROCEDURAL,hres-832-116,Raising a question of the privileges of the House,,,,true,false,
h-116-2-39,116,2020-02-06,PROCEDURAL,hres-833-116,"Providing for consideration of H.Res. 826, expressing disapproval of the Trump administration’s harmful actions towards Medicaid; H.R. 2474, the Protecting the Right to Organize Act of 2019; and H.R. 5687, making emergency supplemental appropriations for the fiscal year ending September 30, 2020, and for other purposes",,,HEALTH_COSTS,true,false,
h-116-2-40,116,2020-02-06,PASSAGE,hres-833-116,"Providing for consideration of H.Res. 826, expressing disapproval of the Trump administration’s harmful actions towards Medicaid; H.R. 2474, the Protecting the Right to Organize Act of 2019; and H.R. 5687, making emergency supplemental appropriations for the fiscal year ending September 30, 2020, and for other purposes",,,HEALTH_COSTS,true,false,
h-116-2-41,116,2020-02-06,AMENDMENT,hr-2474-116,Protecting the Right to Organize Act,,,,true,false,
h-116-2-42,116,2020-02-06,AMENDMENT,hr-2474-116,Protecting the Right to Organize Act,,,,true,false,
h-116-2-43,116,2020-02-06,AMENDMENT,hr-2474-116,Protecting the Right to Organize Act,,,,true,false,
h-116-2-44,116,2020-02-06,AMENDMENT,hr-2474-116,Protecting the Right to Organize Act,,,,true,false,
h-116-2-45,116,2020-02-06,AMENDMENT,hr-2474-116,Protecting the Right to Organize Act,,,,true,false,
h-116-2-46,116,2020-02-06,AMENDMENT,hr-2474-116,Protecting the Right to Organize Act,,,,true,false,
h-116-2-47,116,2020-02-06,AMENDMENT,hr-2474-116,Protecting the Right to Organize Act,,,,true,false,
h-116-2-48,116,2020-02-06,AMENDMENT,hr-2474-116,Protecting the Right to Organize Act,,,,true,false,
h-116-2-49,116,2020-02-06,MOTION_TO_RECOMMIT,hr-2474-116,Protecting the Right to Organize Act,,,,true,false,
h-116-2-50,116,2020-02-06,PASSAGE,hr-2474-116,Protecting the Right to Organize Act,,,,true,false,
h-116-2-51,116,2020-02-06,PASSAGE,hres-826-116,Expressing disapproval of the Trump administration’s harmful actions towards Medicaid,,,HEALTH_COSTS,true,true,
h-116-2-52,116,2020-02-07,AMENDMENT,hr-5687-116,Emergency Supplemental Appropriations for Disaster Relief and Puerto Rico Disaster Tax Relief Act,,,TAX_BURDEN,true,true,
h-116-2-53,116,2020-02-07,MOTION_TO_RECOMMIT,hr-5687-116,Emergency Supplemental Appropriations for Disaster Relief and Puerto Rico Disaster Tax Relief Act,,,TAX_BURDEN,true,false,
h-116-2-54,116,2020-02-07,PASSAGE,hr-5687-116,Emergency Supplemental Appropriations for Disaster Relief and Puerto Rico Disaster Tax Relief Act,,,TAX_BURDEN,true,true,
h-116-2-55,116,2020-02-10,SUSPENSION,hr-2932-116,Homeland Security for Children Act,,,,true,false,
h-116-2-56,116,2020-02-10,SUSPENSION,hr-3413-116,DHS Acquisition Reform Act,,,,true,false,
h-116-2-57,116,2020-02-11,PROCEDURAL,hres-844-116,"Providing for consideration of the bill (H.R. 2546) the Colorado Wildnerness Act, and for other purposes; providing for consideration of the joint resolution (H.J. Res. 79) removing the deadline for the ratification of the equal rights amendment; and for other purposes",,,,true,false,
h-116-2-58,116,2020-02-11,PASSAGE,hres-844-116,"Providing for consideration of the bill (H.R. 2546) the Colorado Wildnerness Act, and for other purposes; providing for consideration of the joint resolution (H.J. Res. 79) removing the deadline for the ratification of the equal rights amendment; and for other purposes",,,,true,false,
h-116-2-59,116,2020-02-11,SUSPENSION,hr-1980-116,Smithsonian Women’s History Museum Act,,,,true,false,
h-116-2-60,116,2020-02-12,AMENDMENT,hr-2546-116,Protecting America’s Wilderness Act,,,,true,false,
h-116-2-61,116,2020-02-12,AMENDMENT,hr-2546-116,Protecting America’s Wilderness Act,,,,true,false,
h-116-2-62,116,2020-02-12,AMENDMENT,hr-2546-116,Protecting America’s Wilderness Act,,,,true,false,
h-116-2-63,116,2020-02-12,AMENDMENT,hr-2546-116,Protecting America’s Wilderness Act,,,,true,false,
h-116-2-64,116,2020-02-12,AMENDMENT,hr-2546-116,Protecting America’s Wilderness Act,,,,true,false,
h-116-2-65,116,2020-02-12,AMENDMENT,hr-2546-116,Protecting America’s Wilderness Act,,,,true,false,
h-116-2-66,116,2020-02-12,AMENDMENT,hr-2546-116,Protecting America’s Wilderness Act,,,,true,false,
h-116-2-67,116,2020-02-12,AMENDMENT,hr-2546-116,Protecting America’s Wilderness Act,,,,true,false,
h-116-2-68,116,2020-02-12,MOTION_TO_RECOMMIT,hr-2546-116,Protecting America’s Wilderness Act,,,,true,false,
h-116-2-69,116,2020-02-12,PASSAGE,hr-2546-116,Protecting America’s Wilderness Act,,,,true,false,
h-116-2-70,116,2020-02-13,PASSAGE,hjres-79-116,Removing the deadline for the ratification of the equal rights amendment,,,,true,false,
h-116-2-71,116,2020-02-26,SUSPENSION,hr-35-116,Emmett Till Antilynching Act,,,,true,false,
h-116-2-72,116,2020-02-26,SUSPENSION,hr-4852-116,GIVE Act,,,,true,false,
h-116-2-73,116,2020-02-26,SUSPENSION,hr-2490-116,"To amend the National Trails System Act to direct the Secretary of the Interior to conduct a study on the feasibility of designating the Chief Standing Bear National Historic Trail, and for other purposes",,,,true,false,
h-116-2-74,116,2020-02-27,PROCEDURAL,hres-866-116,"Providing for consideration of the bill (H.R. 2339) to amend the Federal Food, Drug, and Cosmetic Act with respect to the sale and marketing of tobacco products, and for other purposes",,,,true,false,
h-116-2-75,116,2020-02-27,PASSAGE,hres-866-116,"Providing for consideration of the bill (H.R. 2339) to amend the Federal Food, Drug, and Cosmetic Act with respect to the sale and marketing of tobacco products, and for other purposes",,,,true,false,
h-116-2-76,116,2020-02-28,SUSPENSION,hr-2819-116,Gold Star Mothers Families National Monument Extension Act,,,,true,false,
h-116-2-77,116,2020-02-28,MOTION_TO_RECOMMIT,hr-2339-116,Reversing the Youth Tobacco Epidemic Act of 2019,,,,true,false,
h-116-2-78,116,2020-02-28,PASSAGE,hr-2339-116,Reversing the Youth Tobacco Epidemic Act of 2019,,,,true,false,
h-116-2-79,116,2020-03-02,SUSPENSION,hr-5003-116,Fair Debt Collection Practices for Servicemembers Act,,,,true,false,
h-116-2-80,116,2020-03-02,SUSPENSION,hr-5932-116,Ensuring Chinese Debt Transparency Act,,,,true,false,
h-116-2-81,116,2020-03-03,SUSPENSION,hres-387-116,Condemning continued violence against civilians by armed groups in the Central African Republic and supporting efforts to achieve a lasting political solution to the conflict,,,,true,false,
h-116-2-82,116,2020-03-03,SUSPENSION,hr-4508-116,Malala Yousafzai Scholarship Act,,,,true,false,
h-116-2-83,116,2020-03-04,PROCEDURAL,hres-877-116,"Providing for consideration of the bill (H.R. 1140) the Rights for Transportation Security Officers Act, and for other purposes; providing for consideration of motions to suspend the rules; and waiving a requirement of clause 6(a) of rule XIII with respect to consideration of certain resolutions",,,,true,false,
h-116-2-84,116,2020-03-04,PASSAGE,hres-877-116,"Providing for consideration of the bill (H.R. 1140) the Rights for Transportation Security Officers Act, and for other purposes; providing for consideration of motions to suspend the rules; and waiving a requirement of clause 6(a) of rule XIII with respect to consideration of certain resolutions",,,,true,false,
h-116-2-85,116,2020-03-04,SUSPENSION,s-1678-116,TAIPEI Act,,,,true,false,
h-116-2-86,116,2020-03-04,SUSPENSION,hr-6074-116,"Coronavirus Preparedness and Response Supplemental Appropriations Act, 2020",,,,true,false,
h-116-2-87,116,2020-03-05,AMENDMENT,hr-1140-116,Rights for Transportation Security Officers Act,,,,true,false,
h-116-2-88,116,2020-03-05,AMENDMENT,hr-1140-116,Rights for Transportation Security Officers Act,,,,true,false,
h-116-2-89,116,2020-03-05,MOTION_TO_RECOMMIT,hr-1140-116,Rights for Transportation Security Officers Act,,,,true,false,
h-116-2-90,116,2020-03-05,PASSAGE,hr-1140-116,Rights for Transportation Security Officers Act,,,,true,false,
h-116-2-91,116,2020-03-09,SUSPENSION,hres-410-116,Encouraging reunions of divided Korean-American families,,,,true,false,
h-116-2-92,116,2020-03-09,SUSPENSION,hr-1771-116,Divided Families Reunification Act,,,,true,false,
h-116-2-93,116,2020-03-10,SUSPENSION,hres-756-116,Implementing the recommendations adopted by the Select Committee on the Modernization of Congress,,,,true,false,
h-116-2-94,116,2020-03-10,PROCEDURAL,,,,,,true,false,
h-116-2-100,116,2020-03-11,PROCEDURAL,sjres-68-116,To direct the removal of United States Armed Forces from hostilities against the Islamic Republic of Iran that have not been authorized by Congress,,,,true,false,
h-116-2-101,116,2020-03-11,PASSAGE,sjres-68-116,To direct the removal of United States Armed Forces from hostilities against the Islamic Republic of Iran that have not been authorized by Congress,,,,true,false,
h-116-2-95,116,2020-03-11,PROCEDURAL,hres-891-116,"Providing for consideration of S.J. Res. 68, to direct the removal of US Armed Forces from hostilities against the Islamic Republic of Iran; the Senate amendment to H.R. 2486, the FUTURE Act; and H.R. 6172, the USA FREEDOM Reauthorization Act of 2020; and for other purposes",,,,true,false,
h-116-2-96,116,2020-03-11,PASSAGE,hres-891-116,"Providing for consideration of S.J. Res. 68, to direct the removal of US Armed Forces from hostilities against the Islamic Republic of Iran; the Senate amendment to H.R. 2486, the FUTURE Act; and H.R. 6172, the USA FREEDOM Reauthorization Act of 2020; and for other purposes",,,,true,false,
h-116-2-97,116,2020-03-11,SUSPENSION,s-760-116,Support for Veterans in Effective Apprenticeships Act of 2019,,,WORKFORCE,true,false,
h-116-2-98,116,2020-03-11,PASSAGE,hr-6172-116,USA FREEDOM Reauthorization Act,,,,true,false,
h-116-2-99,116,2020-03-11,AMENDMENT,hr-6172-116,USA FREEDOM Reauthorization Act,,,,true,false,
h-116-2-102,116,2020-03-14,SUSPENSION,hr-6201-116,Families First Coronavirus Response Act,,,,true,false,
h-116-2-103,116,2020-04-23,PASSAGE,hres-938-116,Providing for the adoption of the resolution (H.Res. 935) establishing a Select Subcommittee on the Coronavirus Crisis as a select investigative subcommittee of the Committee on Oversight and Reform,,,,true,false,
h-116-2-104,116,2020-04-23,SUSPENSION,hr-266-116,"Making appropriations for the Department of the Interior, environment, and related agencies for the fiscal year ending September 30, 2019, and for other purposes",,,,true,false,
h-116-2-105,116,2020-05-15,PROCEDURAL,hres-967-116,"Providing for consideration of H. Res. 965; providing for consideration of the bill (H.R. 6800) making emergency supplemental appropriations for the fiscal year ending September 30, 2020, and for other purposes; providing for proceedings during the period from May 19, 2020, through July 21, 2020; and for other purposes",,,,true,false,
h-116-2-106,116,2020-05-15,PASSAGE,hres-967-116,"Providing for consideration of H. Res. 965; providing for consideration of the bill (H.R. 6800) making emergency supplemental appropriations for the fiscal year ending September 30, 2020, and for other purposes; providing for proceedings during the period from May 19, 2020, through July 21, 2020; and for other purposes",,,,true,false,
h-116-2-107,116,2020-05-15,PASSAGE,hres-965-116,"Authorizing remote voting by proxy in the House of Representatives and providing for official remote committee proceedings during a public health emergency due to a novel coronavirus, and for other purposes",,,,true,false,
h-116-2-108,116,2020-05-15,MOTION_TO_RECOMMIT,hr-6800-116,HEROES Act,,,,true,false,
h-116-2-109,116,2020-05-15,PASSAGE,hr-6800-116,HEROES Act,,,,true,false,
h-116-2-110,116,2020-05-27,SUSPENSION,s-3744-116,Uyghur Human Rights Policy Act,,,,true,false,
h-116-2-111,116,2020-05-27,PROCEDURAL,hres-981-116,"Providing for consideration of the Senate amendments to the bill (H.R. 6172) to amend the Foreign Intelligence Surveillance Act of 1978 to prohibit the production of certain business records, and for other purposes",,,,true,false,
h-116-2-112,116,2020-05-27,PASSAGE,hres-981-116,"Providing for consideration of the Senate amendments to the bill (H.R. 6172) to amend the Foreign Intelligence Surveillance Act of 1978 to prohibit the production of certain business records, and for other purposes",,,,true,false,
h-116-2-113,116,2020-05-28,SUSPENSION,hr-6782-116,TRUTH Act,,,,true,false,
h-116-2-114,116,2020-05-28,SUSPENSION,hr-7010-116,Paycheck Protection Program Flexibility Act,,,ACCESS_TO_CAPITAL,true,false,
h-116-2-115,116,2020-05-28,AMENDMENT,hr-6172-116,USA FREEDOM Reauthorization Act,,,,true,false,
h-116-2-116,116,2020-06-25,PROCEDURAL,hres-1017-116,"Providing for consideration of the bill (H.R. 51), the bill (H.R. 1425), the bill (H.R. 5332), the bill (H.R. 7120), the bill (H.R. 7301), the joint resolution (H.J. Res. 90), and for other purposes",,,,true,false,
h-116-2-117,116,2020-06-25,PASSAGE,hres-1017-116,"Providing for consideration of the bill (H.R. 51), the bill (H.R. 1425), the bill (H.R. 5332), the bill (H.R. 7120), the bill (H.R. 7301), the joint resolution (H.J. Res. 90), and for other purposes",,,,true,false,
h-116-2-118,116,2020-06-25,MOTION_TO_RECOMMIT,hr-7120-116,George Floyd Justice in Policing Act,,,,true,false,
h-116-2-119,116,2020-06-25,PASSAGE,hr-7120-116,George Floyd Justice in Policing Act,,,,true,false,
h-116-2-120,116,2020-06-26,PROCEDURAL,hjres-76-116,"Providing for congressional disapproval under chapter 8 of title 5, United States Code, of the rule submitted by the Department of Education relating to “Borrower Defense Institutional Accountability”",,,,true,false,
h-116-2-121,116,2020-06-26,MOTION_TO_RECOMMIT,hr-51-116,"Washington, D.C. Admission Act",,,,true,false,
h-116-2-122,116,2020-06-26,PASSAGE,hr-51-116,"Washington, D.C. Admission Act",,,,true,false,
h-116-2-123,116,2020-06-29,MOTION_TO_RECOMMIT,hr-1425-116,State Health Care Premium Reduction Act,,,,true,false,
h-116-2-124,116,2020-06-29,PASSAGE,hr-1425-116,State Health Care Premium Reduction Act,,,,true,false,
h-116-2-125,116,2020-06-29,MOTION_TO_RECOMMIT,hr-5332-116,Protecting Your Credit Score Act,,,,true,false,
h-116-2-126,116,2020-06-29,PASSAGE,hr-5332-116,Protecting Your Credit Score Act,,,,true,false,
h-116-2-127,116,2020-06-29,MOTION_TO_RECOMMIT,hr-7301-116,Emergency Housing Protections and Relief Act,,,,true,false,
h-116-2-128,116,2020-06-29,PASSAGE,hr-7301-116,Emergency Housing Protections and Relief Act,,,,true,false,
h-116-2-129,116,2020-06-29,PASSAGE,hjres-90-116,"Providing for congressional disapproval under chapter 8 of title 5, United States Code, of the rule submitted by the Office of the Comptroller of the Currency relating to “Community Reinvestment Act Regulations”",,,,true,false,
h-116-2-130,116,2020-06-30,PROCEDURAL,hres-1028-116,"Providing for consideration of the bill (H.R. 2) to authorize funds for Federal-aid highways, highway safety programs, and transit programs, and for other purposes.",,,,true,false,
h-116-2-131,116,2020-06-30,PASSAGE,hres-1028-116,"Providing for consideration of the bill (H.R. 2) to authorize funds for Federal-aid highways, highway safety programs, and transit programs, and for other purposes.",,,,true,false,
h-116-2-132,116,2020-06-30,AMENDMENT,hr-2-116,INVEST in America Act,,,,true,false,
h-116-2-133,116,2020-06-30,AMENDMENT,hr-2-116,INVEST in America Act,,,,true,false,
h-116-2-134,116,2020-07-01,AMENDMENT,hr-2-116,INVEST in America Act,,,,true,false,
h-116-2-135,116,2020-07-01,AMENDMENT,hr-2-116,INVEST in America Act,,,,true,false,
h-116-2-136,116,2020-07-01,AMENDMENT,hr-2-116,INVEST in America Act,,,,true,false,
h-116-2-137,116,2020-07-01,MOTION_TO_RECOMMIT,hr-2-116,INVEST in America Act,,,,true,false,
h-116-2-138,116,2020-07-01,PASSAGE,hr-2-116,INVEST in America Act,,,,true,false,
h-116-2-139,116,2020-07-20,PROCEDURAL,hres-1053-116,Providing for consideration of the bill H.R. 6395- William M. (Mac) Thornberry National Defense Authorization Act for FY 2021; H.R. 7027- Child Care Is Essential Act; H.R. 7327- Child Care for Economic Recovery Act and consideration of Senate Adts to H.R. 1957,,,WORKFORCE,true,false,
h-116-2-140,116,2020-07-20,PASSAGE,hres-1053-116,Providing for consideration of the bill H.R. 6395- William M. (Mac) Thornberry National Defense Authorization Act for FY 2021; H.R. 7027- Child Care Is Essential Act; H.R. 7327- Child Care for Economic Recovery Act and consideration of Senate Adts to H.R. 1957,,,WORKFORCE,true,false,
h-116-2-141,116,2020-07-20,AMENDMENT,hr-6395-116,William M. (Mac) Thornberry National Defense Authorization Act,,,,true,false,
h-116-2-142,116,2020-07-20,AMENDMENT,hr-6395-116,William M. (Mac) Thornberry National Defense Authorization Act,,,,true,false,
h-116-2-143,116,2020-07-20,AMENDMENT,hr-6395-116,William M. (Mac) Thornberry National Defense Authorization Act,,,,true,false,
h-116-2-144,116,2020-07-21,AMENDMENT,hr-6395-116,William M. (Mac) Thornberry National Defense Authorization Act,,,,true,false,
h-116-2-145,116,2020-07-21,AMENDMENT,hr-6395-116,William M. (Mac) Thornberry National Defense Authorization Act,,,,true,false,
h-116-2-146,116,2020-07-21,AMENDMENT,hr-6395-116,William M. (Mac) Thornberry National Defense Authorization Act,,,,true,false,
h-116-2-147,116,2020-07-21,AMENDMENT,hr-6395-116,William M. (Mac) Thornberry National Defense Authorization Act,,,,true,false,
h-116-2-148,116,2020-07-21,AMENDMENT,hr-6395-116,William M. (Mac) Thornberry National Defense Authorization Act,,,,true,false,
h-116-2-149,116,2020-07-21,AMENDMENT,hr-6395-116,William M. (Mac) Thornberry National Defense Authorization Act,,,,true,false,
h-116-2-150,116,2020-07-21,AMENDMENT,hr-6395-116,William M. (Mac) Thornberry National Defense Authorization Act,,,,true,false,
h-116-2-151,116,2020-07-21,MOTION_TO_RECOMMIT,hr-6395-116,William M. (Mac) Thornberry National Defense Authorization Act,,,,true,false,
h-116-2-152,116,2020-07-21,PASSAGE,hr-6395-116,William M. (Mac) Thornberry National Defense Authorization Act,,,,true,false,
h-116-2-153,116,2020-07-22,PROCEDURAL,hr-2486-116,FUTURE Act,,,,true,false,
h-116-2-154,116,2020-07-22,PROCEDURAL,hr-2486-116,FUTURE Act,,,,true,false,
h-116-2-155,116,2020-07-22,AMENDMENT,hr-1957-116,Great American Outdoors Act,,,,true,false,
h-116-2-156,116,2020-07-22,SUSPENSION,hr-7573-116,"To direct the Architect of the U.S. Capitol to replace the bust of Roger Brooke Taney with a bust of Thurgood Marshall, to remove certain statues from areas of the Capitol which are accessible to the public, to remove all statues of individuals who voluntarily served Confederate States of America displayed in Capitol.",,,,true,false,
h-116-2-157,116,2020-07-23,PROCEDURAL,hres-1060-116,"Providing for consideration of the bill (H.R. 7608) making appropriations for the Department of State, foreign operations, and related programs for the fiscal year ending September 30, 2021, and for other purposes",,,,true,false,
h-116-2-158,116,2020-07-23,PASSAGE,hres-1060-116,"Providing for consideration of the bill (H.R. 7608) making appropriations for the Department of State, foreign operations, and related programs for the fiscal year ending September 30, 2021, and for other purposes",,,,true,false,
h-116-2-159,116,2020-07-23,AMENDMENT,hr-7608-116,"Making appropriations for the Department of State, foreign operations, and related programs for the fiscal year ending September 30, 2021, and for other purposes",,,,true,false,
h-116-2-160,116,2020-07-23,AMENDMENT,hr-7608-116,"Making appropriations for the Department of State, foreign operations, and related programs for the fiscal year ending September 30, 2021, and for other purposes",,,,true,false,
h-116-2-161,116,2020-07-23,AMENDMENT,hr-7608-116,"Making appropriations for the Department of State, foreign operations, and related programs for the fiscal year ending September 30, 2021, and for other purposes",,,,true,false,
h-116-2-162,116,2020-07-24,AMENDMENT,hr-7608-116,"Making appropriations for the Department of State, foreign operations, and related programs for the fiscal year ending September 30, 2021, and for other purposes",,,,true,false,
h-116-2-163,116,2020-07-24,AMENDMENT,hr-7608-116,"Making appropriations for the Department of State, foreign operations, and related programs for the fiscal year ending September 30, 2021, and for other purposes",,,,true,false,
h-116-2-164,116,2020-07-24,AMENDMENT,hr-7608-116,"Making appropriations for the Department of State, foreign operations, and related programs for the fiscal year ending September 30, 2021, and for other purposes",,,,true,false,
h-116-2-165,116,2020-07-24,MOTION_TO_RECOMMIT,hr-7608-116,"Making appropriations for the Department of State, foreign operations, and related programs for the fiscal year ending September 30, 2021, and for other purposes",,,,true,false,
h-116-2-166,116,2020-07-24,PASSAGE,hr-7608-116,"Making appropriations for the Department of State, foreign operations, and related programs for the fiscal year ending September 30, 2021, and for other purposes",,,,true,false,
h-116-2-167,116,2020-07-27,SUSPENSION,s-2163-116,Commission on the Social Status of Black Men and Boys Act,,,,true,false,
h-116-2-168,116,2020-07-29,PROCEDURAL,hres-1067-116,"Providing for consideration of the bill (H.R. 7617) making appropriations for the Department of Defense for the fiscal year ending September 30, 2021, and for other purposes",,,,true,false,
h-116-2-169,116,2020-07-29,PASSAGE,hres-1067-116,"Providing for consideration of the bill (H.R. 7617) making appropriations for the Department of Defense for the fiscal year ending September 30, 2021, and for other purposes",,,,true,false,
h-116-2-170,116,2020-07-29,MOTION_TO_RECOMMIT,hr-7027-116,"Making additional supplemental appropriations for disaster relief requirements for the fiscal year ending September 30, 2020, and for other purposes",,,,true,false,
h-116-2-171,116,2020-07-29,PASSAGE,hr-7027-116,"Making additional supplemental appropriations for disaster relief requirements for the fiscal year ending September 30, 2020, and for other purposes",,,,true,false,
h-116-2-172,116,2020-07-29,PASSAGE,hr-7327-116,Child Care for Economic Recovery Act,,,WORKFORCE,true,false,
h-116-2-173,116,2020-07-30,AMENDMENT,hr-7617-116,"Making appropriations for the Department of Defense for the fiscal year ending September 30, 2021, and for other purposes",,,,true,false,
h-116-2-174,116,2020-07-30,AMENDMENT,hr-7617-116,"Making appropriations for the Department of Defense for the fiscal year ending September 30, 2021, and for other purposes",,,,true,false,
h-116-2-175,116,2020-07-30,AMENDMENT,hr-7617-116,"Making appropriations for the Department of Defense for the fiscal year ending September 30, 2021, and for other purposes",,,,true,false,
h-116-2-176,116,2020-07-31,AMENDMENT,hr-7617-116,"Making appropriations for the Department of Defense for the fiscal year ending September 30, 2021, and for other purposes",,,,true,false,
h-116-2-177,116,2020-07-31,MOTION_TO_RECOMMIT,hr-7617-116,"Making appropriations for the Department of Defense for the fiscal year ending September 30, 2021, and for other purposes",,,,true,false,
h-116-2-178,116,2020-07-31,PASSAGE,hr-7617-116,"Making appropriations for the Department of Defense for the fiscal year ending September 30, 2021, and for other purposes",,,,true,false,
h-116-2-179,116,2020-08-22,PROCEDURAL,hres-1092-116,"Providing for consideration of the bill (H.R. 8015) to maintain prompt and reliable postal services during the COVID-19 health emergency, and for other purposes.",,,,true,false,
h-116-2-180,116,2020-08-22,PASSAGE,hres-1092-116,"Providing for consideration of the bill (H.R. 8015) to maintain prompt and reliable postal services during the COVID-19 health emergency, and for other purposes.",,,,true,false,
h-116-2-181,116,2020-08-22,MOTION_TO_RECOMMIT,hr-8015-116,Delivering for America Act,,,,true,false,
h-116-2-182,116,2020-08-22,PASSAGE,hr-8015-116,Delivering for America Act,,,,true,false,
h-116-2-183,116,2020-09-14,SUSPENSION,hr-4894-116,Congressional Budget Justification Transparency Act,,,,true,false,
h-116-2-184,116,2020-09-14,SUSPENSION,s-2193-116,CHARGE Act,,,,true,false,
h-116-2-185,116,2020-09-15,PROCEDURAL,hres-1107-116,Providing for consideration of the Equity and Inclusion Enforcement Act (H.R. 2574); providing for consideration of the Strength in Diversity Act (H.R. 2639); providing for consideration of the Pregnant Workers Fairness Act (H.R. 2694); providing for consideration of H. Res. 908; and for other purposes,,,,true,false,
h-116-2-186,116,2020-09-15,PASSAGE,hres-1107-116,Providing for consideration of the Equity and Inclusion Enforcement Act (H.R. 2574); providing for consideration of the Strength in Diversity Act (H.R. 2639); providing for consideration of the Pregnant Workers Fairness Act (H.R. 2694); providing for consideration of H. Res. 908; and for other purposes,,,,true,false,
h-116-2-187,116,2020-09-15,AMENDMENT,hr-2639-116,Strength in Diversity Act,,,,true,false,
h-116-2-188,116,2020-09-15,AMENDMENT,hr-2639-116,Strength in Diversity Act,,,,true,false,
h-116-2-189,116,2020-09-15,PASSAGE,hr-2639-116,Strength in Diversity Act,,,,true,false,
h-116-2-190,116,2020-09-16,SUSPENSION,hr-7909-116,Ensuring Children and Child Care Workers Are Safe Act,,,WORKFORCE,true,false,
h-116-2-191,116,2020-09-16,MOTION_TO_RECOMMIT,hr-2574-116,Equity and Inclusion Enforcement Act,,,,true,false,
h-116-2-192,116,2020-09-16,PASSAGE,hr-2574-116,Equity and Inclusion Enforcement Act,,,,true,false,
h-116-2-193,116,2020-09-17,PASSAGE,hres-908-116,Condemning all forms of anti-Asian sentiment as related to COVID-19,,,,true,false,
h-116-2-194,116,2020-09-17,MOTION_TO_RECOMMIT,hr-2694-116,Pregnant Workers Fairness Act,,,,true,false,
h-116-2-195,116,2020-09-17,PASSAGE,hr-2694-116,Pregnant Workers Fairness Act,,,,true,false,
h-116-2-196,116,2020-09-22,SUSPENSION,hr-6210-116,Uyghur Forced Labor Prevention Act,,,,true,false,
h-116-2-197,116,2020-09-22,SUSPENSION,hr-5664-116,Leveraging Information on Foreign Traffickers Act,,,,true,false,
h-116-2-198,116,2020-09-22,SUSPENSION,hr-8337-116,"Continuing Appropriations Act, 2021",,,,true,false,
h-116-2-199,116,2020-09-23,PROCEDURAL,hres-1129-116,"Providing for consideration of the Expanding Access to Sustainable Energy Act (H.R. 4447); providing for consideration of the Uyghur Forced Labor Disclosure Act (H.R. 6270); and providing for consideration of the Continuing Appropriations Act, 2021 and Other Extensions Act (H.R. 8319)",,,,true,false,
h-116-2-200,116,2020-09-23,PASSAGE,hres-1129-116,"Providing for consideration of the Expanding Access to Sustainable Energy Act (H.R. 4447); providing for consideration of the Uyghur Forced Labor Disclosure Act (H.R. 6270); and providing for consideration of the Continuing Appropriations Act, 2021 and Other Extensions Act (H.R. 8319)",,,,true,false,
h-116-2-201,116,2020-09-23,SUSPENSION,hr-451-116,Don’t Break Up the T-Band Act of 2020,,,,true,false,
h-116-2-202,116,2020-09-24,AMENDMENT,hr-4447-116,Expanding Access to Sustainable Energy Act,,,,true,false,
h-116-2-203,116,2020-09-24,AMENDMENT,hr-4447-116,Expanding Access to Sustainable Energy Act,,,,true,false,
h-116-2-204,116,2020-09-24,AMENDMENT,hr-4447-116,Expanding Access to Sustainable Energy Act,,,,true,false,
h-116-2-205,116,2020-09-24,MOTION_TO_RECOMMIT,hr-4447-116,Expanding Access to Sustainable Energy Act,,,,true,false,
h-116-2-206,116,2020-09-24,PASSAGE,hr-4447-116,Expanding Access to Sustainable Energy Act,,,,true,false,
h-116-2-207,116,2020-09-29,PROCEDURAL,hres-1148-116,Raising a question of the privileges of the House,,,,true,false,
h-116-2-208,116,2020-09-29,SUSPENSION,hres-1155-116,"Reaffirming the House of Representatives’ commitment to the orderly and peaceful transfer of power called for in the Constitution of the United States, and for other purposes",,,,true,false,
h-116-2-209,116,2020-09-30,MOTION_TO_RECOMMIT,hr-6270-116,Uyghur Forced Labor Disclosure Act,,,,true,false,
h-116-2-210,116,2020-09-30,PASSAGE,hr-6270-116,Uyghur Forced Labor Disclosure Act,,,,true,false,
h-116-2-211,116,2020-09-30,SUSPENSION,hr-4764-116,Timely ReAuthorization of Necessary Stem-cell Programs Lends Access to Needed Therapies Act,,,,true,false,
h-116-2-212,116,2020-09-30,PROCEDURAL,hres-1161-116,Providing for consideration of the Senate amendments to the bill (H.R. 925) to extend the authorization of appropriations for allocation to carry out approved wetlands conservation projects under the North American Wetlands Conservation Act through fiscal year 2024,,,,true,false,
h-116-2-213,116,2020-09-30,PASSAGE,hres-1161-116,Providing for consideration of the Senate amendments to the bill (H.R. 925) to extend the authorization of appropriations for allocation to carry out approved wetlands conservation projects under the North American Wetlands Conservation Act through fiscal year 2024,,,,true,false,
h-116-2-214,116,2020-10-01,AMENDMENT,hr-925-116,America’s Conservation Enhancement Act,,,,true,false,
h-116-2-215,116,2020-10-01,PROCEDURAL,hres-1164-116,"Providing for consideration of the resolution (H.Res. 1153) condemning unwanted, unnecessary medical procedures on individuals without their full, informed consent, and providing for consideration of the resolution (H.Res. 1154) condemning QAnon and rejecting the conspiracy theories it promotes",,,,true,false,
h-116-2-216,116,2020-10-01,PASSAGE,hres-1164-116,"Providing for consideration of the resolution (H.Res. 1153) condemning unwanted, unnecessary medical procedures on individuals without their full, informed consent, and providing for consideration of the resolution (H.Res. 1154) condemning QAnon and rejecting the conspiracy theories it promotes",,,,true,false,
h-116-2-217,116,2020-10-02,PASSAGE,hres-1153-116,"Condemning unwanted, unnecessary medical procedures on individuals without their full, informed consent",,,,true,false,
h-116-2-218,116,2020-10-02,PASSAGE,hres-1154-116,Condemning QAnon and rejecting the conspiracy theories it promotes,,,,true,false,
h-116-2-219,116,2020-11-16,SUSPENSION,s-327-116,Wounded Veterans Recreation Act,,,,true,false,
h-116-2-220,116,2020-11-16,SUSPENSION,s-3147-116,Improving Safety and Security for Veterans Act,,,,true,false,
h-116-2-221,116,2020-11-17,SUSPENSION,hr-4611-116,Ocean Pollution Reduction Act II,,,,true,false,
h-116-2-222,116,2020-11-18,PROCEDURAL,hr-6395-116,William M. (Mac) Thornberry National Defense Authorization Act,,,,true,false,
h-116-2-223,116,2020-11-19,PROCEDURAL,hres-1224-116,"Providing for consideration of the bill (H.R. 8294) National Apprenticeship Act of 2020, and for other purposes",,,WORKFORCE,true,false,
h-116-2-224,116,2020-11-19,PASSAGE,hres-1224-116,"Providing for consideration of the bill (H.R. 8294) National Apprenticeship Act of 2020, and for other purposes",,,WORKFORCE,true,false,
h-116-2-225,116,2020-11-20,AMENDMENT,hr-8294-116,National Apprenticeship Act,,,WORKFORCE,true,false,
h-116-2-226,116,2020-11-20,AMENDMENT,hr-8294-116,National Apprenticeship Act,,,WORKFORCE,true,false,
h-116-2-227,116,2020-11-20,PASSAGE,hr-8294-116,National Apprenticeship Act,,,WORKFORCE,true,false,
h-116-2-228,116,2020-12-02,SUSPENSION,hr-7995-116,Coin Metal Modification Authorization and Cost Savings Act,,,,true,false,
h-116-2-229,116,2020-12-03,PROCEDURAL,,,,,,true,false,
h-116-2-230,116,2020-12-03,PROCEDURAL,hres-1244-116,Providing for consideration of the bill (H.R. 3884) Marijuana Opportunity Reinvestment and Expungement Act,,,,true,false,
h-116-2-231,116,2020-12-03,PASSAGE,hres-1244-116,Providing for consideration of the bill (H.R. 3884) Marijuana Opportunity Reinvestment and Expungement Act,,,,true,false,
h-116-2-232,116,2020-12-03,SUSPENSION,hr-1380-116,Big Cat Public Safety Act,,,,true,false,
h-116-2-233,116,2020-12-04,SUSPENSION,s-2981-116,National Oceanic and Atmospheric Administration Commissioned Officer Corps Amendments Act,,,,true,false,
h-116-2-234,116,2020-12-04,MOTION_TO_RECOMMIT,hr-3884-116,MORE Act,,,,true,false,
h-116-2-235,116,2020-12-04,PASSAGE,hr-3884-116,MORE Act,,,,true,false,
h-116-2-236,116,2020-12-07,SUSPENSION,hres-512-116,"Calling for the global repeal of blasphemy, heresy, and apostasy laws",,,,true,false,
h-116-2-237,116,2020-12-07,SUSPENSION,s-461-116,HBCU PARTNERS Act,,,,true,false,
h-116-2-238,116,2020-12-08,PASSAGE,hr-6395-116,William M. (Mac) Thornberry National Defense Authorization Act,,,,true,false,
h-116-2-239,116,2020-12-08,SUSPENSION,hr-8354-116,Servicemembers and Veterans Initiative Act,,,,true,false,
h-116-2-240,116,2020-12-09,SUSPENSION,hr-8900-116,"Further Continuing Appropriations Act, 2021, and Other Extensions Act",,,,true,false,
h-116-2-241,116,2020-12-09,SUSPENSION,hr-5758-116,Ceiling Fan Improvement Act,,,,true,false,
h-116-2-242,116,2020-12-10,SUSPENSION,s-906-116,Driftnet Modernization and Bycatch Reduction Act,,,,true,false,
h-116-2-243,116,2020-12-10,SUSPENSION,hr-5040-116,AIR Safety Act,,,,true,false,
h-116-2-244,116,2020-12-16,SUSPENSION,s-2216-116,TEAM Veteran Caregivers Act,,,,true,false,
h-116-2-245,116,2020-12-17,SUSPENSION,hr-3250-116,Julius Rosenwald and the Rosenwald Schools Act,,,,true,false,
h-116-2-246,116,2020-12-18,SUSPENSION,s-979-116,FACE Act,,,,true,false,
h-116-2-247,116,2020-12-18,SUSPENSION,hjres-107-116,"Making further continuing appropriations for fiscal year 202, and for other purposes",,,,true,false,
h-116-2-248,116,2020-12-20,SUSPENSION,hjres-110-116,"Extension of Continuing Appropriations Act, 2021",,,,true,false,
h-116-2-249,116,2020-12-21,PASSAGE,hres-1271-116,Providing for consideration of the Senate amendment to the bill (H.R. 133) to promote economic partnership and cooperation between the US and Mexico; providing for disposition of the Senate amendment to the bill (H.R. 1520),,,,true,false,
h-116-2-250,116,2020-12-21,PROCEDURAL,hr-133-116,United States-Mexico Economic Partnership Act,,,,true,false,
h-116-2-251,116,2020-12-21,PROCEDURAL,hr-133-116,United States-Mexico Economic Partnership Act,,,,true,false,
h-116-2-252,116,2020-12-28,SUSPENSION,hr-9051-116,CASH Act,,,,true,false,
h-116-2-253,116,2020-12-28,PASSAGE,hr-6395-116,William M. (Mac) Thornberry National Defense Authorization Act,,,,true,false,
h-117-1-1,117,2021-01-03,PROCEDURAL,,,,,,true,false,
h-117-1-3,117,2021-01-03,PASSAGE,hres-1-117,Authorizing and directing the Speaker to administer the oath of office,,,,true,false,
h-117-1-4,117,2021-01-04,PROCEDURAL,hres-8-117,"Adopting the Rules of the House of Representatives for the One Hundred Seventeenth Congress, and for other purposes",,,,true,false,
h-117-1-5,117,2021-01-04,PROCEDURAL,hres-8-117,"Adopting the Rules of the House of Representatives for the One Hundred Seventeenth Congress, and for other purposes",,,,true,false,
h-117-1-6,117,2021-01-04,PROCEDURAL,hres-8-117,"Adopting the Rules of the House of Representatives for the One Hundred Seventeenth Congress, and for other purposes",,,,true,false,
h-117-1-7,117,2021-01-04,PROCEDURAL,hres-8-117,"Adopting the Rules of the House of Representatives for the One Hundred Seventeenth Congress, and for other purposes",,,,true,false,
h-117-1-8,117,2021-01-04,PASSAGE,hres-8-117,"Adopting the Rules of the House of Representatives for the One Hundred Seventeenth Congress, and for other purposes",,,,true,false,
h-117-1-9,117,2021-01-05,SUSPENSION,hr-22-117,Congressional Budget Justification Transparency Act of 2021,,,,true,false,
h-117-1-10,117,2021-01-06,PROCEDURAL,,,,,,true,false,
h-117-1-11,117,2021-01-07,PROCEDURAL,,,,,,true,false,
h-117-1-12,117,2021-01-12,PROCEDURAL,hres-38-117,Providing for consideration of H. Res. 21,,,,true,false,
h-117-1-13,117,2021-01-12,PASSAGE,hres-38-117,Providing for consideration of H. Res. 21,,,,true,false,
h-117-1-14,117,2021-01-12,PASSAGE,hres-21-117,Calling on Vice President Michael R. Pence to convene and mobilize the principal officers of the executive departments of the Cabinet to activate section 4 of the 25th Amendment to declare President Donald J. Trump incapable of executing the duties of his office and to immediately exercise powers as acting President,,,INPUT_COSTS,true,true,
h-117-1-15,117,2021-01-13,PROCEDURAL,hres-41-117,"Providing for consideration of the resolution (H. Res. 24) impeaching Donald John Trump, President of the United States, for high crimes and misdemeanors",,,,true,false,
h-117-1-16,117,2021-01-13,PASSAGE,hres-41-117,"Providing for consideration of the resolution (H. Res. 24) impeaching Donald John Trump, President of the United States, for high crimes and misdemeanors",,,,true,false,
h-117-1-17,117,2021-01-13,PASSAGE,hres-24-117,"Impeaching Donald John Trump, President of the United States, for high crimes and misdemeanors",,,,true,false,
h-117-1-18,117,2021-01-21,PASSAGE,hr-335-117,To provide for an exception to a limitation against appointment of persons as Secretary of Defense within seven years of relief from active duty as a regular commissioned officer of the Armed Forces,,,,true,false,
h-117-1-19,117,2021-02-02,PROCEDURAL,hres-85-117,Providing for consideration of the bill (H.R. 447) National Apprenticeship Act and providing for consideration of the concurrent resolution (H.Con.Res. 11) establishing the congressional budget for the United States Government for FY 2021 and setting forth the appropriate budgetary levels for FY 2022 through 2030,,,WORKFORCE,true,false,
h-117-1-20,117,2021-02-02,PASSAGE,hres-85-117,Providing for consideration of the bill (H.R. 447) National Apprenticeship Act and providing for consideration of the concurrent resolution (H.Con.Res. 11) establishing the congressional budget for the United States Government for FY 2021 and setting forth the appropriate budgetary levels for FY 2022 through 2030,,,WORKFORCE,true,false,
h-117-1-21,117,2021-02-03,PASSAGE,hconres-11-117,Establishing the congressional budget for the United States Government for fiscal year 2021 and setting forth the appropriate budgetary levels for fiscal years 2022 through 2030,,,,true,false,
h-117-1-22,117,2021-02-04,PROCEDURAL,hres-91-117,Providing for consideration of the resolution (H.Res. 72) removing a certain Member from certain standing committees of the House of Representatives,,,,true,false,
h-117-1-23,117,2021-02-04,PASSAGE,hres-91-117,Providing for consideration of the resolution (H.Res. 72) removing a certain Member from certain standing committees of the House of Representatives,,,,true,false,
h-117-1-24,117,2021-02-04,PROCEDURAL,,,,,,true,false,
h-117-1-25,117,2021-02-04,PASSAGE,hres-72-117,Removing a certain Member from certain standing committees of the House of Representatives,,,,true,false,
h-117-1-26,117,2021-02-05,PROCEDURAL,hres-101-117,Providing for the adoption of the concurrent resolution (S. Con. Res. 5) setting forth the congressional budget for the United States Government for fiscal year 2021 and setting forth the appropriate budgetary levels for fiscal years 2022 through 2030,,,,true,false,
h-117-1-27,117,2021-02-05,PASSAGE,hres-101-117,Providing for the adoption of the concurrent resolution (S. Con. Res. 5) setting forth the congressional budget for the United States Government for fiscal year 2021 and setting forth the appropriate budgetary levels for fiscal years 2022 through 2030,,,,true,false,
h-117-1-28,117,2021-02-05,AMENDMENT,hr-447-117,National Apprenticeship Act,,,WORKFORCE,true,false,
h-117-1-29,117,2021-02-05,AMENDMENT,hr-447-117,National Apprenticeship Act,,,WORKFORCE,true,false,
h-117-1-30,117,2021-02-05,AMENDMENT,hr-447-117,National Apprenticeship Act,,,WORKFORCE,true,false,
h-117-1-31,117,2021-02-05,PASSAGE,hr-447-117,National Apprenticeship Act,,,WORKFORCE,true,false,
h-117-1-32,117,2021-02-23,SUSPENSION,hr-208-117,"To designate the facility of the United States Postal Service located at 500 West Main Street, Suite 102 in Tupelo, Mississippi, as the “Colonel Carlyle ’Smitty’ Harris Post Office”",,,,true,false,
h-117-1-33,117,2021-02-24,PROCEDURAL,,,,,,true,false,
h-117-1-34,117,2021-02-24,PROCEDURAL,hres-147-117,"Providing for consideration of the bill (H.R. 803) the Colorado Wilderness Act, and providing for consideration of the bill (H.R. 5) the Equality Act",,,,true,false,
h-117-1-35,117,2021-02-24,PASSAGE,hres-147-117,"Providing for consideration of the bill (H.R. 803) the Colorado Wilderness Act, and providing for consideration of the bill (H.R. 5) the Equality Act",,,,true,false,
h-117-1-36,117,2021-02-24,SUSPENSION,hr-546-117,Effective Assistance of Counsel in the Digital Era Act,,,,true,false,
h-117-1-37,117,2021-02-24,SUSPENSION,hr-1192-117,Puerto Rico Recovery Accuracy in Disclosures Act,,,,true,false,
h-117-1-38,117,2021-02-25,PROCEDURAL,,,,,,true,false,
h-117-1-39,117,2021-02-25,PASSAGE,hr-5-117,Equality Act,,,,true,false,
h-117-1-40,117,2021-02-25,PROCEDURAL,hr-5-117,Equality Act,,,,true,false,
h-117-1-41,117,2021-02-26,AMENDMENT,hr-803-117,Colorado Wilderness Act,,,,true,false,
h-117-1-42,117,2021-02-26,AMENDMENT,hr-803-117,Colorado Wilderness Act,,,,true,false,
h-117-1-43,117,2021-02-26,AMENDMENT,hr-803-117,Colorado Wilderness Act,,,,true,false,
h-117-1-44,117,2021-02-26,MOTION_TO_RECOMMIT,hr-803-117,Colorado Wilderness Act,,,,true,false,
h-117-1-45,117,2021-02-26,PASSAGE,hr-803-117,Colorado Wilderness Act,,,,true,false,
h-117-1-46,117,2021-02-26,PROCEDURAL,hres-166-117,Providing for consideration of the bill (H.R. 1319) to provide for reconciliation pursuant to title II of S. Con. Res. 5,,,,true,false,
h-117-1-47,117,2021-02-26,PASSAGE,hres-166-117,Providing for consideration of the bill (H.R. 1319) to provide for reconciliation pursuant to title II of S. Con. Res. 5,,,,true,false,
h-117-1-48,117,2021-02-27,MOTION_TO_RECOMMIT,hr-1319-117,American Rescue Plan Act,,,,true,false,
h-117-1-49,117,2021-02-27,PASSAGE,hr-1319-117,American Rescue Plan Act,,,,true,false,
h-117-1-50,117,2021-03-01,PROCEDURAL,hres-179-117,Providing for consideration of the bill (H.R. 1) For the People Act and providing for consideration of the bill (H.R. 1280) George Floyd Justice in Policing Act.,,,,true,false,
h-117-1-51,117,2021-03-01,PASSAGE,hres-179-117,Providing for consideration of the bill (H.R. 1) For the People Act and providing for consideration of the bill (H.R. 1280) George Floyd Justice in Policing Act.,,,,true,false,
h-117-1-52,117,2021-03-02,AMENDMENT,hr-1-117,For the People Act,,,,true,false,
h-117-1-53,117,2021-03-02,AMENDMENT,hr-1-117,For the People Act,,,,true,false,
h-117-1-54,117,2021-03-02,AMENDMENT,hr-1-117,For the People Act,,,,true,false,
h-117-1-55,117,2021-03-02,AMENDMENT,hr-1-117,For the People Act,,,,true,false,
h-117-1-56,117,2021-03-03,PROCEDURAL,,,,,,true,false,
h-117-1-57,117,2021-03-03,AMENDMENT,hr-1-117,For the People Act,,,,true,false,
h-117-1-58,117,2021-03-03,AMENDMENT,hr-1-117,For the People Act,,,,true,false,
h-117-1-59,117,2021-03-03,MOTION_TO_RECOMMIT,hr-1280-117,George Floyd Justice in Policing Act of 2021,,,,true,false,
h-117-1-60,117,2021-03-03,PASSAGE,hr-1280-117,George Floyd Justice in Policing Act of 2021,,,,true,false,
h-117-1-61,117,2021-03-03,MOTION_TO_RECOMMIT,hr-1-117,For the People Act,,,,true,false,
h-117-1-62,117,2021-03-03,PASSAGE,hr-1-117,For the People Act,,,,true,false,
h-117-1-63,117,2021-03-08,PROCEDURAL,hres-188-117,"Providing for consideration of H.R. 842, Protecting the Right to Organize Act; H.R. 8, Bipartisan Background Checks Act; H.R. 1446, Enhanced Background Checks Act; and for other purposes",,,,true,false,
h-117-1-64,117,2021-03-08,PASSAGE,hres-188-117,"Providing for consideration of H.R. 842, Protecting the Right to Organize Act; H.R. 8, Bipartisan Background Checks Act; H.R. 1446, Enhanced Background Checks Act; and for other purposes",,,,true,false,
h-117-1-65,117,2021-03-09,PROCEDURAL,hres-198-117,Providing for consideration of the Senate amendment to the bill (H.R. 1319) to provide for reconciliation pursuant to title II of S. Con. Res. 5,,,,true,false,
h-117-1-66,117,2021-03-09,PASSAGE,hres-198-117,Providing for consideration of the Senate amendment to the bill (H.R. 1319) to provide for reconciliation pursuant to title II of S. Con. Res. 5,,,,true,false,
h-117-1-67,117,2021-03-09,AMENDMENT,hr-842-117,Protecting the Right to Organize Act,,,,true,false,
h-117-1-68,117,2021-03-09,AMENDMENT,hr-842-117,Protecting the Right to Organize Act,,,,true,false,
h-117-1-69,117,2021-03-09,MOTION_TO_RECOMMIT,hr-842-117,Protecting the Right to Organize Act,,,,true,false,
h-117-1-70,117,2021-03-09,PASSAGE,hr-842-117,Protecting the Right to Organize Act,,,,true,false,
h-117-1-71,117,2021-03-10,PROCEDURAL,,,,,,true,false,
h-117-1-72,117,2021-03-10,AMENDMENT,hr-1319-117,American Rescue Plan Act,,,,true,false,
h-117-1-73,117,2021-03-10,AMENDMENT,hr-1446-117,Enhanced Background Checks Act of 2021,,,,true,false,
h-117-1-74,117,2021-03-11,MOTION_TO_RECOMMIT,hr-8-117,Bipartisan Background Checks Act,,,,true,false,
h-117-1-75,117,2021-03-11,PASSAGE,hr-8-117,Bipartisan Background Checks Act,,,,true,false,
h-117-1-76,117,2021-03-11,MOTION_TO_RECOMMIT,hr-1446-117,Enhanced Background Checks Act of 2021,,,,true,false,
h-117-1-77,117,2021-03-11,PASSAGE,hr-1446-117,Enhanced Background Checks Act of 2021,,,,true,false,
h-117-1-78,117,2021-03-16,PROCEDURAL,hres-233-117,"Providing for consideration of the bill H.R. 1620, Violence Against Women Reauthorization Act; H.R. 6, American Dream and Promise Act; H.R. 1603, Farm Workforce Modernization Act; H.R. 1868, to prevent across-the-board direct spending cuts and H.J.Res. 17, removing deadline for the ratification of the equal rights adt",,,,true,false,
h-117-1-79,117,2021-03-16,PASSAGE,hres-233-117,"Providing for consideration of the bill H.R. 1620, Violence Against Women Reauthorization Act; H.R. 6, American Dream and Promise Act; H.R. 1603, Farm Workforce Modernization Act; H.R. 1868, to prevent across-the-board direct spending cuts and H.J.Res. 17, removing deadline for the ratification of the equal rights adt",,,,true,false,
h-117-1-80,117,2021-03-16,SUSPENSION,hr-1799-117,PPP Extension Act,,,ACCESS_TO_CAPITAL,true,false,
h-117-1-81,117,2021-03-16,SUSPENSION,hr-485-117,Stronger Child Abuse Prevention and Treatment Act,,,,true,false,
h-117-1-82,117,2021-03-17,PASSAGE,hjres-17-117,Removing the deadline for the ratification of the equal rights amendment,,,,true,false,
h-117-1-83,117,2021-03-17,AMENDMENT,hr-1620-117,The Violence Against Women Reauthorization Act of 2021,,,,true,false,
h-117-1-84,117,2021-03-17,AMENDMENT,hr-1620-117,The Violence Against Women Reauthorization Act of 2021,,,,true,false,
h-117-1-85,117,2021-03-17,AMENDMENT,hr-1620-117,The Violence Against Women Reauthorization Act of 2021,,,,true,false,
h-117-1-86,117,2021-03-17,PASSAGE,hr-1620-117,The Violence Against Women Reauthorization Act of 2021,,,,true,false,
h-117-1-87,117,2021-03-17,SUSPENSION,hr-1085-117,"To award three congressional gold medals to the United States Capitol Police and those who protected the U.S. Capitol on January 6, 2021",,,,true,false,
h-117-1-88,117,2021-03-17,SUSPENSION,hr-1651-117,COVID-19 Bankruptcy Relief Extension Act,,,,true,false,
h-117-1-89,117,2021-03-17,SUSPENSION,hr-1652-117,VOCA Fix to Sustain the Crime Victims Fund Act,,,,true,false,
h-117-1-90,117,2021-03-18,MOTION_TO_RECOMMIT,hr-6-117,Dream Act,,,,true,false,
h-117-1-91,117,2021-03-18,PASSAGE,hr-6-117,Dream Act,,,,true,false,
h-117-1-92,117,2021-03-18,MOTION_TO_RECOMMIT,hr-1603-117,Farm Workforce Modernization Act,,,,true,false,
h-117-1-93,117,2021-03-18,PASSAGE,hr-1603-117,Farm Workforce Modernization Act,,,,true,false,
h-117-1-94,117,2021-03-18,PROCEDURAL,hres-243-117,Removing a certain Member from a certain committee of the House of Representatives,,,,true,false,
h-117-1-95,117,2021-03-19,MOTION_TO_RECOMMIT,hr-1868-117,"To prevent across-the-board direct spending cuts, and for other purposes",,,,true,false,
h-117-1-96,117,2021-03-19,PASSAGE,hr-1868-117,"To prevent across-the-board direct spending cuts, and for other purposes",,,,true,false,
h-117-1-97,117,2021-03-19,SUSPENSION,hres-134-117,"Condemning the military coup that took place on February 1, 2021, in Burma and the Burmese military detention of civilian leaders, calling for the release of all those detained and for those elected to serve Parliament to resume their duties, and for other purposes",,,INPUT_COSTS,true,false,
h-117-1-98,117,2021-04-13,SUSPENSION,hr-1868-117,"To prevent across-the-board direct spending cuts, and for other purposes",,,,true,false,
h-117-1-100,117,2021-04-14,SUSPENSION,s-578-117,"Food Allergy Safety, Treatment, Education, and Research Act",,,,true,false,
h-117-1-101,117,2021-04-14,SUSPENSION,s-164-117,Advancing Education on Biosimilars Act,,,,true,false,
h-117-1-102,117,2021-04-14,PROCEDURAL,hres-303-117,"Providing for consideration of H.R. 7, the Paycheck Fairness Act and H.R. 1195, the Workplace Violence Prevention for Health Care and Social Service Workers Act",,,,true,false,
h-117-1-103,117,2021-04-14,PASSAGE,hres-303-117,"Providing for consideration of H.R. 7, the Paycheck Fairness Act and H.R. 1195, the Workplace Violence Prevention for Health Care and Social Service Workers Act",,,,true,false,
h-117-1-99,117,2021-04-14,SUSPENSION,hr-172-117,United States Anti-Doping Agency Reauthorization Act,,,,true,false,
h-117-1-104,117,2021-04-15,SUSPENSION,hr-1215-117,Fraud and Scam Reduction Act,,,,true,false,
h-117-1-105,117,2021-04-15,SUSPENSION,hr-1460-117,Nicholas and Zachary Burt Memorial Carbon Monoxide Poisoning Prevention Act,,,,true,false,
h-117-1-106,117,2021-04-15,AMENDMENT,hr-7-117,Paycheck Fairness Act,,,,true,false,
h-117-1-107,117,2021-04-15,AMENDMENT,hr-7-117,Paycheck Fairness Act,,,,true,false,
h-117-1-108,117,2021-04-15,PASSAGE,hr-7-117,Paycheck Fairness Act,,,,true,false,
h-117-1-109,117,2021-04-15,SUSPENSION,hr-941-117,TRANSPLANT Act,,,,true,false,
h-117-1-110,117,2021-04-15,SUSPENSION,hr-446-117,Protecting Seniors from Emergency Scams Act,,,,true,false,
h-117-1-111,117,2021-04-15,SUSPENSION,hr-1762-117,Protecting Indian Tribes from Scams Act,,,,true,false,
h-117-1-112,117,2021-04-15,SUSPENSION,hr-1002-117,Debarment Enforcement of Bad Actor Registrants Act,,,,true,false,
h-117-1-113,117,2021-04-15,SUSPENSION,hr-1899-117,Ensuring Compliance Against Drug Diversion Act,,,,true,false,
h-117-1-114,117,2021-04-15,SUSPENSION,hr-1502-117,Microloan Improvement Act,,,ACCESS_TO_CAPITAL,true,false,
h-117-1-115,117,2021-04-15,SUSPENSION,hr-1487-117,Microloan Transparency and Accountability Act,,,ACCESS_TO_CAPITAL,true,false,
h-117-1-116,117,2021-04-15,SUSPENSION,hr-1490-117,504 Modernization and Small Manufacturer Enhancement Act,,,ACCESS_TO_CAPITAL,true,false,
h-117-1-117,117,2021-04-16,AMENDMENT,hr-1195-117,Workplace Violence Prevention for Health Care and Social Service Workers Act,,,,true,false,
h-117-1-118,117,2021-04-16,PASSAGE,hr-1195-117,Workplace Violence Prevention for Health Care and Social Service Workers Act,,,,true,false,
h-117-1-119,117,2021-04-16,SUSPENSION,hr-1482-117,504 Credit Risk Management Improvement Act,,,ACCESS_TO_CAPITAL,true,false,
h-117-1-120,117,2021-04-19,SUSPENSION,hr-1996-117,SAFE Banking Act,,,,true,false,
h-117-1-121,117,2021-04-19,SUSPENSION,hres-130-117,Condemning the continued violation of rights and freedoms of the people of Hong Kong by the People’s Republic of China and the Government of the Hong Kong Special Administrative Region,,,,true,false,
h-117-1-122,117,2021-04-20,PROCEDURAL,hres-331-117,Raising a question of the privileges of the House,,,,true,false,
h-117-1-123,117,2021-04-20,PROCEDURAL,hres-330-117,"Providing for consideration of the bill (H.R. 51) Washington, D.C. Admission Act; providing for consideration of the bill (H.R. 1573) Access to Counsel Act; providing for consideration of the bill (H.R. 1333) NO BAN Act; and for other purposes",,,,true,false,
h-117-1-124,117,2021-04-20,PASSAGE,hres-330-117,"Providing for consideration of the bill (H.R. 51) Washington, D.C. Admission Act; providing for consideration of the bill (H.R. 1573) Access to Counsel Act; providing for consideration of the bill (H.R. 1333) NO BAN Act; and for other purposes",,,,true,false,
h-117-1-125,117,2021-04-20,SUSPENSION,,,,,,true,false,
h-117-1-126,117,2021-04-21,MOTION_TO_RECOMMIT,hr-1333-117,NO BAN Act,,,,true,false,
h-117-1-127,117,2021-04-21,PASSAGE,hr-1333-117,NO BAN Act,,,,true,false,
h-117-1-128,117,2021-04-21,MOTION_TO_RECOMMIT,hr-1573-117,Access to Counsel Act,,,,true,false,
h-117-1-129,117,2021-04-21,PASSAGE,hr-1573-117,Access to Counsel Act,,,,true,false,
h-117-1-130,117,2021-04-21,SUSPENSION,hr-1392-117,Protection of Saudi Dissidents Act,,,,true,false,
h-117-1-131,117,2021-04-22,MOTION_TO_RECOMMIT,hr-51-117,"Washington, D.C. Admission Act",,,,true,false,
h-117-1-132,117,2021-04-22,PASSAGE,hr-51-117,"Washington, D.C. Admission Act",,,,true,false,
h-117-1-133,117,2021-04-22,PROCEDURAL,,,,,,true,false,
h-117-1-134,117,2021-05-11,SUSPENSION,hr-1629-117,Fairness in Orphan Drug Exclusivity Act,,,,true,false,
h-117-1-135,117,2021-05-12,PROCEDURAL,hres-380-117,Providing for consideration of the bill (H.R. 2547) Comprehensive Debt Collection Improvement Act; providing for consideration of the bill (H.R. 1065) Pregnant Workers Fairness Act and for other purposes,,,,true,false,
h-117-1-136,117,2021-05-12,PASSAGE,hres-380-117,Providing for consideration of the bill (H.R. 2547) Comprehensive Debt Collection Improvement Act; providing for consideration of the bill (H.R. 1065) Pregnant Workers Fairness Act and for other purposes,,,,true,false,
h-117-1-137,117,2021-05-12,SUSPENSION,,,,,,true,false,
h-117-1-138,117,2021-05-13,AMENDMENT,hr-2547-117,Comprehensive Debt Collection Improvement Act,,,,true,false,
h-117-1-139,117,2021-05-13,AMENDMENT,hr-2547-117,Comprehensive Debt Collection Improvement Act,,,,true,false,
h-117-1-140,117,2021-05-13,AMENDMENT,hr-2547-117,Comprehensive Debt Collection Improvement Act,,,,true,false,
h-117-1-141,117,2021-05-13,PASSAGE,hr-2547-117,Comprehensive Debt Collection Improvement Act,,,,true,false,
h-117-1-142,117,2021-05-13,SUSPENSION,hr-2877-117,Behavioral Intervention Guidelines Act of 2021,,,,true,false,
h-117-1-143,117,2021-05-14,PASSAGE,hr-1065-117,Pregnant Workers Fairness Act,,,,true,false,
h-117-1-144,117,2021-05-17,SUSPENSION,hr-2911-117,VA Transparency & Trust Act,,,,true,false,
h-117-1-145,117,2021-05-18,SUSPENSION,s-937-117,COVID-19 Hate Crimes Act,,,,true,false,
h-117-1-146,117,2021-05-18,PROCEDURAL,hres-403-117,"Providing for consideration of H.R. 1629,the Fairness in Orphan Drug Exclusivity Act; and H. Res. 275, condemning the horrific shootings in Atlanta, GA on March 16, 2021",,,,true,false,
h-117-1-147,117,2021-05-18,PASSAGE,hres-403-117,"Providing for consideration of H.R. 1629,the Fairness in Orphan Drug Exclusivity Act; and H. Res. 275, condemning the horrific shootings in Atlanta, GA on March 16, 2021",,,,true,false,
h-117-1-148,117,2021-05-18,SUSPENSION,,,,,,true,false,
h-117-1-149,117,2021-05-19,PASSAGE,hres-275-117,"Condemning the horrific shootings in Atlanta, Georgia, on March 16, 2021, and reaffirming the House of Representative’s commitment to combating hate, bigotry, and violence against the Asian-American and Pacific Islander community",,,,true,false,
h-117-1-150,117,2021-05-19,PASSAGE,hr-1629-117,Fairness in Orphan Drug Exclusivity Act,,,,true,false,
h-117-1-151,117,2021-05-19,PROCEDURAL,hres-409-117,"Providing for consideration of the bill (H.R. 3233) National Commission to Investigate the January 6 Attack on the United States Capitol Complex Act; and providing for consideration of the bill (H.R. 3237) Emergency Security Supplemental to Respond to January 6th Appropriations Act, 2021, and for other purposes",,,,true,false,
h-117-1-152,117,2021-05-19,PASSAGE,hres-409-117,"Providing for consideration of the bill (H.R. 3233) National Commission to Investigate the January 6 Attack on the United States Capitol Complex Act; and providing for consideration of the bill (H.R. 3237) Emergency Security Supplemental to Respond to January 6th Appropriations Act, 2021, and for other purposes",,,,true,false,
h-117-1-153,117,2021-05-19,PROCEDURAL,hres-414-117,"Directing the Attending Physician to take timely action to provide updated mask wearing guidance applicable to the Hall of the House of Representatives and committee meeting spaces for Members & staff who are vaccinated against Covid-19, consistent with the public guidance released by the CDC & Prevention May 13, 2021",,,,true,false,
h-117-1-154,117,2021-05-19,PASSAGE,hr-3233-117,National Commission to Investigate the January 6 Attack on the United States Capitol Complex Act,,,,true,false,
h-117-1-155,117,2021-05-20,MOTION_TO_RECOMMIT,hr-3237-117,"Making emergency supplemental appropriations for the fiscal year ending September 30, 2021, and for other purposes",,,,true,false,
h-117-1-156,117,2021-05-20,PASSAGE,hr-3237-117,"Making emergency supplemental appropriations for the fiscal year ending September 30, 2021, and for other purposes",,,,true,false,
h-117-1-157,117,2021-06-14,PROCEDURAL,hres-473-117,"Providing for consideration of the bill (H.R. 256) to repeal the Authorization for Use of Military Force Against Iraq Resolution of 2002; providing for consideration of the bill (H.R. 1187) ESG Disclosure Simplification Act, and for other purposes; and for other purposes",,,,true,false,
h-117-1-158,117,2021-06-14,PASSAGE,hres-473-117,"Providing for consideration of the bill (H.R. 256) to repeal the Authorization for Use of Military Force Against Iraq Resolution of 2002; providing for consideration of the bill (H.R. 1187) ESG Disclosure Simplification Act, and for other purposes; and for other purposes",,,,true,false,
h-117-1-159,117,2021-06-15,SUSPENSION,,,,,,true,false,
h-117-1-160,117,2021-06-15,SUSPENSION,hr-239-117,Equal Access to Contraception for Veterans Act,,,,true,false,
h-117-1-161,117,2021-06-15,SUSPENSION,hr-3325-117,"To award four congressional gold medals to the United States Capitol Police and those who protected the U.S. Capitol on January 6, 2021",,,,true,false,
h-117-1-162,117,2021-06-15,SUSPENSION,hr-1443-117,LGBTQ Business Equal Credit Enforcement and Investment Act,,,,true,false,
h-117-1-163,117,2021-06-16,PASSAGE,hres-479-117,"Providing for consideration of the bill (S. 475) to amend title 5, United States Code, to designate Juneteenth National Independence Day as a legal public holiday",,,,true,false,
h-117-1-164,117,2021-06-16,AMENDMENT,hr-1187-117,ESG Disclosure Simplification Act,,,,true,false,
h-117-1-165,117,2021-06-16,AMENDMENT,hr-1187-117,ESG Disclosure Simplification Act,,,,true,false,
h-117-1-166,117,2021-06-16,AMENDMENT,hr-1187-117,ESG Disclosure Simplification Act,,,,true,false,
h-117-1-167,117,2021-06-16,AMENDMENT,hr-1187-117,ESG Disclosure Simplification Act,,,,true,false,
h-117-1-168,117,2021-06-16,MOTION_TO_RECOMMIT,hr-1187-117,ESG Disclosure Simplification Act,,,,true,false,
h-117-1-169,117,2021-06-16,PASSAGE,hr-1187-117,ESG Disclosure Simplification Act,,,,true,false,
h-117-1-170,117,2021-06-16,PASSAGE,s-475-117,Juneteenth National Independence Day Act,,,,true,false,
h-117-1-171,117,2021-06-17,MOTION_TO_RECOMMIT,hr-256-117,To repeal the Authorization for Use of Military Force Against Iraq Resolution of 2002,,,,true,false,
h-117-1-172,117,2021-06-17,PASSAGE,hr-256-117,To repeal the Authorization for Use of Military Force Against Iraq Resolution of 2002,,,,true,false,
h-117-1-173,117,2021-06-22,SUSPENSION,hr-1374-117,Enhancing State Energy Security Planning and Emergency Preparedness Act,,,,true,false,
h-117-1-174,117,2021-06-22,SUSPENSION,hr-983-117,Preventing Crimes Against Veterans Act,,,,true,false,
h-117-1-175,117,2021-06-23,PROCEDURAL,hres-486-117,Providing for consideration of the bills (H.R. 2062) Protecting Older Workers Against Discrimination Act; (H.R. 239) Equal Access to Contraception for Veterans Act; (H.R. 1443) LGBTQ Business Equal Credit Enforcement and Investment Act; S.J.Res. 13; S.J.Res. 14 and S. J.Res. 15; and for other purposes.,,,,true,false,
h-117-1-176,117,2021-06-23,PASSAGE,hres-486-117,Providing for consideration of the bills (H.R. 2062) Protecting Older Workers Against Discrimination Act; (H.R. 239) Equal Access to Contraception for Veterans Act; (H.R. 1443) LGBTQ Business Equal Credit Enforcement and Investment Act; S.J.Res. 13; S.J.Res. 14 and S. J.Res. 15; and for other purposes.,,,,true,false,
h-117-1-177,117,2021-06-23,SUSPENSION,,,,,,true,false,
h-117-1-178,117,2021-06-23,AMENDMENT,hr-2062-117,Protecting Older Workers Against Discrimination Act of 2021,,,,true,false,
h-117-1-179,117,2021-06-23,AMENDMENT,hr-2062-117,Protecting Older Workers Against Discrimination Act of 2021,,,,true,false,
h-117-1-180,117,2021-06-23,PASSAGE,hr-2062-117,Protecting Older Workers Against Discrimination Act of 2021,,,,true,false,
h-117-1-181,117,2021-06-24,PASSAGE,sjres-15-117,"Providing for congressional disapproval under chapter 8 of title 5, United States Code, of the rule submitted by the Office of the Comptroller of Currency relating to “National Banks and Federal Savings Associations as Lenders”",,,,true,false,
h-117-1-182,117,2021-06-24,PASSAGE,hr-1443-117,LGBTQ Business Equal Credit Enforcement and Investment Act,,,,true,false,
h-117-1-183,117,2021-06-24,PASSAGE,sjres-13-117,"Providing for congressional disapproval under chapter 8 of title 5, United States Code, of the rule submitted by the Equal Employment Opportunity Commission relating to “Update of Commission’s Conciliation Procedures”",,,,true,false,
h-117-1-184,117,2021-06-24,PASSAGE,hr-239-117,Equal Access to Contraception for Veterans Act,,,,true,false,
h-117-1-185,117,2021-06-25,PASSAGE,sjres-14-117,"Providing for congressional disapproval under chapter 8 of title 5, United States Code, of the rule submitted by the Environmental Protection Agency relating to “Oil and Natural Gas Sector: Emission Standards for New, Reconstructed, and Modified Sources Review”",,,INPUT_COSTS,true,true,
h-117-1-186,117,2021-06-28,SUSPENSION,hr-2225-117,National Science Foundation for the Future Act,,,,true,false,
h-117-1-187,117,2021-06-28,SUSPENSION,hr-3593-117,Department of Energy Science for the Future Act,,,,true,false,
h-117-1-188,117,2021-06-28,SUSPENSION,hr-391-117,Global Health Security Act,,,,true,false,
h-117-1-189,117,2021-06-29,PROCEDURAL,hres-504-117,"Providing for consideration of H.R. 2662, IG Independence and Empowerment Act; H.R. 3005, directing the Joint Committee on the Library to replace certain statues in the Capitol; H.R. 3684, INVEST in America Act; H. Res. 503, establishing a Select Committee to Investigate the January 6th attack on the Capitol",,,,true,false,
h-117-1-190,117,2021-06-29,PASSAGE,hres-504-117,"Providing for consideration of H.R. 2662, IG Independence and Empowerment Act; H.R. 3005, directing the Joint Committee on the Library to replace certain statues in the Capitol; H.R. 3684, INVEST in America Act; H. Res. 503, establishing a Select Committee to Investigate the January 6th attack on the Capitol",,,,true,false,
h-117-1-191,117,2021-06-29,SUSPENSION,,,,,,true,false,
h-117-1-192,117,2021-06-29,SUSPENSION,hr-567-117,Trans-Sahara Counterterrorism Partnership Program Act,,,,true,false,
h-117-1-193,117,2021-06-29,AMENDMENT,hr-2662-117,IG Independence and Empowerment Act,,,,true,false,
h-117-1-194,117,2021-06-29,AMENDMENT,hr-2662-117,IG Independence and Empowerment Act,,,,true,false,
h-117-1-195,117,2021-06-29,PASSAGE,hr-2662-117,IG Independence and Empowerment Act,,,,true,false,
h-117-1-196,117,2021-06-29,PASSAGE,hr-3005-117,Directing the Joint Committee on the Library to replace certain statues in the United States Capitol,,,,true,false,
h-117-1-197,117,2021-06-30,PASSAGE,hres-503-117,Establishing the Select Committee to Investigate the January 6th Attack on the United States Capitol,,,,true,false,
h-117-1-198,117,2021-06-30,PROCEDURAL,hres-508-117,"Providing for further consideration of the bil (H.R. 3684) to authorize funds for Federal-Aid Highways, Highway Safety Programs, and Transit Programs, and for other purposes; and for other purposes",,,,true,false,
h-117-1-199,117,2021-06-30,AMENDMENT,hres-508-117,"Providing for further consideration of the bil (H.R. 3684) to authorize funds for Federal-Aid Highways, Highway Safety Programs, and Transit Programs, and for other purposes; and for other purposes",,,,true,false,
h-117-1-200,117,2021-06-30,PASSAGE,hres-508-117,"Providing for further consideration of the bil (H.R. 3684) to authorize funds for Federal-Aid Highways, Highway Safety Programs, and Transit Programs, and for other purposes; and for other purposes",,,,true,false,
h-117-1-201,117,2021-06-30,AMENDMENT,hr-3684-117,INVEST in America Act,,,,true,false,
h-117-1-202,117,2021-06-30,AMENDMENT,hr-3684-117,INVEST in America Act,,,,true,false,
h-117-1-203,117,2021-06-30,AMENDMENT,hr-3684-117,INVEST in America Act,,,,true,false,
h-117-1-204,117,2021-06-30,AMENDMENT,hr-3684-117,INVEST in America Act,,,,true,false,
h-117-1-205,117,2021-07-01,AMENDMENT,hr-3684-117,INVEST in America Act,,,,true,false,
h-117-1-206,117,2021-07-01,AMENDMENT,hr-3684-117,INVEST in America Act,,,,true,false,
h-117-1-207,117,2021-07-01,MOTION_TO_RECOMMIT,hr-3684-117,INVEST in America Act,,,,true,false,
h-117-1-208,117,2021-07-01,PASSAGE,hr-3684-117,INVEST in America Act,,,,true,false,
h-117-1-209,117,2021-07-19,SUSPENSION,hr-826-117,Divided Families Reunification Act,,,,true,false,
h-117-1-210,117,2021-07-20,PROCEDURAL,hres-535-117,"Providing for consideration of H.R. 2467, the PFAS Action Act of 2021; H.R. 2668, the Consumer Protection and Recovery Act; and H.R. 3985, the Allies Act of 2021, and for other purposes",,,,true,false,
h-117-1-211,117,2021-07-20,PASSAGE,hres-535-117,"Providing for consideration of H.R. 2467, the PFAS Action Act of 2021; H.R. 2668, the Consumer Protection and Recovery Act; and H.R. 3985, the Allies Act of 2021, and for other purposes",,,,true,false,
h-117-1-212,117,2021-07-20,SUSPENSION,,,,,,true,false,
h-117-1-213,117,2021-07-20,MOTION_TO_RECOMMIT,hr-2668-117,Consumer Protection and Recovery Act,,,,true,false,
h-117-1-214,117,2021-07-20,PASSAGE,hr-2668-117,Consumer Protection and Recovery Act,,,,true,false,
h-117-1-215,117,2021-07-21,AMENDMENT,hr-2467-117,PFAS Action Act,,,,true,false,
h-117-1-216,117,2021-07-21,MOTION_TO_RECOMMIT,hr-2467-117,PFAS Action Act,,,,true,false,
h-117-1-217,117,2021-07-21,PASSAGE,hr-2467-117,PFAS Action Act,,,,true,false,
h-117-1-218,117,2021-07-22,PASSAGE,hr-3985-117,Allies Act,,,,true,false,
h-117-1-219,117,2021-07-26,PROCEDURAL,hres-554-117,Raising a Question of the Privileges of the House,,,,true,false,
h-117-1-220,117,2021-07-26,SUSPENSION,hr-1664-117,"To authorize the National Medal of Honor Museum Foundation to establish a commemorative work in the District of Columbia and its environs, and for other purposes",,,,true,false,
h-117-1-221,117,2021-07-26,SUSPENSION,hr-2365-117,Gold Star Mothers Family Monument Extension Act,,,,true,false,
h-117-1-222,117,2021-07-27,PROCEDURAL,hres-555-117,"Providing for consideration of the bill (H.R. 4502) making appropriations for the Departments of Labor, Health and Human Services, and Education, and related agencies for the fiscal year ending September 30, 2022, and for other purposes; and for other purposes",,,,true,false,
h-117-1-223,117,2021-07-27,PASSAGE,hres-555-117,"Providing for consideration of the bill (H.R. 4502) making appropriations for the Departments of Labor, Health and Human Services, and Education, and related agencies for the fiscal year ending September 30, 2022, and for other purposes; and for other purposes",,,,true,false,
h-117-1-224,117,2021-07-27,SUSPENSION,s-957-117,To direct the Secretary of Veterans Affairs to ensure that certain medical facilities of the Department of Veterans Affairs have physical locations for the disposal of controlled substances medications,,,,true,false,
h-117-1-225,117,2021-07-27,SUSPENSION,s-1910-117,Major Medical Facility Authorization Act,,,,true,false,
h-117-1-226,117,2021-07-27,AMENDMENT,hr-4502-117,"Making appropriations for the Departments of Labor, Health and Human Services, and Eduction, and related agencies for the fiscal year ending September 30, 2022, and for other purposes",,,,true,false,
h-117-1-227,117,2021-07-27,AMENDMENT,hr-4502-117,"Making appropriations for the Departments of Labor, Health and Human Services, and Eduction, and related agencies for the fiscal year ending September 30, 2022, and for other purposes",,,,true,false,
h-117-1-228,117,2021-07-27,AMENDMENT,hr-4502-117,"Making appropriations for the Departments of Labor, Health and Human Services, and Eduction, and related agencies for the fiscal year ending September 30, 2022, and for other purposes",,,,true,false,
h-117-1-229,117,2021-07-27,AMENDMENT,hr-4502-117,"Making appropriations for the Departments of Labor, Health and Human Services, and Eduction, and related agencies for the fiscal year ending September 30, 2022, and for other purposes",,,,true,false,
h-117-1-230,117,2021-07-27,AMENDMENT,hr-4502-117,"Making appropriations for the Departments of Labor, Health and Human Services, and Eduction, and related agencies for the fiscal year ending September 30, 2022, and for other purposes",,,,true,false,
h-117-1-231,117,2021-07-28,PROCEDURAL,,,,,,true,false,
h-117-1-232,117,2021-07-28,PROCEDURAL,hres-567-117,"Providing for consideration of the bills (H.R. 4346) Legislative Branch Appropriations Act, 2022; (H.R. 4373) Department of State, Foreign Operations, and Related Programs Appropriations Act, 2022; and (H.R. 4505) Commerce, Justice, Science, and Related Agencies Appropriations Act, 2022",,,,true,false,
h-117-1-233,117,2021-07-28,PASSAGE,hres-567-117,"Providing for consideration of the bills (H.R. 4346) Legislative Branch Appropriations Act, 2022; (H.R. 4373) Department of State, Foreign Operations, and Related Programs Appropriations Act, 2022; and (H.R. 4505) Commerce, Justice, Science, and Related Agencies Appropriations Act, 2022",,,,true,false,
h-117-1-234,117,2021-07-28,PROCEDURAL,hres-567-117,"Providing for consideration of the bills (H.R. 4346) Legislative Branch Appropriations Act, 2022; (H.R. 4373) Department of State, Foreign Operations, and Related Programs Appropriations Act, 2022; and (H.R. 4505) Commerce, Justice, Science, and Related Agencies Appropriations Act, 2022",,,,true,false,
h-117-1-235,117,2021-07-28,PROCEDURAL,,,,,,true,false,
h-117-1-236,117,2021-07-28,AMENDMENT,hr-4346-117,"Making appropriations for Legislative Branch for the fiscal year ending September 30, 2022, and for other purposes",,,,true,false,
h-117-1-237,117,2021-07-28,AMENDMENT,hr-4346-117,"Making appropriations for Legislative Branch for the fiscal year ending September 30, 2022, and for other purposes",,,,true,false,
h-117-1-238,117,2021-07-28,MOTION_TO_RECOMMIT,hr-4346-117,"Making appropriations for Legislative Branch for the fiscal year ending September 30, 2022, and for other purposes",,,,true,false,
h-117-1-239,117,2021-07-28,PASSAGE,hr-4346-117,"Making appropriations for Legislative Branch for the fiscal year ending September 30, 2022, and for other purposes",,,,true,false,
h-117-1-240,117,2021-07-28,AMENDMENT,hr-4373-117,"Making appropriations for the Department of State, foreign operations, and related programs for the fiscal year ending September 30, 2022, and for other programs",,,,true,false,
h-117-1-241,117,2021-07-28,AMENDMENT,hr-4373-117,"Making appropriations for the Department of State, foreign operations, and related programs for the fiscal year ending September 30, 2022, and for other programs",,,,true,false,
h-117-1-242,117,2021-07-28,MOTION_TO_RECOMMIT,hr-4373-117,"Making appropriations for the Department of State, foreign operations, and related programs for the fiscal year ending September 30, 2022, and for other programs",,,,true,false,
h-117-1-243,117,2021-07-28,PASSAGE,hr-4373-117,"Making appropriations for the Department of State, foreign operations, and related programs for the fiscal year ending September 30, 2022, and for other programs",,,,true,false,
h-117-1-244,117,2021-07-29,AMENDMENT,hr-4502-117,"Making appropriations for the Departments of Labor, Health and Human Services, and Eduction, and related agencies for the fiscal year ending September 30, 2022, and for other purposes",,,,true,false,
h-117-1-245,117,2021-07-29,AMENDMENT,hr-4502-117,"Making appropriations for the Departments of Labor, Health and Human Services, and Eduction, and related agencies for the fiscal year ending September 30, 2022, and for other purposes",,,,true,false,
h-117-1-246,117,2021-07-29,MOTION_TO_RECOMMIT,hr-4502-117,"Making appropriations for the Departments of Labor, Health and Human Services, and Eduction, and related agencies for the fiscal year ending September 30, 2022, and for other purposes",,,,true,false,
h-117-1-247,117,2021-07-29,PASSAGE,hr-4502-117,"Making appropriations for the Departments of Labor, Health and Human Services, and Eduction, and related agencies for the fiscal year ending September 30, 2022, and for other purposes",,,,true,false,
h-117-1-248,117,2021-07-29,PROCEDURAL,hr-4502-117,"Making appropriations for the Departments of Labor, Health and Human Services, and Eduction, and related agencies for the fiscal year ending September 30, 2022, and for other purposes",,,,true,false,
h-117-1-249,117,2021-07-29,PROCEDURAL,,,,,,true,false,
h-117-1-250,117,2021-07-29,SUSPENSION,hr-3237-117,"Making emergency supplemental appropriations for the fiscal year ending September 30, 2021, and for other purposes",,,,true,false,
h-117-1-251,117,2021-07-29,SUSPENSION,hr-2278-117,"To authorize the Secretary of the Interior to designate the September 11th National Memorial Trail, and for other purposes",,,,true,false,
h-117-1-252,117,2021-07-29,PROCEDURAL,hr-2278-117,"To authorize the Secretary of the Interior to designate the September 11th National Memorial Trail, and for other purposes",,,,true,false,
h-117-1-253,117,2021-07-29,SUSPENSION,hr-2497-117,Amache National Historic Site Act,,,,true,false,
h-117-1-254,117,2021-07-29,SUSPENSION,hr-4300-117,Alexander Lofgren Veterans in Parks (VIP) Act,,,,true,false,
h-117-1-255,117,2021-08-23,SUSPENSION,s-325-117,"To amend the Alyce Spotted Bear and Walter Soboleff Commission on Native Children Act to extend the deadline for a report by the Alyce Spotted Bear and Walter Soboleff Commission on Native Children, and for other purposes",,,,true,false,
h-117-1-256,117,2021-08-23,SUSPENSION,s-272-117,Congressional Budget Justification Transparency Act,,,,true,false,
h-117-1-257,117,2021-08-24,PROCEDURAL,hres-601-117,Providing for consideration of (H.R. 4) John R. Lewis Voting Rights Advancement Act; providing for consideration of the Senate amendment to (H.R. 3684) Infrastructure Investment and Jobs Act; and providing for the adoption of the concurrent resolution (S. Con. Res. 14); and for other purposes,,,,true,false,
h-117-1-258,117,2021-08-24,PASSAGE,hres-601-117,Providing for consideration of (H.R. 4) John R. Lewis Voting Rights Advancement Act; providing for consideration of the Senate amendment to (H.R. 3684) Infrastructure Investment and Jobs Act; and providing for the adoption of the concurrent resolution (S. Con. Res. 14); and for other purposes,,,,true,false,
h-117-1-259,117,2021-08-24,MOTION_TO_RECOMMIT,hr-4-117,John R. Lewis Voting Rights Advancement Act,,,,true,false,
h-117-1-260,117,2021-08-24,PASSAGE,hr-4-117,John R. Lewis Voting Rights Advancement Act,,,,true,false,
h-117-1-261,117,2021-09-20,SUSPENSION,hr-5293-117,Department of Veterans Affairs Expiring Authorities Act,,,,true,false,
h-117-1-262,117,2021-09-20,SUSPENSION,s-189-117,Veterans’ Compensation Cost-of-Living Adjustment Act,,,,true,false,
h-117-1-263,117,2021-09-21,PROCEDURAL,hres-667-117,"Providing for consideration of H.R. 3755, the Women’s Health Protection Act of 2021; H.R. 4350, the National Defense Authorization Act for Fiscal Year 2022; and H.R. 5305, the Extending Government Funding and Delivering Emergency Assistance Act, and for other purposes",,,,true,false,
h-117-1-264,117,2021-09-21,PASSAGE,hres-667-117,"Providing for consideration of H.R. 3755, the Women’s Health Protection Act of 2021; H.R. 4350, the National Defense Authorization Act for Fiscal Year 2022; and H.R. 5305, the Extending Government Funding and Delivering Emergency Assistance Act, and for other purposes",,,,true,false,
h-117-1-265,117,2021-09-21,SUSPENSION,s-1828-117,HAVANA Act,,,,true,false,
h-117-1-266,117,2021-09-21,MOTION_TO_RECOMMIT,hr-5305-117,Extending Government Funding and Delivering Emergency Assistance Act,,,,true,false,
h-117-1-267,117,2021-09-21,PASSAGE,hr-5305-117,Extending Government Funding and Delivering Emergency Assistance Act,,,,true,false,
h-117-1-268,117,2021-09-21,PROCEDURAL,,,,,,true,false,
h-117-1-269,117,2021-09-22,AMENDMENT,hr-4350-117,National Defense Authorization Act for Fiscal Year 2022,,,,true,false,
h-117-1-270,117,2021-09-22,AMENDMENT,hr-4350-117,National Defense Authorization Act for Fiscal Year 2022,,,,true,false,
h-117-1-271,117,2021-09-22,AMENDMENT,hr-4350-117,National Defense Authorization Act for Fiscal Year 2022,,,,true,false,
h-117-1-272,117,2021-09-22,AMENDMENT,hr-4350-117,National Defense Authorization Act for Fiscal Year 2022,,,,true,false,
h-117-1-273,117,2021-09-22,AMENDMENT,hr-4350-117,National Defense Authorization Act for Fiscal Year 2022,,,,true,false,
h-117-1-274,117,2021-09-22,AMENDMENT,hr-4350-117,National Defense Authorization Act for Fiscal Year 2022,,,,true,false,
h-117-1-275,117,2021-09-23,SUSPENSION,hr-5323-117,"Making supplemental appropriations for the fiscal year ending September 30, 2022, and for other purposes",,,,true,false,
h-117-1-276,117,2021-09-23,AMENDMENT,hr-4350-117,National Defense Authorization Act for Fiscal Year 2022,,,,true,false,
h-117-1-277,117,2021-09-23,AMENDMENT,hr-4350-117,National Defense Authorization Act for Fiscal Year 2022,,,,true,false,
h-117-1-278,117,2021-09-23,AMENDMENT,hr-4350-117,National Defense Authorization Act for Fiscal Year 2022,,,,true,false,
h-117-1-279,117,2021-09-23,AMENDMENT,hr-4350-117,National Defense Authorization Act for Fiscal Year 2022,,,,true,false,
h-117-1-280,117,2021-09-23,AMENDMENT,hr-4350-117,National Defense Authorization Act for Fiscal Year 2022,,,,true,false,
h-117-1-281,117,2021-09-23,AMENDMENT,hr-4350-117,National Defense Authorization Act for Fiscal Year 2022,,,,true,false,
h-117-1-282,117,2021-09-23,AMENDMENT,hr-4350-117,National Defense Authorization Act for Fiscal Year 2022,,,,true,false,
h-117-1-283,117,2021-09-23,AMENDMENT,hr-4350-117,National Defense Authorization Act for Fiscal Year 2022,,,,true,false,
h-117-1-284,117,2021-09-23,AMENDMENT,hr-4350-117,National Defense Authorization Act for Fiscal Year 2022,,,,true,false,
h-117-1-285,117,2021-09-23,AMENDMENT,hr-4350-117,National Defense Authorization Act for Fiscal Year 2022,,,,true,false,
h-117-1-286,117,2021-09-23,AMENDMENT,hr-4350-117,National Defense Authorization Act for Fiscal Year 2022,,,,true,false,
h-117-1-287,117,2021-09-23,AMENDMENT,hr-4350-117,National Defense Authorization Act for Fiscal Year 2022,,,,true,false,
h-117-1-288,117,2021-09-23,AMENDMENT,hr-4350-117,National Defense Authorization Act for Fiscal Year 2022,,,,true,false,
h-117-1-289,117,2021-09-23,AMENDMENT,hr-4350-117,National Defense Authorization Act for Fiscal Year 2022,,,,true,false,
h-117-1-290,117,2021-09-23,AMENDMENT,hr-4350-117,National Defense Authorization Act for Fiscal Year 2022,,,,true,false,
h-117-1-291,117,2021-09-23,AMENDMENT,hr-4350-117,National Defense Authorization Act for Fiscal Year 2022,,,,true,false,
h-117-1-292,117,2021-09-23,AMENDMENT,hr-4350-117,National Defense Authorization Act for Fiscal Year 2022,,,,true,false,
h-117-1-293,117,2021-09-23,PASSAGE,hr-4350-117,National Defense Authorization Act for Fiscal Year 2022,,,,true,false,
h-117-1-294,117,2021-09-24,MOTION_TO_RECOMMIT,hr-3755-117,Women’s Health Protection Act,,,,true,false,
h-117-1-295,117,2021-09-24,PASSAGE,hr-3755-117,Women’s Health Protection Act,,,,true,false,
h-117-1-296,117,2021-09-27,PROCEDURAL,,,,,,true,false,
h-117-1-297,117,2021-09-28,SUSPENSION,hr-1693-117,Eliminating a Quantifiably Unjust Application of the Law Act,,,,true,false,
h-117-1-298,117,2021-09-28,SUSPENSION,hr-4981-117,"To amend the Fentanyl Sanctions Act, to modify certain deadlines relating to the Commission on Combating Synthetic Opioid Trafficking",,,,true,false,
h-117-1-299,117,2021-09-28,SUSPENSION,hr-4250-117,War Crimes Rewards Expansion Act,,,,true,false,
h-117-1-300,117,2021-09-28,SUSPENSION,hr-1228-117,Libya Stabilization Act,,,,true,false,
h-117-1-301,117,2021-09-28,SUSPENSION,hr-4686-117,Cambodia Democracy Act of 2021,,,,true,false,
h-117-1-302,117,2021-09-28,SUSPENSION,s-848-117,Consider Teachers Act,,,,true,false,
h-117-1-303,117,2021-09-28,SUSPENSION,hr-1154-117,Great Dismal Swamp National Heritage Area Act,,,FEDERAL_CONTRACTING,true,false,
h-117-1-304,117,2021-09-28,SUSPENSION,hr-2617-117,"To amend section 1115 of title 31, United States Code, to amend the description of how performance goals are achieved, and for other purposes",,,,true,false,
h-117-1-305,117,2021-09-29,PROCEDURAL,hres-688-117,Providing for consideration of the bill (S. 1301) to provide for the publication by the Secretary of Health and Human Services of physical activity recommendations for Americans,,,,true,false,
h-117-1-306,117,2021-09-29,PASSAGE,hres-688-117,Providing for consideration of the bill (S. 1301) to provide for the publication by the Secretary of Health and Human Services of physical activity recommendations for Americans,,,,true,false,
h-117-1-307,117,2021-09-29,SUSPENSION,hr-3599-117,Federal Rotational Cyber Workforce Program Act,,,,true,false,
h-117-1-308,117,2021-09-29,SUSPENSION,hr-1204-117,District of Columbia Chief Financial Officer Salary Home Rule Act,,,,true,false,
h-117-1-309,117,2021-09-29,PROCEDURAL,s-1301-117,Promoting Physical Activity for Americans Act,,,,true,false,
h-117-1-310,117,2021-09-29,PASSAGE,s-1301-117,Promoting Physical Activity for Americans Act,,,,true,false,
h-117-1-311,117,2021-09-30,AMENDMENT,hr-5305-117,Extending Government Funding and Delivering Emergency Assistance Act,,,,true,false,
h-117-1-312,117,2021-09-30,SUSPENSION,hr-3533-117,"To establish occupational series for Federal positions in software development, software engineering, data science, and data management, and for other purposes",,,,true,false,
h-117-1-313,117,2021-10-01,SUSPENSION,hr-5434-117,Surface Transportation Extension Act,,,,true,false,
h-117-1-314,117,2021-10-12,PROCEDURAL,,,,,,true,false,
h-117-1-315,117,2021-10-12,PASSAGE,hres-716-117,"Providing for consideration of H.R. 2119, the Family Violence and Services Improvement Act; H.R. 3110, PUMP for Nursing Mothers Act; H.R. 3992, POJA Act of 2021; relating to consideration of the Senate amendment to the House amendment to S. 1301, Promoting Physical Activity for Americans Act, and for other purposes",,,,true,false,
h-117-1-316,117,2021-10-19,SUSPENSION,hr-1029-117,Free Veterans from Fees Act,,,,true,false,
h-117-1-317,117,2021-10-19,SUSPENSION,hr-4089-117,Darren Drake Act,,,,true,false,
h-117-1-318,117,2021-10-19,SUSPENSION,hr-4369-117,National Centers of Excellence in Advanced and Continuous Pharmaceutical Manufacturing Act,,,,true,false,
h-117-1-319,117,2021-10-20,SUSPENSION,hr-4611-117,DHS Software Supply Chain Risk Management Act,,,INPUT_COSTS,true,false,
h-117-1-320,117,2021-10-20,SUSPENSION,hr-2379-117,State Opiod Response Grant Authorization Act,,,,true,false,
h-117-1-321,117,2021-10-20,SUSPENSION,hr-654-117,Drug-Free Communities Pandemic Relief Act,,,,true,false,
h-117-1-322,117,2021-10-20,SUSPENSION,hr-3635-117,Strengthening America’s Strategic National Stockpile Act,,,,true,false,
h-117-1-323,117,2021-10-20,SUSPENSION,hr-3919-117,Secure Equipment Act,,,,true,false,
h-117-1-324,117,2021-10-20,SUSPENSION,hr-4032-117,Open RAN Outreach Act,,,,true,false,
h-117-1-325,117,2021-10-20,SUSPENSION,hr-4067-117,"Communications Security, Reliability, and Interoperability Council Act",,,,true,false,
h-117-1-326,117,2021-10-20,SUSPENSION,hr-4028-117,Information and Communication Technology Strategy Act,,,,true,false,
h-117-1-327,117,2021-10-21,PROCEDURAL,hres-727-117,Relating to the consideration of House Report 117-152 and an accompanying resolution,,,,true,false,
h-117-1-328,117,2021-10-21,PASSAGE,hres-727-117,Relating to the consideration of House Report 117-152 and an accompanying resolution,,,,true,false,
h-117-1-329,117,2021-10-21,PASSAGE,hres-730-117,Recommending that the House of Representatives find Stephen K. Bannon in contempt of Congress for refusal to comply with a subpoena duly issued by the Select Committee to Investigate the January 6th Attack on the United States Capitol,,,,true,false,
h-117-1-330,117,2021-10-22,MOTION_TO_RECOMMIT,hr-3110-117,PUMP for Nursing Mothers Act,,,,true,false,
h-117-1-331,117,2021-10-22,PASSAGE,hr-3110-117,PUMP for Nursing Mothers Act,,,,true,false,
h-117-1-332,117,2021-10-25,SUSPENSION,hr-4111-117,Sovereign Debt Contract Capacity Act,,,,true,false,
h-117-1-333,117,2021-10-25,SUSPENSION,hr-2989-117,Financial Transparency Act,,,,true,false,
h-117-1-334,117,2021-10-26,AMENDMENT,hr-2119-117,Family Violence Prevention and Services Improvement Act,,,,true,false,
h-117-1-335,117,2021-10-26,AMENDMENT,hr-2119-117,Family Violence Prevention and Services Improvement Act,,,,true,false,
h-117-1-336,117,2021-10-26,PASSAGE,hr-2119-117,Family Violence Prevention and Services Improvement Act,,,,true,false,
h-117-1-337,117,2021-10-27,SUSPENSION,s-1502-117,Confidentiality Opportunities for Peer Support Counseling Act,,,,true,false,
h-117-1-338,117,2021-10-27,SUSPENSION,s-1511-117,Protecting America’s First Responders Act,,,,true,false,
h-117-1-339,117,2021-10-28,SUSPENSION,hr-5763-117,Further Surface Transportation Extension Act of 2021,,,,true,false,
h-117-1-340,117,2021-11-01,SUSPENSION,hr-1619-117,Catawba Indian Nation Lands Act,,,,true,false,
h-117-1-341,117,2021-11-01,SUSPENSION,hr-2758-117,Lumbee Recognition Act,,,,true,false,
h-117-1-342,117,2021-11-02,SUSPENSION,hr-1975-117,Pala Band of Mission Indians Land Transfer Act,,,,true,false,
h-117-1-343,117,2021-11-02,SUSPENSION,hr-5221-117,Urban Indian Health Confer Act,,,,true,false,
h-117-1-344,117,2021-11-02,SUSPENSION,hr-3616-117,Bear River National Heritage Area Study Act,,,,true,false,
h-117-1-345,117,2021-11-02,SUSPENSION,s-108-117,"To authorize the Seminole Tribe of Florida to lease or transfer certain land, and for other purposes",,,,true,false,
h-117-1-346,117,2021-11-02,SUSPENSION,hr-4881-117,Old Pascua Community Land Acquisition Act,,,,true,false,
h-117-1-347,117,2021-11-02,SUSPENSION,hr-2088-117,Eastern Band of Cherokee Historic Lands Reacquisition Act,,,,true,false,
h-117-1-348,117,2021-11-02,SUSPENSION,hr-3469-117,Veteran Entrepreneurship Training Act of 2021,,,ACCESS_TO_CAPITAL,true,false,
h-117-1-349,117,2021-11-02,SUSPENSION,hr-4256-117,Investing in Main Street Act of 2021,,,,true,false,
h-117-1-350,117,2021-11-02,SUSPENSION,hr-3462-117,SBA Cyber Awareness Act,,,ACCESS_TO_CAPITAL,true,false,
h-117-1-351,117,2021-11-02,SUSPENSION,hr-4481-117,Small Business 7(a) Loan Agent Transparency Act,,,ACCESS_TO_CAPITAL,true,false,
h-117-1-352,117,2021-11-02,SUSPENSION,hr-4531-117,7(a) Loan Agent Oversight Act,,,ACCESS_TO_CAPITAL,true,false,
h-117-1-353,117,2021-11-02,SUSPENSION,hr-4515-117,Small Business Development Center Cyber Training Act of 2021,,,,true,false,
h-117-1-354,117,2021-11-03,SUSPENSION,s-1064-117,RENACER Act,,,,true,false,
h-117-1-355,117,2021-11-03,SUSPENSION,hres-760-117,"Expressing solidarity with Cuban citizens demonstrating peacefully for fundamental freedoms, condemning the Cuban regime’s acts of repression, and calling for the immediate release of arbitrarily detained Cuban citizens",,,,true,false,
h-117-1-356,117,2021-11-04,AMENDMENT,hr-3992-117,Protect Older Job Applicants Act of 2021,,,,true,false,
h-117-1-357,117,2021-11-04,AMENDMENT,hr-3992-117,Protect Older Job Applicants Act of 2021,,,,true,false,
h-117-1-358,117,2021-11-04,PASSAGE,hr-3992-117,Protect Older Job Applicants Act of 2021,,,,true,false,
h-117-1-359,117,2021-11-04,SUSPENSION,hr-1917-117,Hazard Eligibility and Local Projects Act,,,,true,false,
h-117-1-360,117,2021-11-04,SUSPENSION,hr-1339-117,Advanced Air Mobility Coordination and Leadership Act,,,,true,false,
h-117-1-361,117,2021-11-04,SUSPENSION,hr-3193-117,E-BRIDGE Act,,,,true,false,
h-117-1-362,117,2021-11-04,SUSPENSION,hr-3709-117,Preliminary Damage Assessment Improvement Act,,,,true,false,
h-117-1-363,117,2021-11-04,SUSPENSION,hr-2220-117,"To amend title 40, United States Code, to modify the treatment of certain bargain-price options to purchase at less than fair market value, and for other purposes",,,,true,false,
h-117-1-364,117,2021-11-04,SUSPENSION,hr-390-117,"To redesignate the Federal building located at 167 North Main Street in Memphis, Tennessee as the “Odell Horton Federal Building”",,,,true,false,
h-117-1-365,117,2021-11-04,SUSPENSION,hr-4679-117,"To designate the Federal building located at 1200 New Jersey Avenue Southeast in Washington, DC, as the “Norman Yoshio Mineta Federal Building”",,,,true,false,
h-117-1-366,117,2021-11-04,SUSPENSION,hr-4660-117,"To designate the Federal Building and United States Courthouse located at 1125 Chapline Street in Wheeling, West Virginia, as the “Frederick P. Stamp, Jr. Federal Building and United States Courthouse”",,,,true,false,
h-117-1-367,117,2021-11-05,PROCEDURAL,,,,,,true,false,
h-117-1-368,117,2021-11-05,PROCEDURAL,hres-774-117,Providing for consideration of the bill (H.R. 5376) to provide for reconciliation pursuant to title II of S. Con Res. 14; and for other purposes,,,,true,false,
h-117-1-369,117,2021-11-05,AMENDMENT,hr-3684-117,INVEST in America Act,,,,true,false,
h-117-1-370,117,2021-11-05,PROCEDURAL,hr-3684-117,INVEST in America Act,,,,true,false,
h-117-1-371,117,2021-11-06,PROCEDURAL,hres-774-117,Providing for consideration of the bill (H.R. 5376) to provide for reconciliation pursuant to title II of S. Con Res. 14; and for other purposes,,,,true,false,
h-117-1-372,117,2021-11-06,PASSAGE,hres-774-117,Providing for consideration of the bill (H.R. 5376) to provide for reconciliation pursuant to title II of S. Con Res. 14; and for other purposes,,,,true,false,
h-117-1-373,117,2021-11-15,SUSPENSION,s-1095-117,Colonel John M. McHugh Tuition Fairness for Survivors Act,,,,true,false,
h-117-1-374,117,2021-11-16,SUSPENSION,s-796-117,Protecting Moms Who Served Act,,,,true,false,
h-117-1-375,117,2021-11-16,SUSPENSION,hr-4233-117,Student Veterans Counseling Centers Eligibility Act,,,,true,false,
h-117-1-376,117,2021-11-16,SUSPENSION,hr-147-117,BRAVE Act,,,,true,false,
h-117-1-377,117,2021-11-17,PROCEDURAL,hres-795-117,Providing for consideration of the resolution (H.Res. 789) censuring Representative Paul Gosar,,,,true,false,
h-117-1-378,117,2021-11-17,PASSAGE,hres-795-117,Providing for consideration of the resolution (H.Res. 789) censuring Representative Paul Gosar,,,,true,false,
h-117-1-379,117,2021-11-17,PASSAGE,hres-789-117,Censuring Representative Paul Gosar,,,,true,false,
h-117-1-380,117,2021-11-18,SUSPENSION,hr-3730-117,"To amend title 38, United States Code, to establish in the Department of Veterans Affairs an Advisory Committee on United States Outlying Areas and Freely Associated States, and for other purposes",,,,true,false,
h-117-1-381,117,2021-11-18,SUSPENSION,hr-5574-117,TRANSLATE Act,,,,true,false,
h-117-1-382,117,2021-11-18,PROCEDURAL,hres-803-117,Providing for further consideration of the bill (H.R. 5376) to provide for reconciliation pursuant to title II of S. Con. Res. 14,,,,true,false,
h-117-1-383,117,2021-11-18,PASSAGE,hres-803-117,Providing for further consideration of the bill (H.R. 5376) to provide for reconciliation pursuant to title II of S. Con. Res. 14,,,,true,false,
h-117-1-384,117,2021-11-19,MOTION_TO_RECOMMIT,hr-5376-117,To provide for reconciliation pursuant to title II of S. Con. Res. 14,,,,true,false,
h-117-1-385,117,2021-11-19,PASSAGE,hr-5376-117,To provide for reconciliation pursuant to title II of S. Con. Res. 14,,,,true,false,
h-117-1-386,117,2021-11-19,PROCEDURAL,hr-5376-117,To provide for reconciliation pursuant to title II of S. Con. Res. 14,,,,true,false,
h-117-1-387,117,2021-11-30,SUSPENSION,hr-4026-117,Social Determinants of Health Data Analysis Act,,,,true,false,
h-117-1-388,117,2021-11-30,SUSPENSION,hr-550-117,Immunization Infrastructure Modernization Act,,,,true,false,
h-117-1-389,117,2021-12-01,SUSPENSION,hr-2685-117,Understanding Cybersecurity of Mobile Networks Act,,,,true,false,
h-117-1-390,117,2021-12-01,SUSPENSION,hr-4045-117,FUTURE Networks Act,,,,true,false,
h-117-1-391,117,2021-12-01,SUSPENSION,hr-4055-117,American Cybersecurity Literacy Act,,,,true,false,
h-117-1-392,117,2021-12-01,SUSPENSION,hr-5720-117,Courthouse Ethics and Transparency Act,,,,true,false,
h-117-1-393,117,2021-12-01,SUSPENSION,hr-4352-117,"To amend the Act of June18, 1934, to reaffirm the authority of the Secretary of the Interior to take land into trust for Indian Tribes, and for other purposes",,,,true,false,
h-117-1-394,117,2021-12-02,PROCEDURAL,,,,,,true,false,
h-117-1-395,117,2021-12-02,PROCEDURAL,hres-829-117,"Providing for consideration of H.R. 6119, making further continuing appropriations for the fiscal year ending September 30, 2022; and for other purposes",,,,true,false,
h-117-1-396,117,2021-12-02,PASSAGE,hres-829-117,"Providing for consideration of H.R. 6119, making further continuing appropriations for the fiscal year ending September 30, 2022; and for other purposes",,,,true,false,
h-117-1-397,117,2021-12-02,PROCEDURAL,hres-829-117,"Providing for consideration of H.R. 6119, making further continuing appropriations for the fiscal year ending September 30, 2022; and for other purposes",,,,true,false,
h-117-1-398,117,2021-12-02,MOTION_TO_RECOMMIT,hr-6119-117,Further Extending Government Funding Act,,,,true,false,
h-117-1-399,117,2021-12-02,PASSAGE,hr-6119-117,Further Extending Government Funding Act,,,,true,false,
h-117-1-400,117,2021-12-02,PROCEDURAL,hr-6119-117,Further Extending Government Funding Act,,,,true,false,
h-117-1-401,117,2021-12-02,SUSPENSION,hr-2930-117,Safeguard Tribal Objects of Patrimony Act of 2021,,,,true,false,
h-117-1-402,117,2021-12-07,PROCEDURAL,hres-838-117,Providing for consideration of the bill (H.R. 5314) Protecting Our Democracy Act; providing for consideration of the bill (S. 1605) to designate the National Pulse Memorial; and providing for consideration of the bill (S. 610) to address behavioral health and well-being among health care professionals,,,,true,false,
h-117-1-403,117,2021-12-07,PASSAGE,hres-838-117,Providing for consideration of the bill (H.R. 5314) Protecting Our Democracy Act; providing for consideration of the bill (S. 1605) to designate the National Pulse Memorial; and providing for consideration of the bill (S. 610) to address behavioral health and well-being among health care professionals,,,,true,false,
h-117-1-404,117,2021-12-07,PASSAGE,s-610-117,Dr. Lorna Breen Health Care Provider Protection Act,,,,true,false,
h-117-1-405,117,2021-12-07,PASSAGE,s-1605-117,"To designate the National Pulse Memorial located at 1912 South Orange Avenue in Orlando, Florida, and for other purposes",,,,true,false,
h-117-1-406,117,2021-12-08,SUSPENSION,hr-4996-117,Ocean Shipping Reform Act of 2021,,,INPUT_COSTS,true,false,
h-117-1-407,117,2021-12-08,SUSPENSION,hr-4616-117,Adjustable Interest Rate (LIBOR) Act,,,,true,false,
h-117-1-408,117,2021-12-08,SUSPENSION,hr-5290-117,To extend authorization for livestock mandatory reporting,,,,true,false,
h-117-1-409,117,2021-12-08,SUSPENSION,hr-5609-117,Cattle Contract Library Act,,,,true,false,
h-117-1-410,117,2021-12-08,SUSPENSION,hr-4489-117,National Forest Restoration and Remediation Act,,,,true,false,
h-117-1-411,117,2021-12-08,SUSPENSION,hr-5608-117,Chronic Wasting Disease Research and Management Act,,,,true,false,
h-117-1-412,117,2021-12-08,SUSPENSION,hr-1155-117,Uyghur Forced Labor Prevention Act,,,,true,false,
h-117-1-413,117,2021-12-08,SUSPENSION,hres-837-117,Expressing the sense of the House of Representatives that the International Olympic Committee failed to adhere to its own human rights commitments,,,,true,false,
h-117-1-414,117,2021-12-08,SUSPENSION,hres-317-117,Condemning the ongoing genocide and crimes against humanity being committed against Uyghurs and members of other religious and ethnic minority groups by the People’s Republic of China,,,,true,false,
h-117-1-415,117,2021-12-08,SUSPENSION,hr-3537-117,Accelerating Access to Critical Therapies for ALS Act,,,,true,false,
h-117-1-416,117,2021-12-08,SUSPENSION,hr-5487-117,SHINE for Autumn Act,,,,true,false,
h-117-1-417,117,2021-12-08,SUSPENSION,hr-5561-117,Early Hearing Detection and Intervention Act,,,,true,false,
h-117-1-418,117,2021-12-08,SUSPENSION,hr-5551-117,Improving the Health of Children Act,,,,true,false,
h-117-1-419,117,2021-12-08,SUSPENSION,hr-1667-117,Dr. Lorna Breen Health Care Provider Protection Act,,,,true,false,
h-117-1-420,117,2021-12-08,SUSPENSION,hr-4555-117,Oral Health Literacy and Awareness Act of 2021,,,,true,false,
h-117-1-421,117,2021-12-08,SUSPENSION,hr-5119-117,To amend title VI of the Social Security Act to extend the coverage of Coronavirus Relief Fund payments to Tribal Governments,,,,true,false,
h-117-1-422,117,2021-12-08,SUSPENSION,hr-2355-117,Opiod Prescription Verification Act,,,,true,false,
h-117-1-423,117,2021-12-08,SUSPENSION,hr-2364-117,Synthetic Opiod Danger Awareness Act,,,,true,false,
h-117-1-424,117,2021-12-08,SUSPENSION,hr-3743-117,Supporting the Foundation for the National Institutes of Health and the Reagan-Udall Foundation for the Food and Drug Administration Act,,,,true,false,
h-117-1-425,117,2021-12-08,SUSPENSION,hr-3894-117,CARING for Social Determinants Act,,,,true,false,
h-117-1-426,117,2021-12-08,SUSPENSION,hr-897-117,Agua Calinete Land Exchange Fee to Trust Confirmation Act,,,,true,false,
h-117-1-427,117,2021-12-08,SUSPENSION,hr-2074-117,Indian Buffalo Management Act,,,,true,false,
h-117-1-428,117,2021-12-08,SUSPENSION,hr-3531-117,Women Who Worked on the Home Front World War II Memorial Act,,,,true,false,
h-117-1-429,117,2021-12-08,SUSPENSION,hr-4706-117,Blackwell School National Historic Site Act,,,,true,false,
h-117-1-430,117,2021-12-08,SUSPENSION,hr-5677-117,"To make technical amendments to update statutory references to certain provisions classified to title 2, United States Code, title 50, United States Code, and title 52, United States Code",,,,true,false,
h-117-1-431,117,2021-12-08,SUSPENSION,hr-5679-117,"To make technical amendments to update statutory references to certain provisions classified to title 7, title 20, and title 43, United States Code",,,,true,false,
h-117-1-432,117,2021-12-08,SUSPENSION,hr-5695-117,"To make technical amendments to update statutory references to certain provisions which were formerly classified to chapters 14 and 19 of title 25, United States Code",,,,true,false,
h-117-1-433,117,2021-12-08,SUSPENSION,hr-5705-117,"To make technical amendments to update statutory references to provisions reclassified to title 34, United States Code",,,,true,false,
h-117-1-434,117,2021-12-08,SUSPENSION,hr-5961-117,"To make revisions in title 5, United States Code, as necessary to keep the title current, and to make technical amendments to improve the United States Code",,,,true,false,
h-117-1-435,117,2021-12-08,SUSPENSION,hr-5982-117,"To make revisions in title 51, United States Code, as necessary to keep the title current, and to make technical amendments to improve the United States Code",,,,true,false,
h-117-1-436,117,2021-12-09,AMENDMENT,hr-5314-117,Protecting Our Democracy Act,,,,true,false,
h-117-1-437,117,2021-12-09,AMENDMENT,hr-5314-117,Protecting Our Democracy Act,,,,true,false,
h-117-1-438,117,2021-12-09,AMENDMENT,hr-5314-117,Protecting Our Democracy Act,,,,true,false,
h-117-1-439,117,2021-12-09,MOTION_TO_RECOMMIT,hr-5314-117,Protecting Our Democracy Act,,,,true,false,
h-117-1-440,117,2021-12-09,PASSAGE,hr-5314-117,Protecting Our Democracy Act,,,,true,false,
h-117-1-441,117,2021-12-14,PROCEDURAL,hres-848-117,Relating to the consideration of House Report 117-216 and an accompanying resolution,,,,true,false,
h-117-1-442,117,2021-12-14,PASSAGE,hres-848-117,Relating to the consideration of House Report 117-216 and an accompanying resolution,,,,true,false,
h-117-1-443,117,2021-12-14,PROCEDURAL,hres-849-117,"Providing for consideration of the (H.R. 5665) to establish in the Department of State the Office to Monitor and Combat Islamophobia, and for other purposes",,,,true,false,
h-117-1-444,117,2021-12-14,PASSAGE,hres-849-117,"Providing for consideration of the (H.R. 5665) to establish in the Department of State the Office to Monitor and Combat Islamophobia, and for other purposes",,,,true,false,
h-117-1-445,117,2021-12-14,PROCEDURAL,hres-852-117,Providing for consideration of the joint resolution (S.J.Res.33) joint resolution relating to increasing the debt limit,,,,true,false,
h-117-1-446,117,2021-12-14,PASSAGE,hres-852-117,Providing for consideration of the joint resolution (S.J.Res.33) joint resolution relating to increasing the debt limit,,,,true,false,
h-117-1-447,117,2021-12-14,PASSAGE,hres-851-117,Recommending that the House of Representatives find Mark Randall Meadows in contempt of Congress for refusal to comply with a subpoena duly issued by the Select Committee to Investigate the January 6th Attack on the United States Capitol,,,,true,false,
h-117-1-448,117,2021-12-14,PASSAGE,hr-5665-117,Combating International Islamophobia Act,,,,true,false,
h-117-1-449,117,2021-12-15,PASSAGE,sjres-33-117,Joint resolution relating to increasing the debt limit,,,,true,false,
h-117-2-1,117,2022-01-10,PROCEDURAL,,,,,,true,false,
h-117-2-2,117,2022-01-11,PROCEDURAL,hres-860-117,Providing for consideration of the bill (H.R. 1836) Guard and Reserve GI Bill Parity Act; providing for consideration of the bill (H.R. 4673) Ensuring Veterans’ Smooth Transition Act; and for other purposes,,,,true,false,
h-117-2-3,117,2022-01-11,PASSAGE,hres-860-117,Providing for consideration of the bill (H.R. 1836) Guard and Reserve GI Bill Parity Act; providing for consideration of the bill (H.R. 4673) Ensuring Veterans’ Smooth Transition Act; and for other purposes,,,,true,false,
h-117-2-4,117,2022-01-12,AMENDMENT,hr-1836-117,Guard and Reserve GI Bill Parity Act,,,,true,false,
h-117-2-5,117,2022-01-12,MOTION_TO_RECOMMIT,hr-1836-117,Guard and Reserve GI Bill Parity Act,,,,true,false,
h-117-2-6,117,2022-01-12,PASSAGE,hr-1836-117,Guard and Reserve GI Bill Parity Act,,,,true,false,
h-117-2-7,117,2022-01-12,PROCEDURAL,hres-868-117,"Providing for consideration of the Senate amendment to the bill (H.R. 5746) to amend title 51, United States Code, to extend the authority of the National Aeronautics and Space Administration to enter into leases of non-excess property of the Adminstration",,,,true,false,
h-117-2-8,117,2022-01-12,PASSAGE,hres-868-117,"Providing for consideration of the Senate amendment to the bill (H.R. 5746) to amend title 51, United States Code, to extend the authority of the National Aeronautics and Space Administration to enter into leases of non-excess property of the Adminstration",,,,true,false,
h-117-2-9,117,2022-01-13,AMENDMENT,hr-5746-117,NASA Enhanced Use Leasing Extension Act of 2021,,,,true,false,
h-117-2-10,117,2022-01-18,SUSPENSION,s-2959-117,Supplemental Impact Aid Flexibility Act,,,,true,false,
h-117-2-11,117,2022-01-19,SUSPENSION,s-452-117,Willie O’Ree Congressional Gold Medal Act,,,,true,false,
h-117-2-12,117,2022-01-20,AMENDMENT,hr-4673-117,EVEST Act,,,,true,false,
h-117-2-13,117,2022-01-20,MOTION_TO_RECOMMIT,hr-4673-117,EVEST Act,,,,true,false,
h-117-2-14,117,2022-01-20,PASSAGE,hr-4673-117,EVEST Act,,,,true,false,
h-117-2-15,117,2022-02-01,SUSPENSION,hr-5577-117,"To designate the facility of the United States Postal Service located at 3900 Crown Road Southwest in Atlanta, Georgia, as the “John R. Lewis Post Office Building”",,,,true,false,
h-117-2-16,117,2022-02-02,PROCEDURAL,hres-900-117,Providing for consideration of the bill (H.R. 3485) Global Respect Act; providing for consideration of the bill (H.R. 4445) Ending Forced Arbitration of Sexual Assault and Sexual Harassment Act; and providing for consideration of the bill (H.R. 4521) Bioeconomy Research and Development Act,,,,true,false,
h-117-2-17,117,2022-02-02,PASSAGE,hres-900-117,Providing for consideration of the bill (H.R. 3485) Global Respect Act; providing for consideration of the bill (H.R. 4445) Ending Forced Arbitration of Sexual Assault and Sexual Harassment Act; and providing for consideration of the bill (H.R. 4521) Bioeconomy Research and Development Act,,,,true,false,
h-117-2-18,117,2022-02-03,AMENDMENT,hr-4521-117,Bioeconomy Research and Development Act,,,,true,false,
h-117-2-19,117,2022-02-03,AMENDMENT,hr-4521-117,Bioeconomy Research and Development Act,,,,true,false,
h-117-2-20,117,2022-02-03,AMENDMENT,hr-4521-117,Bioeconomy Research and Development Act,,,,true,false,
h-117-2-21,117,2022-02-03,AMENDMENT,hr-4521-117,Bioeconomy Research and Development Act,,,,true,false,
h-117-2-22,117,2022-02-03,AMENDMENT,hr-4521-117,Bioeconomy Research and Development Act,,,,true,false,
h-117-2-23,117,2022-02-03,AMENDMENT,hr-4521-117,Bioeconomy Research and Development Act,,,,true,false,
h-117-2-24,117,2022-02-03,AMENDMENT,hr-4521-117,Bioeconomy Research and Development Act,,,,true,false,
h-117-2-25,117,2022-02-03,AMENDMENT,hr-4521-117,Bioeconomy Research and Development Act,,,,true,false,
h-117-2-26,117,2022-02-03,AMENDMENT,hr-4521-117,Bioeconomy Research and Development Act,,,,true,false,
h-117-2-27,117,2022-02-03,AMENDMENT,hr-4521-117,Bioeconomy Research and Development Act,,,,true,false,
h-117-2-28,117,2022-02-04,AMENDMENT,hr-4521-117,Bioeconomy Research and Development Act,,,,true,false,
h-117-2-29,117,2022-02-04,AMENDMENT,hr-4521-117,Bioeconomy Research and Development Act,,,,true,false,
h-117-2-30,117,2022-02-04,MOTION_TO_RECOMMIT,hr-4521-117,Bioeconomy Research and Development Act,,,,true,false,
h-117-2-31,117,2022-02-04,PASSAGE,hr-4521-117,Bioeconomy Research and Development Act,,,,true,false,
h-117-2-32,117,2022-02-07,AMENDMENT,hr-4445-117,Ending Forced Arbitration of Sexual Assualt and Sexual Harassment Act,,,,true,false,
h-117-2-33,117,2022-02-07,PASSAGE,hr-4445-117,Ending Forced Arbitration of Sexual Assualt and Sexual Harassment Act,,,,true,false,
h-117-2-34,117,2022-02-07,SUSPENSION,s-583-117,PRICE Act,,,,true,false,
h-117-2-35,117,2022-02-08,PROCEDURAL,hres-912-117,"Providing for consideration the bill (H.R. 3076) Postal Service Reform Act; providing for consideration of the bill (H.R. 6617) Further Additional Continuing Appropriations Act, 2022; and for other purposes",,,,true,false,
h-117-2-36,117,2022-02-08,PASSAGE,hres-912-117,"Providing for consideration the bill (H.R. 3076) Postal Service Reform Act; providing for consideration of the bill (H.R. 6617) Further Additional Continuing Appropriations Act, 2022; and for other purposes",,,,true,false,
h-117-2-37,117,2022-02-08,SUSPENSION,s-566-117,"To designate the facility of the United States Postal Service located at 42 Main Street in Slatersville, Rhode Island, as the “Specialist Matthew R. Turcotte Post Office”",,,,true,false,
h-117-2-38,117,2022-02-08,PASSAGE,hr-3076-117,Postal Service Reform Act,,,,true,false,
h-117-2-39,117,2022-02-08,PASSAGE,hr-6617-117,Further Additional Continuing Appropriations Act,,,,true,false,
h-117-2-40,117,2022-02-08,SUSPENSION,hr-2324-117,"To designate the facility of the United States Postal Service located at 2800 South Adams Street in Tallahassee, Florida, as the “D. Edwina Stephens Post Office”",,,,true,false,
h-117-2-41,117,2022-02-08,SUSPENSION,hr-735-117,"To designate the facility of the United States Postal Service located at 502 East Cotati Avenue in Cotati, California, as the “Arthur Luis Ibleto Post Office Building”",,,,true,false,
h-117-2-42,117,2022-02-09,AMENDMENT,hr-3485-117,Global Respect Act,,,,true,false,
h-117-2-43,117,2022-02-09,PASSAGE,hr-3485-117,Global Respect Act,,,,true,false,
h-117-2-44,117,2022-02-09,SUSPENSION,hr-3539-117,To designate the “Atanasio Taitano Perez Post Office”,,,,true,false,
h-117-2-45,117,2022-02-09,SUSPENSION,hr-2842-117,To designate the “Lynn C. Woolsey Post Office Building”,,,,true,false,
h-117-2-46,117,2022-02-28,SUSPENSION,s-321-117,Six Triple Eight Congressional Gold Medal Act,,,,true,false,
h-117-2-47,117,2022-02-28,SUSPENSION,hr-55-117,Emmett Till Antilynching Act,,,,true,false,
h-117-2-48,117,2022-02-28,SUSPENSION,hr-2116-117,Creating a Respectful and Open World for Natural Hair Act,,,,true,false,
h-117-2-49,117,2022-03-01,PROCEDURAL,hres-950-117,"Providing for consideration of H.R. 3967, the Honoring our Promise to Address Comprehensive Toxics Act of 2021",,,,true,false,
h-117-2-50,117,2022-03-01,PASSAGE,hres-950-117,"Providing for consideration of H.R. 3967, the Honoring our Promise to Address Comprehensive Toxics Act of 2021",,,,true,false,
h-117-2-51,117,2022-03-02,SUSPENSION,hres-956-117,Supporting the people of Ukraine,,,,true,false,
h-117-2-52,117,2022-03-02,AMENDMENT,hr-3967-117,Honoring our PACT Act,,,,true,false,
h-117-2-53,117,2022-03-02,AMENDMENT,hr-3967-117,Honoring our PACT Act,,,,true,false,
h-117-2-54,117,2022-03-02,AMENDMENT,hr-3967-117,Honoring our PACT Act,,,,true,false,
h-117-2-55,117,2022-03-03,AMENDMENT,hr-3967-117,Honoring our PACT Act,,,,true,false,
h-117-2-56,117,2022-03-03,AMENDMENT,hr-3967-117,Honoring our PACT Act,,,,true,false,
h-117-2-57,117,2022-03-03,PASSAGE,hr-3967-117,Honoring our PACT Act,,,,true,false,
h-117-2-58,117,2022-03-07,SUSPENSION,hr-5616-117,DHS Basic Training Accredidation Improvement Act,,,,true,false,
h-117-2-59,117,2022-03-07,SUSPENSION,s-658-117,National Cybersecurity Preparedness Consortium Act,,,,true,false,
h-117-2-60,117,2022-03-08,SUSPENSION,hr-5681-117,Shadow Wolves Enhancement Act,,,,true,false,
h-117-2-61,117,2022-03-08,SUSPENSION,hconres-70-117,Condemning threats of violence against historically Black colleges and universities (“HBCUs”) and reaffirming support for HBCUs and their students,,,,true,false,
h-117-2-62,117,2022-03-09,PROCEDURAL,,,,,,true,false,
h-117-2-63,117,2022-03-09,PROCEDURAL,hres-973-117,"Providing for consideration of H.R. 2471 Haiti Development, Accountability, and Institutional Transparency Initiative Act; H.J. Res. 75 Making Further Continuing Appropriations for the Fiscaly Year ending Sept 30, 2022; H.R. 6968 Suspending Energy Imports From Russia Act; and H.R. 7007",,,,true,false,
h-117-2-64,117,2022-03-09,PASSAGE,hres-973-117,"Providing for consideration of H.R. 2471 Haiti Development, Accountability, and Institutional Transparency Initiative Act; H.J. Res. 75 Making Further Continuing Appropriations for the Fiscaly Year ending Sept 30, 2022; H.R. 6968 Suspending Energy Imports From Russia Act; and H.R. 7007",,,,true,false,
h-117-2-65,117,2022-03-09,PROCEDURAL,hr-2471-117,"Haiti Development, Accountability, and Institutional Transparency Initiative Act",,,,true,false,
h-117-2-66,117,2022-03-09,PROCEDURAL,hr-2471-117,"Haiti Development, Accountability, and Institutional Transparency Initiative Act",,,,true,false,
h-117-2-67,117,2022-03-09,PROCEDURAL,hr-2471-117,"Haiti Development, Accountability, and Institutional Transparency Initiative Act",,,,true,false,
h-117-2-68,117,2022-03-09,PROCEDURAL,hr-2471-117,"Haiti Development, Accountability, and Institutional Transparency Initiative Act",,,,true,false,
h-117-2-69,117,2022-03-09,MOTION_TO_RECOMMIT,hr-6968-117,Suspending Energy Imports from Russia Act,,,,true,false,
h-117-2-70,117,2022-03-09,PASSAGE,hr-6968-117,Suspending Energy Imports from Russia Act,,,,true,false,
h-117-2-71,117,2022-03-15,SUSPENSION,hr-3113-117,Modernizing Access to Our Public Land Act,,,,true,false,
h-117-2-72,117,2022-03-15,SUSPENSION,hr-5001-117,Upper Colorado and San Juan River Basins Recovery Act,,,,true,false,
h-117-2-73,117,2022-03-16,PROCEDURAL,hres-979-117,"Providing for consideration of H.R. 963, FAIR Act of 2022 and H.R. 2116, CROWN Act of 2021",,,,true,false,
h-117-2-74,117,2022-03-16,PASSAGE,hres-979-117,"Providing for consideration of H.R. 963, FAIR Act of 2022 and H.R. 2116, CROWN Act of 2021",,,,true,false,
h-117-2-75,117,2022-03-16,SUSPENSION,hr-3197-117,Save the Liberty Theatre Act,,,,true,false,
h-117-2-76,117,2022-03-16,SUSPENSION,hr-4380-117,"To designate the El Paso Community Healing Garden National Memorial, and for other purposes",,,,true,false,
h-117-2-77,117,2022-03-16,SUSPENSION,hr-6434-117,Japanese American World War II History Network Act,,,,true,false,
h-117-2-78,117,2022-03-17,SUSPENSION,hr-7108-117,Suspending Normal Trade Relations with Russia and Belarus Act,,,INPUT_COSTS,true,false,
h-117-2-79,117,2022-03-17,AMENDMENT,hr-963-117,FAIR Act,,,,true,false,
h-117-2-80,117,2022-03-17,MOTION_TO_RECOMMIT,hr-963-117,FAIR Act,,,,true,false,
h-117-2-81,117,2022-03-17,PASSAGE,hr-963-117,FAIR Act,,,,true,false,
h-117-2-82,117,2022-03-18,PASSAGE,hr-2116-117,Creating a Respectful and Open World for Natural Hair Act,,,,true,false,
h-117-2-83,117,2022-03-28,SUSPENSION,hr-1621-117,Prohibiting Punishment of Acquitted Conduct Act,,,,true,false,
h-117-2-84,117,2022-03-28,SUSPENSION,s-3294-117,To obtain and direct the placement in the Capitol or on the Capitol Grounds of a statue to honor Associate Justice of the Supreme Court of the United States Sandra Day O’Connor and a statue to honor Associate Justice of the Supreme Court of the United States Ruth Bader Ginsburg,,,,true,false,
h-117-2-85,117,2022-03-29,SUSPENSION,hr-6865-117,Don Young Coast Guard Authorization Act of 2022,,,,true,false,
h-117-2-86,117,2022-03-29,SUSPENSION,hr-2954-117,Securing a Strong Retirement Act of 2022,,,,true,false,
h-117-2-87,117,2022-03-29,SUSPENSION,s-2629-117,Better Cybercrime Metrics Act,,,,true,false,
h-117-2-88,117,2022-03-29,SUSPENSION,hr-3359-117,Homicide Victims’ Families’ Rights Act,,,,true,false,
h-117-2-89,117,2022-03-29,SUSPENSION,hr-4738-117,COVID-19 American History Project Act,,,,true,false,
h-117-2-90,117,2022-03-30,SUSPENSION,hr-5706-117,Stop Sexual Assault and Harassment in Transportation Act,,,,true,false,
h-117-2-91,117,2022-03-30,SUSPENSION,s-400-117,"William T. Coleman, Jr. and Norman Y. Mineta Department of Transportation Headquarters Act",,,,true,false,
h-117-2-92,117,2022-03-30,SUSPENSION,hr-5673-117,Safeguarding Tomorrow through Ongoing Risk Mitigation Technical Corrections Act,,,,true,false,
h-117-2-93,117,2022-03-30,SUSPENSION,hr-5343-117,FEMA Caseworker Accountability Act,,,,true,false,
h-117-2-94,117,2022-03-30,SUSPENSION,hr-5547-117,Care is an Economic Development Strategy Act,,,,true,false,
h-117-2-95,117,2022-03-30,SUSPENSION,s-2938-117,"To designate the United States Courthouse and Federal Building located at 111 North Adams Street in Tallahassee, Florida, as the “Joseph Woodrow Hatchett United States Courthouse and Federal Building”",,,,true,false,
h-117-2-96,117,2022-03-30,SUSPENSION,s-1226-117,"To designate the United States courthouse located 1501 North 6th Street in Harrisburg, Pennsylvania, as the “Sylvia H. Rambo United States Courthouse”",,,,true,false,
h-117-2-97,117,2022-03-30,SUSPENSION,s-2126-117,"To designate the Federal Office Building located at 308 W. 21st Street in Cheyenne, Wyoming , as the “Louisa Swain Federal Office Building”",,,,true,false,
h-117-2-100,117,2022-03-31,PROCEDURAL,hr-4521-117,Bioeconomy Research and Development Act,,,,true,false,
h-117-2-101,117,2022-03-31,MOTION_TO_RECOMMIT,hr-6833-117,Affordable Insulin Now Act,,,HEALTH_COSTS,true,false,
h-117-2-102,117,2022-03-31,PASSAGE,hr-6833-117,Affordable Insulin Now Act,,,HEALTH_COSTS,true,true,
h-117-2-98,117,2022-03-31,PROCEDURAL,hres-1017-117,"Providing for consideration of H.R. 3617, MORE Act; H.R. 6833, Affordable Insulin Now Act; and for other purposes",,,HEALTH_COSTS,true,false,
h-117-2-99,117,2022-03-31,PASSAGE,hres-1017-117,"Providing for consideration of H.R. 3617, MORE Act; H.R. 6833, Affordable Insulin Now Act; and for other purposes",,,HEALTH_COSTS,true,false,
h-117-2-103,117,2022-04-01,AMENDMENT,hr-3617-117,MORE Act,,,,true,false,
h-117-2-104,117,2022-04-01,AMENDMENT,hr-3617-117,MORE Act,,,,true,false,
h-117-2-105,117,2022-04-01,AMENDMENT,hr-3617-117,MORE Act,,,,true,false,
h-117-2-106,117,2022-04-01,MOTION_TO_RECOMMIT,hr-3617-117,MORE Act,,,,true,false,
h-117-2-107,117,2022-04-01,PASSAGE,hr-3617-117,MORE Act,,,,true,false,
h-117-2-108,117,2022-04-04,SUSPENSION,hr-5657-117,Medical Marijuana Research Act,,,,true,false,
h-117-2-109,117,2022-04-04,SUSPENSION,hr-1916-117,Ensuring Lasting Smiles Act,,,,true,false,
h-117-2-110,117,2022-04-05,SUSPENSION,hr-1218-117,Data Mapping to Save Moms’ Lives Act,,,,true,false,
h-117-2-111,117,2022-04-05,SUSPENSION,hr-2501-117,Spectrum Coordination Act,,,,true,false,
h-117-2-112,117,2022-04-05,SUSPENSION,hr-4476-117,DHS Trade and Economic Security Council Act,,,,true,false,
h-117-2-113,117,2022-04-05,SUSPENSION,hr-5689-117,Resilient AMERICA Act,,,,true,false,
h-117-2-114,117,2022-04-05,SUSPENSION,hr-5641-117,SPEED Recovery Act,,,,true,false,
h-117-2-115,117,2022-04-05,SUSPENSION,hres-831-117,Calling on the United States Government to uphold the founding democratic principles of the North Atlantic Treaty Organization and establish a Center for Democratic Resilience within the headquarters of the North Atlantic Treaty Organization,,,,true,false,
h-117-2-116,117,2022-04-06,PROCEDURAL,hres-1023-117,Relating to the consideration of House Report 117-284 and an accompanying resolution,,,,true,false,
h-117-2-117,117,2022-04-06,PASSAGE,hres-1023-117,Relating to the consideration of House Report 117-284 and an accompanying resolution,,,,true,false,
h-117-2-118,117,2022-04-06,PASSAGE,hres-1037-117,"Recommending that the House of Representatives find Peter K. Navarro and Daniel Scavino, Jr., in Contempt of Congress for Refusal to Comply with Subpoenas Duly Issued by the Select Committee to Investigate the January 6th Attack on the United States Capitol",,,,true,false,
h-117-2-119,117,2022-04-06,PROCEDURAL,hres-1033-117,"Providing for consideration of H.R. 3807, Restaurant Revitalization Fund Replenishment Act",,,,true,false,
h-117-2-120,117,2022-04-06,PASSAGE,hres-1033-117,"Providing for consideration of H.R. 3807, Restaurant Revitalization Fund Replenishment Act",,,,true,false,
h-117-2-121,117,2022-04-06,SUSPENSION,hr-7276-117,Ukraine Invasion War Crimes Deterrence and Accountability Act,,,,true,false,
h-117-2-122,117,2022-04-07,MOTION_TO_RECOMMIT,hr-3807-117,Restaurant Revitalization Fund Replenishment Act,,,,true,false,
h-117-2-123,117,2022-04-07,PASSAGE,hr-3807-117,Restaurant Revitalization Fund Replenishment Act,,,,true,false,
h-117-2-124,117,2022-04-07,SUSPENSION,hr-7108-117,Suspending Normal Trade Relations with Russia and Belarus Act,,,INPUT_COSTS,true,false,
h-117-2-125,117,2022-04-07,SUSPENSION,hr-6968-117,Suspending Energy Imports from Russia Act,,,,true,false,
h-117-2-126,117,2022-04-26,SUSPENSION,s-497-117,American Fisheries Advisory Committee Act,,,,true,false,
h-117-2-127,117,2022-04-27,SUSPENSION,hr-7314-117,Assessing Xi’s Interference and Subversion Act,,,,true,false,
h-117-2-128,117,2022-04-27,SUSPENSION,hr-7372-117,Protecting Semiconductor Supply Chain Materials from Authoritarians Act,,,INPUT_COSTS,true,false,
h-117-2-129,117,2022-04-27,SUSPENSION,hr-496-117,Ukraine Religious Freedom Support Act,,,,true,false,
h-117-2-130,117,2022-04-27,SUSPENSION,hr-6930-117,Asset Seizure for Ukraine Reconstruction Act,,,,true,false,
h-117-2-131,117,2022-04-27,SUSPENSION,hr-923-117,Georgia Support Act,,,,true,false,
h-117-2-132,117,2022-04-27,SUSPENSION,hres-833-117,"Expressing support for Moldova’s democracy, independence, and territorial integrity and strengthening United States and Moldova relations",,,,true,false,
h-117-2-133,117,2022-04-27,SUSPENSION,hr-3344-117,Transatlantic Telecommunications Security Act,,,,true,false,
h-117-2-134,117,2022-04-27,SUSPENSION,hr-7311-117,Countering Malign Russian Activities in Africa Act,,,,true,false,
h-117-2-135,117,2022-04-27,SUSPENSION,hr-4133-117,Caribbean Basin Security Initiative Authorization Act,,,,true,false,
h-117-2-136,117,2022-04-27,SUSPENSION,hr-6089-117,Stop Iranian Drones Act,,,,true,false,
h-117-2-137,117,2022-04-27,SUSPENSION,hr-4693-117,Global Malnutrition Prevention and Treatment Act,,,,true,false,
h-117-2-138,117,2022-04-27,SUSPENSION,s-812-117,"To direct the Secretary of State to develop a strategy to regain observer status for Taiwan in the World Health Organization, and for other purposes",,,,true,false,
h-117-2-139,117,2022-04-28,PROCEDURAL,hres-1065-117,"Providing for consideration of the bill (S. 3522) Ukraine Democracy Defense Lend-Lease Act, and for other purposes",,,,true,false,
h-117-2-140,117,2022-04-28,PASSAGE,hres-1065-117,"Providing for consideration of the bill (S. 3522) Ukraine Democracy Defense Lend-Lease Act, and for other purposes",,,,true,false,
h-117-2-141,117,2022-04-28,PASSAGE,s-3522-117,Ukraine Democracy Defense Lend-Lease Act,,,,true,false,
h-117-2-142,117,2022-05-10,PROCEDURAL,,,,,,true,false,
h-117-2-143,117,2022-05-10,PROCEDURAL,hres-1097-117,"Providing for consideration of H.R. 903, Rights for the TSA Workforce Act; H.R. 2499, Federal Firefighters Fairness Act; H.R. 5129, Community Services Block Grant Modernization Act; and H.R. 7691, Additional Ukraine Supplemental Appropriations Act; and for other purposes",,,,true,false,
h-117-2-144,117,2022-05-10,PASSAGE,hres-1097-117,"Providing for consideration of H.R. 903, Rights for the TSA Workforce Act; H.R. 2499, Federal Firefighters Fairness Act; H.R. 5129, Community Services Block Grant Modernization Act; and H.R. 7691, Additional Ukraine Supplemental Appropriations Act; and for other purposes",,,,true,false,
h-117-2-145,117,2022-05-10,PASSAGE,hr-7691-117,"Additional Ukraine Supplemental Appropriations Act, 2022",,,,true,false,
h-117-2-146,117,2022-05-11,AMENDMENT,hr-2499-117,Federal Firefighters Fairness Act,,,,true,false,
h-117-2-147,117,2022-05-11,AMENDMENT,hr-2499-117,Federal Firefighters Fairness Act,,,,true,false,
h-117-2-148,117,2022-05-11,AMENDMENT,hr-2499-117,Federal Firefighters Fairness Act,,,,true,false,
h-117-2-149,117,2022-05-11,PASSAGE,hr-2499-117,Federal Firefighters Fairness Act,,,,true,false,
h-117-2-150,117,2022-05-11,SUSPENSION,hr-847-117,Promoting Digital Privacy Technologies Act,,,,true,false,
h-117-2-151,117,2022-05-11,SUSPENSION,hr-5324-117,NOAA Weather Radio Modernization Act,,,,true,false,
h-117-2-152,117,2022-05-11,SUSPENSION,s-66-117,South Florida Clean Coastal Waters Act,,,,true,false,
h-117-2-153,117,2022-05-11,SUSPENSION,hr-7077-117,Empowering the U.S. Fire Administration Act,,,,true,false,
h-117-2-154,117,2022-05-11,SUSPENSION,hr-1437-117,PRECIP Act,,,,true,false,
h-117-2-155,117,2022-05-11,SUSPENSION,s-1872-117,United States Army Rangers Veterans of World War II Congressional Gold Medal Act,,,,true,false,
h-117-2-156,117,2022-05-11,SUSPENSION,hr-5911-117,Fair Hiring in Banking Act,,,,true,false,
h-117-2-157,117,2022-05-11,SUSPENSION,hr-5914-117,Empowering States to Protect Seniors from Bad Actors Act,,,,true,false,
h-117-2-158,117,2022-05-11,SUSPENSION,hr-935-117,"Small Business Mergers, Acquisitions, Sales, and Brokerage Simplification Act",,,,true,false,
h-117-2-159,117,2022-05-11,SUSPENSION,hr-7066-117,Russia and Belarus Financial Sanctions Act,,,,true,false,
h-117-2-160,117,2022-05-11,SUSPENSION,hr-7081-117,Ukraine Comprehensive Debt Payment Relief Act,,,,true,false,
h-117-2-161,117,2022-05-11,SUSPENSION,hr-6891-117,Isolate Russian Government Officials Act,,,,true,false,
h-117-2-162,117,2022-05-11,SUSPENSION,hr-6899-117,Russia and Belarus SDR Exchange Prohibition Act,,,,true,false,
h-117-2-163,117,2022-05-11,SUSPENSION,hr-6531-117,Targeting Resources to Communities in Need Act,,,,true,false,
h-117-2-164,117,2022-05-11,SUSPENSION,hr-224-117,Vanessa Guillen Post Office Building,,,,true,false,
h-117-2-165,117,2022-05-11,SUSPENSION,hr-700-117,Lawrence M. ’Larry’ Walsh Sr. Post Office,,,,true,false,
h-117-2-166,117,2022-05-11,SUSPENSION,hr-5900-117,Marine Corps Reserve PVT Jacob Cruz Post Office,,,,true,false,
h-117-2-167,117,2022-05-11,SUSPENSION,hr-6386-117,Veterans of Iraq and Afghanistan Memorial Post Office Building,,,,true,false,
h-117-2-168,117,2022-05-12,AMENDMENT,hr-903-117,Rights for the Transportation Security Administration Workforce Act,,,,true,false,
h-117-2-169,117,2022-05-12,AMENDMENT,hr-903-117,Rights for the Transportation Security Administration Workforce Act,,,,true,false,
h-117-2-170,117,2022-05-12,AMENDMENT,hr-903-117,Rights for the Transportation Security Administration Workforce Act,,,,true,false,
h-117-2-171,117,2022-05-12,MOTION_TO_RECOMMIT,hr-903-117,Rights for the Transportation Security Administration Workforce Act,,,,true,false,
h-117-2-172,117,2022-05-12,PASSAGE,hr-903-117,Rights for the Transportation Security Administration Workforce Act,,,,true,false,
h-117-2-173,117,2022-05-12,SUSPENSION,hr-91-117,Private First Class Barrett Lyle Austin Post Office Building,,,,true,false,
h-117-2-174,117,2022-05-12,SUSPENSION,hr-92-117,Specialist Four Charles Johnson Post Office,,,,true,false,
h-117-2-175,117,2022-05-12,SUSPENSION,hr-207-117,Command Sergeant Major Lawrence E. ’Rabbit’ Kennedy Post Office Building,,,,true,false,
h-117-2-176,117,2022-05-12,SUSPENSION,hr-209-117,Lance Corporal Marc Lucas Tucker Post Office Building,,,,true,false,
h-117-2-177,117,2022-05-12,SUSPENSION,hr-3508-117,CW4 Christian J. Koch Memorial Post Office,,,,true,false,
h-117-2-178,117,2022-05-13,AMENDMENT,hr-5129-117,Community Services Block Grant Modernization Act of 2022,,,,true,false,
h-117-2-179,117,2022-05-13,AMENDMENT,hr-5129-117,Community Services Block Grant Modernization Act of 2022,,,,true,false,
h-117-2-180,117,2022-05-13,AMENDMENT,hr-5129-117,Community Services Block Grant Modernization Act of 2022,,,,true,false,
h-117-2-181,117,2022-05-13,MOTION_TO_RECOMMIT,hr-5129-117,Community Services Block Grant Modernization Act of 2022,,,,true,false,
h-117-2-182,117,2022-05-13,PASSAGE,hr-5129-117,Community Services Block Grant Modernization Act of 2022,,,,true,false,
h-117-2-183,117,2022-05-16,SUSPENSION,hr-6824-117,President’s Cup Cybersecurity Competition Act,,,,true,false,
h-117-2-184,117,2022-05-16,SUSPENSION,hr-6825-117,Nonprofit Security Grant Program Improvement Act of 2022,,,,true,false,
h-117-2-185,117,2022-05-16,SUSPENSION,hr-5658-117,DHS Roles and Responsibilities in Cyber Space Act,,,,true,false,
h-117-2-186,117,2022-05-17,PROCEDURAL,hres-1119-117,"Providing for consideration of H.R. 6531, H.R. 7309, and S. 2938, and for other purposes",,,,true,false,
h-117-2-187,117,2022-05-17,PASSAGE,hres-1119-117,"Providing for consideration of H.R. 6531, H.R. 7309, and S. 2938, and for other purposes",,,,true,false,
h-117-2-188,117,2022-05-17,AMENDMENT,hr-7309-117,Workforce Innovation and Opportunity Act of 2022,,,,true,false,
h-117-2-189,117,2022-05-17,AMENDMENT,hr-7309-117,Workforce Innovation and Opportunity Act of 2022,,,,true,false,
h-117-2-190,117,2022-05-17,AMENDMENT,hr-7309-117,Workforce Innovation and Opportunity Act of 2022,,,,true,false,
h-117-2-191,117,2022-05-17,AMENDMENT,hr-7309-117,Workforce Innovation and Opportunity Act of 2022,,,,true,false,
h-117-2-192,117,2022-05-17,MOTION_TO_RECOMMIT,hr-7309-117,Workforce Innovation and Opportunity Act of 2022,,,,true,false,
h-117-2-193,117,2022-05-17,PASSAGE,hr-7309-117,Workforce Innovation and Opportunity Act of 2022,,,,true,false,
h-117-2-194,117,2022-05-17,SUSPENSION,s-2520-117,State and Local Government Cybersecurity Act of 2021,,,,true,false,
h-117-2-195,117,2022-05-17,SUSPENSION,hr-6873-117,Bombing Prevention Act of 2022,,,,true,false,
h-117-2-196,117,2022-05-17,SUSPENSION,hr-6871-117,DHS Acquisition Reform Act,,,,true,false,
h-117-2-197,117,2022-05-17,SUSPENSION,hr-6868-117,Cybersecurity Grants for Schools Act of 2022,,,,true,false,
h-117-2-198,117,2022-05-17,SUSPENSION,s-3527-117,"To amend title 38, United States Code, to authorize the Secretary of Veterans Affairs to transfer the name of property of the Department of Veterans Affairs designated by law to other property of the Department",,,,true,false,
h-117-2-199,117,2022-05-17,SUSPENSION,s-1760-117,"To designate the community-based outpatient clinic of the Department of Veterans Affairs planned to be built in Oahu, Hawaii, as the “Daniel Kahikina Akaka Department of Veterans Affairs Community-Based Outpatient Clinic”",,,,true,false,
h-117-2-200,117,2022-05-17,SUSPENSION,s-2514-117,"To rename the Provo Veterans Center in Orem, Utah, as the “Col. Gail S. Halvorsen ’Candy Bomber’ Veterans Center”",,,,true,false,
h-117-2-201,117,2022-05-17,SUSPENSION,hr-7500-117,Fiscal Year 2022 Veterans Affairs Major Medical Facility Authorization Act,,,,true,false,
h-117-2-202,117,2022-05-17,SUSPENSION,hr-5754-117,Patient Advocate Tracker Act,,,,true,false,
h-117-2-203,117,2022-05-17,SUSPENSION,hr-6604-117,Veterans Eligible to Transfer School (VETS) Credit Act,,,,true,false,
h-117-2-204,117,2022-05-17,SUSPENSION,s-2687-117,Strengthening Oversight for Veterans Act of 2021,,,,true,false,
h-117-2-205,117,2022-05-17,SUSPENSION,hr-7375-117,"To direct the Secretary of Veterans Affairs to update the payment system of the Department of Veterans Affairs to allow for electronic fund transfer of educational assistance, administered by the Secretary, to a foreign institution of higher education",,,,true,false,
h-117-2-206,117,2022-05-17,SUSPENSION,hr-6376-117,Student Veteran Work Study Modernization Act,,,,true,false,
h-117-2-207,117,2022-05-17,SUSPENSION,hr-7153-117,Department of Veterans Affairs Principles of Benefits Automation Act,,,,true,false,
h-117-2-208,117,2022-05-18,PROCEDURAL,hres-1124-117,"Providing for consideration of H.R. 350, Domestic Terrorism Prevention Act; H.R. 7688, Consumer Fuel Price Gouging Prevention Act; H.R. 7790, Infant Formula Supplemental Appropriations Act, 2022; and for other purposes",,,INPUT_COSTS,true,false,
h-117-2-209,117,2022-05-18,PASSAGE,hres-1124-117,"Providing for consideration of H.R. 350, Domestic Terrorism Prevention Act; H.R. 7688, Consumer Fuel Price Gouging Prevention Act; H.R. 7790, Infant Formula Supplemental Appropriations Act, 2022; and for other purposes",,,INPUT_COSTS,true,false,
h-117-2-210,117,2022-05-18,MOTION_TO_RECOMMIT,hr-6531-117,Targeting Resources to Communities in Need Act,,,,true,false,
h-117-2-211,117,2022-05-18,PASSAGE,hr-6531-117,Targeting Resources to Communities in Need Act,,,,true,false,
h-117-2-212,117,2022-05-18,PASSAGE,s-2938-117,"To designate the United States Courthouse and Federal Building located at 111 North Adams Street in Tallahassee, Florida, as the “Joseph Woodrow Hatchett United States Courthouse and Federal Building”",,,,true,false,
h-117-2-213,117,2022-05-18,SUSPENSION,hres-1125-117,Condemning rising antisemitism,,,,true,false,
h-117-2-214,117,2022-05-18,SUSPENSION,hr-5738-117,Lactation Spaces for Veteran Moms Act,,,,true,false,
h-117-2-215,117,2022-05-18,SUSPENSION,hr-7335-117,MST Claims Coordination Act,,,,true,false,
h-117-2-216,117,2022-05-18,SUSPENSION,hr-6961-117,"To amend title 38, United States Code, to improve hearings before the Board of Veterans’ Appeals regarding claims involving military sexual trauma",,,,true,false,
h-117-2-217,117,2022-05-18,SUSPENSION,hr-6064-117,"Direct the Sec. of VA to seek to enter into an agreement with the National Academies for a review of examinations, furnished by the Sec., to individuals who submit claims to the Sec. for compensation under chapter 11 of title 38, U.S.C., for mental & physical conditions to military sexual trauma",,,,true,false,
h-117-2-218,117,2022-05-18,SUSPENSION,hr-7791-117,Access to Baby Formula Act,,,,true,false,
h-117-2-219,117,2022-05-18,MOTION_TO_RECOMMIT,hr-7790-117,"Infant Formula Supplemental Appropriations Act, 2022",,,,true,false,
h-117-2-220,117,2022-05-18,PASSAGE,hr-7790-117,"Infant Formula Supplemental Appropriations Act, 2022",,,,true,false,
h-117-2-221,117,2022-05-18,PASSAGE,hr-350-117,Domestic Terrorism Prevention Act,,,,true,false,
h-117-2-222,117,2022-05-18,SUSPENSION,hr-2992-117,TBI and PTSD Law Enforcement Training Act,,,,true,false,
h-117-2-223,117,2022-05-18,SUSPENSION,hr-6943-117,Public Safety Officer Support Act,,,,true,false,
h-117-2-224,117,2022-05-18,SUSPENSION,hr-2724-117,"To amend title 38, United States Code, to direct the Secretary of Veterans Affairs to provide for peer support specialists for claimants who are survivors of military sexual trauma, and for other purposes",,,,true,false,
h-117-2-225,117,2022-05-18,SUSPENSION,s-4089-117,Veterans Rapid Retraining Assistance Program Restoration and Recovery Act,,,,true,false,
h-117-2-226,117,2022-05-18,SUSPENSION,hr-6052-117,Department of Veterans Affairs Office of Inspector General Training Act,,,,true,false,
h-117-2-227,117,2022-05-18,SUSPENSION,s-2533-117,Making Advances in Mammography and Medical Options for Veterans Act,,,,true,false,
h-117-2-228,117,2022-05-18,SUSPENSION,s-2102-117,Dr. Kate Hendricks Thomas Supporting Expanded Review for Veterans In Combat Environments Act,,,,true,false,
h-117-2-229,117,2022-05-19,AMENDMENT,hr-7688-117,Consumer Fuel Price Gouging Prevention Act,,,INPUT_COSTS,true,true,
h-117-2-230,117,2022-05-19,AMENDMENT,hr-7688-117,Consumer Fuel Price Gouging Prevention Act,,,INPUT_COSTS,true,true,
h-117-2-231,117,2022-05-19,MOTION_TO_RECOMMIT,hr-7688-117,Consumer Fuel Price Gouging Prevention Act,,,INPUT_COSTS,true,false,
h-117-2-232,117,2022-05-19,PASSAGE,hr-7688-117,Consumer Fuel Price Gouging Prevention Act,,,INPUT_COSTS,true,false,
h-117-2-233,117,2022-06-07,SUSPENSION,hr-6087-117,Improving Access to Workers’ Compensation for Injured Federal Workers Act,,,,true,false,
h-117-2-234,117,2022-06-07,SUSPENSION,s-3823-117,Bankruptcy Threshold Adjustment and Technical Corrections Act,,,,true,false,
h-117-2-235,117,2022-06-08,PROCEDURAL,hres-1153-117,Providing for consideration of the bill (H.R. 2377) Federal Extreme Risk Protection Order Act; providing for consideration of the bill (H.R. 7910) Protecting Our Kids Act; and for other purposes,,,,true,false,
h-117-2-236,117,2022-06-08,PASSAGE,hres-1153-117,Providing for consideration of the bill (H.R. 2377) Federal Extreme Risk Protection Order Act; providing for consideration of the bill (H.R. 7910) Protecting Our Kids Act; and for other purposes,,,,true,false,
h-117-2-237,117,2022-06-08,PROCEDURAL,hr-7910-117,Protecting Our Kids Act,,,,true,false,
h-117-2-238,117,2022-06-08,PROCEDURAL,hr-7910-117,Protecting Our Kids Act,,,,true,false,
h-117-2-239,117,2022-06-08,PROCEDURAL,hr-7910-117,Protecting Our Kids Act,,,,true,false,
h-117-2-240,117,2022-06-08,PROCEDURAL,hr-7910-117,Protecting Our Kids Act,,,,true,false,
h-117-2-241,117,2022-06-08,PROCEDURAL,hr-7910-117,Protecting Our Kids Act,,,,true,false,
h-117-2-242,117,2022-06-08,PROCEDURAL,hr-7910-117,Protecting Our Kids Act,,,,true,false,
h-117-2-243,117,2022-06-08,PROCEDURAL,hr-7910-117,Protecting Our Kids Act,,,,true,false,
h-117-2-244,117,2022-06-08,MOTION_TO_RECOMMIT,hr-7910-117,Protecting Our Kids Act,,,,true,false,
h-117-2-245,117,2022-06-08,PASSAGE,hr-7910-117,Protecting Our Kids Act,,,,true,false,
h-117-2-246,117,2022-06-08,SUSPENSION,hr-7352-117,PPP and Bank Fraud Enforcement Harmonization Act,,,ACCESS_TO_CAPITAL,true,false,
h-117-2-247,117,2022-06-08,SUSPENSION,hr-7334-117,COVID-19 EIDL Fraud Statute of Limitations Act,,,,true,false,
h-117-2-248,117,2022-06-08,SUSPENSION,hr-5879-117,Hubzone Price Evaluation Preference Clarification Act,,,FEDERAL_CONTRACTING,true,false,
h-117-2-249,117,2022-06-08,SUSPENSION,hr-7622-117,Small Business Workforce Pipeline Act,,,,true,false,
h-117-2-250,117,2022-06-08,SUSPENSION,hr-7664-117,Supporting Small Business and Career and Technical Education Act,,,WORKFORCE,true,false,
h-117-2-251,117,2022-06-08,SUSPENSION,hr-7670-117,WOSB Program Transparency Act,,,FEDERAL_CONTRACTING,true,false,
h-117-2-252,117,2022-06-08,SUSPENSION,hr-7694-117,Strengthening Subcontracting for Small Business Act,,,FEDERAL_CONTRACTING,true,false,
h-117-2-253,117,2022-06-08,SUSPENSION,hr-7776-117,Water Resources Development Act,,,,true,false,
h-117-2-254,117,2022-06-08,SUSPENSION,hr-7667-117,Food and Drug Amendments of 2022,,,,true,false,
h-117-2-255,117,2022-06-09,PASSAGE,hr-2377-117,Federal Extreme Risk Protection Order Act,,,,true,false,
h-117-2-256,117,2022-06-13,SUSPENSION,s-3580-117,Ocean Shipping Reform Act,,,INPUT_COSTS,true,false,
h-117-2-257,117,2022-06-13,SUSPENSION,hr-6270-117,Advanced Aviation Infrastructure Modernization Act,,,,true,false,
h-117-2-258,117,2022-06-13,SUSPENSION,hr-2020-117,Post-Disaster Assistance Online Accountability Act,,,,true,false,
h-117-2-259,117,2022-06-14,PROCEDURAL,hres-1170-117,Providing for consideration of the bill (H.R. 2543) Federal Reserve Racial and Economic Equity Act; providing for consideration of the bill (H.R. 2773) Recovering America’s Wildlife Act; providing for consideration of the bill (H.R. 7606) Meat and Poultry Special Investigator Act; and for other purposes,,,,true,false,
h-117-2-260,117,2022-06-14,PASSAGE,hres-1170-117,Providing for consideration of the bill (H.R. 2543) Federal Reserve Racial and Economic Equity Act; providing for consideration of the bill (H.R. 2773) Recovering America’s Wildlife Act; providing for consideration of the bill (H.R. 7606) Meat and Poultry Special Investigator Act; and for other purposes,,,,true,false,
h-117-2-261,117,2022-06-14,SUSPENSION,s-4160-117,Supreme Court Police Parity Act,,,,true,false,
h-117-2-262,117,2022-06-14,AMENDMENT,hr-2773-117,Recovering America’s Wildlife Act,,,,true,false,
h-117-2-263,117,2022-06-14,AMENDMENT,hr-2773-117,Recovering America’s Wildlife Act,,,,true,false,
h-117-2-264,117,2022-06-14,AMENDMENT,hr-2773-117,Recovering America’s Wildlife Act,,,,true,false,
h-117-2-265,117,2022-06-14,AMENDMENT,hr-2773-117,Recovering America’s Wildlife Act,,,,true,false,
h-117-2-266,117,2022-06-14,MOTION_TO_RECOMMIT,hr-2773-117,Recovering America’s Wildlife Act,,,,true,false,
h-117-2-267,117,2022-06-14,PASSAGE,hr-2773-117,Recovering America’s Wildlife Act,,,,true,false,
h-117-2-268,117,2022-06-14,SUSPENSION,s-516-117,Advanced Air Mobility Coordination and Leadership Act,,,,true,false,
h-117-2-269,117,2022-06-14,SUSPENSION,hr-7211-117,Small State and Rural Rescue Act,,,,true,false,
h-117-2-270,117,2022-06-15,AMENDMENT,hr-2543-117,Federal Reserve Racial and Economic Equity Act,,,,true,false,
h-117-2-271,117,2022-06-15,AMENDMENT,hr-2543-117,Federal Reserve Racial and Economic Equity Act,,,,true,false,
h-117-2-272,117,2022-06-15,AMENDMENT,hr-2543-117,Federal Reserve Racial and Economic Equity Act,,,,true,false,
h-117-2-273,117,2022-06-15,AMENDMENT,hr-2543-117,Federal Reserve Racial and Economic Equity Act,,,,true,false,
h-117-2-274,117,2022-06-15,MOTION_TO_RECOMMIT,hr-2543-117,Federal Reserve Racial and Economic Equity Act,,,,true,false,
h-117-2-275,117,2022-06-15,PASSAGE,hr-2543-117,Federal Reserve Racial and Economic Equity Act,,,,true,false,
h-117-2-276,117,2022-06-16,MOTION_TO_RECOMMIT,hr-7606-117,Meat and Poultry Special Investigator Act,,,,true,false,
h-117-2-277,117,2022-06-16,PASSAGE,hr-7606-117,Meat and Poultry Special Investigator Act,,,,true,false,
h-117-2-278,117,2022-06-21,SUSPENSION,hr-7777-117,Industrial Control Systems Cybersecurity Training Act,,,,true,false,
h-117-2-279,117,2022-06-22,PROCEDURAL,hres-1191-117,"Providing for consideration of H.R. 4176, LGBTQI+ Data Inclusion Act; H.R. 5585, Advanced Research Projects Agency-Health Act; and H.R. 7666, Restoring Hope for Mental Health and Well-Being Act of 2022; and for other purposes",,,,true,false,
h-117-2-280,117,2022-06-22,PASSAGE,hres-1191-117,"Providing for consideration of H.R. 4176, LGBTQI+ Data Inclusion Act; H.R. 5585, Advanced Research Projects Agency-Health Act; and H.R. 7666, Restoring Hope for Mental Health and Well-Being Act of 2022; and for other purposes",,,,true,false,
h-117-2-281,117,2022-06-22,AMENDMENT,hr-7666-117,Restoring Hope for Mental Health and Well-Being Act of 2022,,,,true,false,
h-117-2-282,117,2022-06-22,AMENDMENT,hr-7666-117,Restoring Hope for Mental Health and Well-Being Act of 2022,,,,true,false,
h-117-2-283,117,2022-06-22,AMENDMENT,hr-7666-117,Restoring Hope for Mental Health and Well-Being Act of 2022,,,,true,false,
h-117-2-284,117,2022-06-22,AMENDMENT,hr-7666-117,Restoring Hope for Mental Health and Well-Being Act of 2022,,,,true,false,
h-117-2-285,117,2022-06-22,AMENDMENT,hr-7666-117,Restoring Hope for Mental Health and Well-Being Act of 2022,,,,true,false,
h-117-2-286,117,2022-06-22,PASSAGE,hr-7666-117,Restoring Hope for Mental Health and Well-Being Act of 2022,,,,true,false,
h-117-2-287,117,2022-06-22,AMENDMENT,hr-5585-117,Advanced Research Projects Agency-Health Act,,,,true,false,
h-117-2-288,117,2022-06-22,PASSAGE,hr-5585-117,Advanced Research Projects Agency-Health Act,,,,true,false,
h-117-2-289,117,2022-06-22,SUSPENSION,hr-6538-117,Active Shooter Alert Act,,,,true,false,
h-117-2-290,117,2022-06-23,SUSPENSION,s-2089-117,Keep Kids Fed Act,,,,true,false,
h-117-2-291,117,2022-06-23,SUSPENSION,hr-5407-117,Enhancing Mental Health and Suicide Prevention Through Campus Planning Act,,,,true,false,
h-117-2-292,117,2022-06-23,SUSPENSION,hr-6493-117,Campus Prevention and Recovery Services for Students Act,,,,true,false,
h-117-2-293,117,2022-06-23,AMENDMENT,hr-4176-117,LGBTQI+ Data Inclusion Act,,,,true,false,
h-117-2-294,117,2022-06-23,AMENDMENT,hr-4176-117,LGBTQI+ Data Inclusion Act,,,,true,false,
h-117-2-295,117,2022-06-23,MOTION_TO_RECOMMIT,hr-4176-117,LGBTQI+ Data Inclusion Act,,,,true,false,
h-117-2-296,117,2022-06-23,PASSAGE,hr-4176-117,LGBTQI+ Data Inclusion Act,,,,true,false,
h-117-2-297,117,2022-06-24,PROCEDURAL,hres-1204-117,"Providing for consideration of the Senate Amendments to the House Amendment to the bill (S. 2938); providing consideration of the Senate Amendment to the House Amendment to the bill (S.2089); relating to consideration of the Senate Amendment to the bill (H.R. 4346), and for other purposes",,,,true,false,
h-117-2-298,117,2022-06-24,PASSAGE,hres-1204-117,"Providing for consideration of the Senate Amendments to the House Amendment to the bill (S. 2938); providing consideration of the Senate Amendment to the House Amendment to the bill (S.2089); relating to consideration of the Senate Amendment to the bill (H.R. 4346), and for other purposes",,,,true,false,
h-117-2-299,117,2022-06-24,AMENDMENT,s-2938-117,"To designate the United States Courthouse and Federal Building located at 111 North Adams Street in Tallahassee, Florida, as the “Joseph Woodrow Hatchett United States Courthouse and Federal Building”",,,,true,false,
h-117-2-300,117,2022-07-12,SUSPENSION,hres-1168-117,"Reaffirming the economic partnership between the United States and the Caribbean nations and recongnizing the need to strengthen trade and investment between the United States and the Carribbean nations, our “Third Border”",,,,true,false,
h-117-2-301,117,2022-07-12,SUSPENSION,hr-521-117,First Responder Fair RETIRE Act,,,,true,false,
h-117-2-302,117,2022-07-12,SUSPENSION,hr-5271-117,"To designate the facility of the United States Postal Service located at 2245 Rosa L Parks Boulevard in Nashville, Tennessee, as the “Thelma Harper Post Office Building”",,,,true,false,
h-117-2-303,117,2022-07-13,PROCEDURAL,hres-1224-117,Providing for consideration of the following bills (H.R. 7900) National Defense Authorization Act for FY 2023; (S. 3373) Protecting Our Gold Star Families Education Act; (H.R. 8296) Women’s Health Protection Act; (H.R. 8297) Ensuring Women’s Right to Reproductive Freedom Act; and (H.R. 6538) Active Shooter Alert Act,,,,true,false,
h-117-2-304,117,2022-07-13,PASSAGE,hres-1224-117,Providing for consideration of the following bills (H.R. 7900) National Defense Authorization Act for FY 2023; (S. 3373) Protecting Our Gold Star Families Education Act; (H.R. 8296) Women’s Health Protection Act; (H.R. 8297) Ensuring Women’s Right to Reproductive Freedom Act; and (H.R. 6538) Active Shooter Alert Act,,,,true,false,
h-117-2-305,117,2022-07-13,SUSPENSION,hr-7174-117,National Computer Forensics Institute Reauthorization Act,,,,true,false,
h-117-2-306,117,2022-07-13,SUSPENSION,hr-5274-117,Prevent Exposure to Narcotics and Toxics Act,,,,true,false,
h-117-2-307,117,2022-07-13,PASSAGE,hr-6538-117,Active Shooter Alert Act,,,,true,false,
h-117-2-308,117,2022-07-13,PROCEDURAL,s-3373-117,Protecting Our Gold Star Families Education Act,,,,true,false,
h-117-2-309,117,2022-07-13,PASSAGE,s-3373-117,Protecting Our Gold Star Families Education Act,,,,true,false,
h-117-2-310,117,2022-07-13,AMENDMENT,hr-7900-117,National Defense Authorization Act for Fiscal Year 2023,,,,true,false,
h-117-2-311,117,2022-07-13,AMENDMENT,hr-7900-117,National Defense Authorization Act for Fiscal Year 2023,,,,true,false,
h-117-2-312,117,2022-07-13,AMENDMENT,hr-7900-117,National Defense Authorization Act for Fiscal Year 2023,,,,true,false,
h-117-2-313,117,2022-07-13,AMENDMENT,hr-7900-117,National Defense Authorization Act for Fiscal Year 2023,,,,true,false,
h-117-2-314,117,2022-07-13,AMENDMENT,hr-7900-117,National Defense Authorization Act for Fiscal Year 2023,,,,true,false,
h-117-2-315,117,2022-07-13,AMENDMENT,hr-7900-117,National Defense Authorization Act for Fiscal Year 2023,,,,true,false,
h-117-2-316,117,2022-07-13,AMENDMENT,hr-7900-117,National Defense Authorization Act for Fiscal Year 2023,,,,true,false,
h-117-2-317,117,2022-07-13,AMENDMENT,hr-7900-117,National Defense Authorization Act for Fiscal Year 2023,,,,true,false,
h-117-2-318,117,2022-07-13,AMENDMENT,hr-7900-117,National Defense Authorization Act for Fiscal Year 2023,,,,true,false,
h-117-2-319,117,2022-07-13,AMENDMENT,hr-7900-117,National Defense Authorization Act for Fiscal Year 2023,,,,true,false,
h-117-2-320,117,2022-07-13,AMENDMENT,hr-7900-117,National Defense Authorization Act for Fiscal Year 2023,,,,true,false,
h-117-2-321,117,2022-07-13,AMENDMENT,hr-7900-117,National Defense Authorization Act for Fiscal Year 2023,,,,true,false,
h-117-2-322,117,2022-07-13,AMENDMENT,hr-7900-117,National Defense Authorization Act for Fiscal Year 2023,,,,true,false,
h-117-2-323,117,2022-07-13,AMENDMENT,hr-7900-117,National Defense Authorization Act for Fiscal Year 2023,,,,true,false,
h-117-2-324,117,2022-07-13,AMENDMENT,hr-7900-117,National Defense Authorization Act for Fiscal Year 2023,,,,true,false,
h-117-2-325,117,2022-07-13,AMENDMENT,hr-7900-117,National Defense Authorization Act for Fiscal Year 2023,,,,true,false,
h-117-2-326,117,2022-07-13,AMENDMENT,hr-7900-117,National Defense Authorization Act for Fiscal Year 2023,,,,true,false,
h-117-2-327,117,2022-07-14,AMENDMENT,hr-7900-117,National Defense Authorization Act for Fiscal Year 2023,,,,true,false,
h-117-2-328,117,2022-07-14,AMENDMENT,hr-7900-117,National Defense Authorization Act for Fiscal Year 2023,,,,true,false,
h-117-2-329,117,2022-07-14,AMENDMENT,hr-7900-117,National Defense Authorization Act for Fiscal Year 2023,,,,true,false,
h-117-2-330,117,2022-07-14,AMENDMENT,hr-7900-117,National Defense Authorization Act for Fiscal Year 2023,,,,true,false,
h-117-2-331,117,2022-07-14,AMENDMENT,hr-7900-117,National Defense Authorization Act for Fiscal Year 2023,,,,true,false,
h-117-2-332,117,2022-07-14,AMENDMENT,hr-7900-117,National Defense Authorization Act for Fiscal Year 2023,,,,true,false,
h-117-2-333,117,2022-07-14,AMENDMENT,hr-7900-117,National Defense Authorization Act for Fiscal Year 2023,,,,true,false,
h-117-2-334,117,2022-07-14,AMENDMENT,hr-7900-117,National Defense Authorization Act for Fiscal Year 2023,,,,true,false,
h-117-2-335,117,2022-07-14,AMENDMENT,hr-7900-117,National Defense Authorization Act for Fiscal Year 2023,,,,true,false,
h-117-2-336,117,2022-07-14,AMENDMENT,hr-7900-117,National Defense Authorization Act for Fiscal Year 2023,,,,true,false,
h-117-2-337,117,2022-07-14,AMENDMENT,hr-7900-117,National Defense Authorization Act for Fiscal Year 2023,,,,true,false,
h-117-2-338,117,2022-07-14,AMENDMENT,hr-7900-117,National Defense Authorization Act for Fiscal Year 2023,,,,true,false,
h-117-2-339,117,2022-07-14,AMENDMENT,hr-7900-117,National Defense Authorization Act for Fiscal Year 2023,,,,true,false,
h-117-2-340,117,2022-07-14,AMENDMENT,hr-7900-117,National Defense Authorization Act for Fiscal Year 2023,,,,true,false,
h-117-2-341,117,2022-07-14,AMENDMENT,hr-7900-117,National Defense Authorization Act for Fiscal Year 2023,,,,true,false,
h-117-2-342,117,2022-07-14,AMENDMENT,hr-7900-117,National Defense Authorization Act for Fiscal Year 2023,,,,true,false,
h-117-2-343,117,2022-07-14,AMENDMENT,hr-7900-117,National Defense Authorization Act for Fiscal Year 2023,,,,true,false,
h-117-2-344,117,2022-07-14,AMENDMENT,hr-7900-117,National Defense Authorization Act for Fiscal Year 2023,,,,true,false,
h-117-2-345,117,2022-07-14,AMENDMENT,hr-7900-117,National Defense Authorization Act for Fiscal Year 2023,,,,true,false,
h-117-2-346,117,2022-07-14,AMENDMENT,hr-7900-117,National Defense Authorization Act for Fiscal Year 2023,,,,true,false,
h-117-2-347,117,2022-07-14,AMENDMENT,hr-7900-117,National Defense Authorization Act for Fiscal Year 2023,,,,true,false,
h-117-2-348,117,2022-07-14,AMENDMENT,hr-7900-117,National Defense Authorization Act for Fiscal Year 2023,,,,true,false,
h-117-2-349,117,2022-07-14,AMENDMENT,hr-7900-117,National Defense Authorization Act for Fiscal Year 2023,,,,true,false,
h-117-2-350,117,2022-07-14,PASSAGE,hr-7900-117,National Defense Authorization Act for Fiscal Year 2023,,,,true,false,
h-117-2-351,117,2022-07-14,SUSPENSION,hr-1934-117,Promoting United States International Leadership in 5G Act of 2021,,,,true,false,
h-117-2-352,117,2022-07-14,SUSPENSION,hconres-59-117,"Condemning the October 25, 2021, military coup in Sudan and standing with the people of Sudan",,,,true,false,
h-117-2-353,117,2022-07-14,SUSPENSION,hres-720-117,"Calling for stability and the cessation of violence and condemning ISIS-affiliated terrorist activity in norther Mozambique, including the Cabo Delgado Province, and for other purposes",,,,true,false,
h-117-2-354,117,2022-07-14,SUSPENSION,hconres-45-117,"Expressing the sense of Congress regarding the execution-style murders of United States citizens Yilli, Agron, and Mehmet Bytyqui in the Republic of Serbia in July 1999",,,,true,false,
h-117-2-355,117,2022-07-14,SUSPENSION,hres-892-117,Calling on the Government of the Republic of Rwanda to release Paul Rusesabagina on humanitarian grounds,,,,true,false,
h-117-2-356,117,2022-07-14,SUSPENSION,hr-7337-117,Access for Veterans to Records Act,,,,true,false,
h-117-2-357,117,2022-07-14,SUSPENSION,hr-203-117,"To designate the facility of the United States Postal Service located at 4020 Broadway Street in Houston, Texas, as the “Benny C. Martinez Post Office Buidling”",,,,true,false,
h-117-2-358,117,2022-07-14,SUSPENSION,hr-5659-117,"To designate the facility of the United States Postal Service located at 1961 North C Street in Oxnard, California, as the “John R. Hatcher III Post Office Building”",,,,true,false,
h-117-2-359,117,2022-07-15,MOTION_TO_RECOMMIT,hr-8296-117,Women’s Health Protection Act,,,,true,false,
h-117-2-360,117,2022-07-15,PASSAGE,hr-8296-117,Women’s Health Protection Act,,,,true,false,
h-117-2-361,117,2022-07-15,MOTION_TO_RECOMMIT,hr-8297-117,Ensuring Access to Abortion Act,,,,true,false,
h-117-2-362,117,2022-07-15,PASSAGE,hr-8297-117,Ensuring Access to Abortion Act,,,,true,false,
h-117-2-363,117,2022-07-15,SUSPENSION,hr-8351-117,Formula Act,,,,true,false,
h-117-2-364,117,2022-07-18,SUSPENSION,hres-1130-117,Expressing support for the sovereign decision of Finland and Sweden to apply to join the North Atlantic Treaty Organization (NATO) as well as calling on all members of NATO to ratify the protocols of accession swiftly,,,,true,false,
h-117-2-365,117,2022-07-19,PROCEDURAL,hres-1232-117,"Providing for consideration of the bill (H.R. 8294), Transportation, Housing and Urban Development, and Related Agencies Appropriations Act, 2023; providing for consideration of the bill (H.R. 8373), Right to Contraception Act; and providing for consideration of the bill (H.R. 8404), Respect for Marriage Act",,,,true,false,
h-117-2-366,117,2022-07-19,PASSAGE,hres-1232-117,"Providing for consideration of the bill (H.R. 8294), Transportation, Housing and Urban Development, and Related Agencies Appropriations Act, 2023; providing for consideration of the bill (H.R. 8373), Right to Contraception Act; and providing for consideration of the bill (H.R. 8404), Respect for Marriage Act",,,,true,false,
h-117-2-367,117,2022-07-19,AMENDMENT,hr-8294-117,,,,,true,false,
h-117-2-368,117,2022-07-19,AMENDMENT,hr-8294-117,,,,,true,false,
h-117-2-369,117,2022-07-19,AMENDMENT,hr-8294-117,,,,,true,false,
h-117-2-370,117,2022-07-19,AMENDMENT,hr-8294-117,,,,,true,false,
h-117-2-371,117,2022-07-19,AMENDMENT,hr-8294-117,,,,,true,false,
h-117-2-372,117,2022-07-19,AMENDMENT,hr-8294-117,,,,,true,false,
h-117-2-373,117,2022-07-19,PASSAGE,hr-8404-117,Respect for Marriage Act,,,,true,false,
h-117-2-374,117,2022-07-19,SUSPENSION,,,,,,true,false,
h-117-2-375,117,2022-07-19,SUSPENSION,s-144-117,Desert Sage Youth Wellness Center Access Improvement Act,,,,true,false,
h-117-2-376,117,2022-07-19,SUSPENSION,hr-4404-117,Kissimmee River Wild and Scenic River Act,,,,true,false,
h-117-2-377,117,2022-07-19,SUSPENSION,hr-7025-117,Advancing Human Rights-Centered International Conservation Act,,,,true,false,
h-117-2-378,117,2022-07-19,SUSPENSION,hr-7693-117,National Park Foundation Reauthorization Act,,,,true,false,
h-117-2-379,117,2022-07-20,AMENDMENT,hr-8294-117,,,,,true,false,
h-117-2-380,117,2022-07-20,AMENDMENT,hr-8294-117,,,,,true,false,
h-117-2-381,117,2022-07-20,AMENDMENT,hr-8294-117,,,,,true,false,
h-117-2-382,117,2022-07-20,MOTION_TO_RECOMMIT,hr-8294-117,,,,,true,false,
h-117-2-383,117,2022-07-20,PASSAGE,hr-8294-117,,,,,true,false,
h-117-2-384,117,2022-07-21,MOTION_TO_RECOMMIT,hr-8373-117,Right to Contraception Act,,,,true,false,
h-117-2-385,117,2022-07-21,PASSAGE,hr-8373-117,Right to Contraception Act,,,,true,false,
h-117-2-386,117,2022-07-26,PROCEDURAL,hres-1254-117,"Providing for consideration of the bills: H.R. 3771 South Asian Heart Health Awareness and Research Act, H.R. 5118 Wildfire Response and Drought Resiliency Act, and H.R. 6929 Susan Muffley Act",,,,true,false,
h-117-2-387,117,2022-07-26,PASSAGE,hres-1254-117,"Providing for consideration of the bills: H.R. 3771 South Asian Heart Health Awareness and Research Act, H.R. 5118 Wildfire Response and Drought Resiliency Act, and H.R. 6929 Susan Muffley Act",,,,true,false,
h-117-2-388,117,2022-07-26,SUSPENSION,hr-6552-117,Frederick Douglass Trafficking Victims Prevention and Protection Reauthorization Act of 2022,,,,true,false,
h-117-2-389,117,2022-07-26,SUSPENSION,hr-7289-117,Federal PFAS Research Evaluation Act,,,,true,false,
h-117-2-390,117,2022-07-26,SUSPENSION,hr-3588-117,Mathematical and Statistical Modeling Education Act,,,,true,false,
h-117-2-391,117,2022-07-26,SUSPENSION,hr-7180-117,Brycen Gray and Ben Price COVID-19 Cognitive Research Act,,,,true,false,
h-117-2-392,117,2022-07-26,SUSPENSION,hr-8454-117,Medical Marijuana and Cannabidiol Research Expansion Act,,,,true,false,
h-117-2-393,117,2022-07-26,SUSPENSION,hr-7734-117,Timely Delivery of Bank Secrecy Act Reports Act,,,,true,false,
h-117-2-394,117,2022-07-27,PROCEDURAL,hres-1256-117,"Providing for consideration of the bill (H.R. 263) Big Cat Public Safety Act, and providing for consideration of the bill (H.R. 4040) Advancing Telehealth Beyond COVID-19 Act, and for other purposes",,,,true,false,
h-117-2-395,117,2022-07-27,PASSAGE,hres-1256-117,"Providing for consideration of the bill (H.R. 263) Big Cat Public Safety Act, and providing for consideration of the bill (H.R. 4040) Advancing Telehealth Beyond COVID-19 Act, and for other purposes",,,,true,false,
h-117-2-396,117,2022-07-27,PASSAGE,hr-6929-117,Susan Muffley Act,,,,true,false,
h-117-2-397,117,2022-07-27,MOTION_TO_RECOMMIT,hr-3771-117,South Asian Heart Health Awareness and Research Act,,,,true,false,
h-117-2-398,117,2022-07-27,PASSAGE,hr-3771-117,South Asian Heart Health Awareness and Research Act,,,,true,false,
h-117-2-399,117,2022-07-27,MOTION_TO_RECOMMIT,hr-4040-117,Advancing Telehealth Beyond COVID-19 Act,,,,true,false,
h-117-2-400,117,2022-07-27,PASSAGE,hr-4040-117,Advancing Telehealth Beyond COVID-19 Act,,,,true,false,
h-117-2-401,117,2022-07-27,SUSPENSION,,,,,,true,false,
h-117-2-402,117,2022-07-28,PROCEDURAL,hres-1289-117,"Providing for consideration of the Senate amendment to the House amendment to the Senate amendment to the bill (H.R. 4346) making appropriations for the Legislative Branch for the fiscal year ending September 30, 2022, and for other purposes",,,,true,false,
h-117-2-403,117,2022-07-28,PASSAGE,hres-1289-117,"Providing for consideration of the Senate amendment to the House amendment to the Senate amendment to the bill (H.R. 4346) making appropriations for the Legislative Branch for the fiscal year ending September 30, 2022, and for other purposes",,,,true,false,
h-117-2-404,117,2022-07-28,PROCEDURAL,hr-4346-117,"Making appropriations for Legislative Branch for the fiscal year ending September 30, 2022, and for other purposes",,,,true,false,
h-117-2-405,117,2022-07-29,PROCEDURAL,hres-1300-117,"Waiving a requirement of clause 6(a) of rule XIII with respect to consideration of certain resolutions reported from the Committee on Rules, and for other purposes",,,,true,false,
h-117-2-406,117,2022-07-29,PASSAGE,hres-1300-117,"Waiving a requirement of clause 6(a) of rule XIII with respect to consideration of certain resolutions reported from the Committee on Rules, and for other purposes",,,,true,false,
h-117-2-407,117,2022-07-29,PROCEDURAL,hres-1302-117,"Providing for consideration of the bill (H.R. 1808) to regulate assault weapons, to ensure that the right to keep and bear arms is not unlimited, and for other purposes",,,,true,false,
h-117-2-408,117,2022-07-29,PASSAGE,hres-1302-117,"Providing for consideration of the bill (H.R. 1808) to regulate assault weapons, to ensure that the right to keep and bear arms is not unlimited, and for other purposes",,,,true,false,
h-117-2-409,117,2022-07-29,MOTION_TO_RECOMMIT,hr-1808-117,Assault Weapons Ban,,,,true,false,
h-117-2-410,117,2022-07-29,PASSAGE,hr-1808-117,Assault Weapons Ban,,,,true,false,
h-117-2-411,117,2022-07-29,AMENDMENT,hr-5118-117,Continental Divide Trail Completion Act,,,,true,false,
h-117-2-412,117,2022-07-29,AMENDMENT,hr-5118-117,Continental Divide Trail Completion Act,,,,true,false,
h-117-2-413,117,2022-07-29,MOTION_TO_RECOMMIT,hr-5118-117,Continental Divide Trail Completion Act,,,,true,false,
h-117-2-414,117,2022-07-29,PASSAGE,hr-5118-117,Continental Divide Trail Completion Act,,,,true,false,
h-117-2-415,117,2022-07-29,PASSAGE,hr-263-117,Big Cat Public Safety Act,,,,true,false,
h-117-2-416,117,2022-07-29,SUSPENSION,hr-7283-117,STREAM Act,,,,true,false,
h-117-2-417,117,2022-07-29,SUSPENSION,s-3451-117,"To include certain computer-related projects in the Federal permitting program under title XLI of the FAST Act, and for other purposes",,,REGULATORY_BURDEN,true,false,
h-117-2-418,117,2022-08-12,PROCEDURAL,hres-1316-117,Providing for consideration of the Senate amendment to the bill (H.R. 5376) to provide for reconciliation pursuant to title II of S. Con. Res. 14,,,,true,false,
h-117-2-419,117,2022-08-12,PASSAGE,hres-1316-117,Providing for consideration of the Senate amendment to the bill (H.R. 5376) to provide for reconciliation pursuant to title II of S. Con. Res. 14,,,,true,false,
h-117-2-420,117,2022-08-12,AMENDMENT,hr-5376-117,To provide for reconciliation pursuant to title II of S. Con. Res. 14,,,,true,false,
h-117-2-421,117,2022-09-13,SUSPENSION,s-4785-117,To extend by 19 days the authorization for the special assessment for the Domestic Trafficking Victims’ Fund,,,,true,false,
h-117-2-422,117,2022-09-13,SUSPENSION,hr-5315-117,Drone Infrastructure Inspection Grant Act,,,,true,false,
h-117-2-423,117,2022-09-13,SUSPENSION,hr-1066-117,Wildfire Recovery Act,,,,true,false,
h-117-2-424,117,2022-09-14,PROCEDURAL,hres-1339-117,Providing for consideration of the bill (H.R. 302) Preventing a Patronage System Act; providing for consideration of the bill (H.R. 2988) Whistleblower Protection Improvement Act; providing for consideration of the bill (H.R. 8326) Ensuring a Fair and Accurate Census Act,,,,true,false,
h-117-2-425,117,2022-09-14,PASSAGE,hres-1339-117,Providing for consideration of the bill (H.R. 302) Preventing a Patronage System Act; providing for consideration of the bill (H.R. 2988) Whistleblower Protection Improvement Act; providing for consideration of the bill (H.R. 8326) Ensuring a Fair and Accurate Census Act,,,,true,false,
h-117-2-426,117,2022-09-14,SUSPENSION,,,,,,true,false,
h-117-2-427,117,2022-09-14,SUSPENSION,hr-884-117,National Aviation Preparedness Plan Act,,,,true,false,
h-117-2-428,117,2022-09-14,SUSPENSION,hr-5774-117,Expediting Disaster Recovery Act,,,,true,false,
h-117-2-429,117,2022-09-14,SUSPENSION,s-2293-117,CREW Act,,,,true,false,
h-117-2-430,117,2022-09-14,SUSPENSION,s-442-117,BRIGHT Act,,,,true,false,
h-117-2-431,117,2022-09-15,AMENDMENT,hr-302-117,Preventing a Patronage System Act,,,,true,false,
h-117-2-432,117,2022-09-15,PASSAGE,hr-302-117,Preventing a Patronage System Act,,,,true,false,
h-117-2-433,117,2022-09-15,AMENDMENT,hr-8326-117,Ensuring a Fair and Accurate Census Act,,,,true,false,
h-117-2-434,117,2022-09-15,AMENDMENT,hr-8326-117,Ensuring a Fair and Accurate Census Act,,,,true,false,
h-117-2-435,117,2022-09-15,PASSAGE,hr-8326-117,Ensuring a Fair and Accurate Census Act,,,,true,false,
h-117-2-436,117,2022-09-15,AMENDMENT,hr-2988-117,Whistleblower Protection Improvement Act,,,,true,false,
h-117-2-437,117,2022-09-15,PASSAGE,hr-2988-117,Whistleblower Protection Improvement Act,,,,true,false,
h-117-2-438,117,2022-09-19,SUSPENSION,s-3895-117,United States Commission on International Religious Freedom Reauthorization Act,,,,true,false,
h-117-2-439,117,2022-09-19,SUSPENSION,s-3157-117,Bridging the Gap for New Americans Act,,,,true,false,
h-117-2-440,117,2022-09-19,SUSPENSION,hr-1456-117,Peace Corps Reauthorization Act,,,,true,false,
h-117-2-441,117,2022-09-20,PROCEDURAL,hres-1361-117,"Providing for consideration of S. 1098, the Joint Consolidation Loan Separation Act; and for other purposes",,,,true,false,
h-117-2-442,117,2022-09-20,PASSAGE,hres-1361-117,"Providing for consideration of S. 1098, the Joint Consolidation Loan Separation Act; and for other purposes",,,,true,false,
h-117-2-443,117,2022-09-20,SUSPENSION,,,,,,true,false,
h-117-2-444,117,2022-09-20,SUSPENSION,s-2490-117,Blackwell School National Historic Site Act,,,,true,false,
h-117-2-445,117,2022-09-21,PROCEDURAL,hres-1372-117,"Providing for consideration of the bill (H.R. 8873) to amend title 3, United States Code, to reform the process for the counting of electoral votes, and for other purposes",,,,true,false,
h-117-2-446,117,2022-09-21,PASSAGE,hres-1372-117,"Providing for consideration of the bill (H.R. 8873) to amend title 3, United States Code, to reform the process for the counting of electoral votes, and for other purposes",,,,true,false,
h-117-2-447,117,2022-09-21,PROCEDURAL,s-1098-117,Joint Consolidation Loan Separation Act,,,,true,false,
h-117-2-448,117,2022-09-21,PASSAGE,s-1098-117,Joint Consolidation Loan Separation Act,,,,true,false,
h-117-2-449,117,2022-09-21,PASSAGE,hr-8873-117,Presidential Election Reform Act,,,,true,false,
h-117-2-450,117,2022-09-22,PASSAGE,hres-1377-117,"Providing for consideration of H.R. 4118, the Break the Cycle of Violence Act; H.R. 5768, the Violent Incident Clearance and Technological Investigative Methods Act of 2022; H.R. 6448, the Invest to Protect Act of 2022; and H.R. 8542, the Mental Health Justice Act of 2022",,,,true,false,
h-117-2-451,117,2022-09-22,PASSAGE,hr-6448-117,Invest to Protect Act,,,,true,false,
h-117-2-452,117,2022-09-22,PASSAGE,hr-8542-117,Mental Health Justice Act of 2022,,,,true,false,
h-117-2-453,117,2022-09-22,PASSAGE,hr-4118-117,Break the Cycle of Violence Act,,,,true,false,
h-117-2-454,117,2022-09-22,PASSAGE,hr-5768-117,Violent Incident Clearance and Technological Investigative Methods Act,,,,true,false,
h-117-2-455,117,2022-09-28,PROCEDURAL,hres-1396-117,Providing for consideration of the bill (H.R. 3843) Merger Filing Fee Modernization Act; providing for consideration of the bill (H.R. 7780) Mental Health Matters Act; and providing for consideration of the bill (S. 3969) PAVA Program Inclusion Act,,,,true,false,
h-117-2-456,117,2022-09-28,PASSAGE,hres-1396-117,Providing for consideration of the bill (H.R. 3843) Merger Filing Fee Modernization Act; providing for consideration of the bill (H.R. 7780) Mental Health Matters Act; and providing for consideration of the bill (S. 3969) PAVA Program Inclusion Act,,,,true,false,
h-117-2-457,117,2022-09-28,SUSPENSION,hr-3482-117,National Center for the Advancement of Aviation Act,,,,true,false,
h-117-2-458,117,2022-09-29,MOTION_TO_RECOMMIT,hr-7780-117,Mental Health Matters Act,,,,true,false,
h-117-2-459,117,2022-09-29,PASSAGE,hr-7780-117,Mental Health Matters Act,,,,true,false,
h-117-2-460,117,2022-09-29,PASSAGE,hr-3843-117,Merger Filing Fee Modernization Act,,,,true,false,
h-117-2-461,117,2022-09-29,SUSPENSION,s-4900-117,SBIR and STTR Extension Act,,,FEDERAL_CONTRACTING,true,false,
h-117-2-462,117,2022-09-29,SUSPENSION,hr-8466-117,Chai Suthammanont Healthy Federal Workplaces Act,,,,true,false,
h-117-2-463,117,2022-09-29,SUSPENSION,s-3470-117,End Human Trafficking in Government Contracts Act,,,,true,false,
h-117-2-464,117,2022-09-29,SUSPENSION,s-2551-117,AI Training Act,,,,true,false,
h-117-2-465,117,2022-09-29,SUSPENSION,s-958-117,Maximizing Outcomes through Better Investments in Lifesaving Equipment for (MOBILE) Health Care Act,,,,true,false,
h-117-2-466,117,2022-09-29,SUSPENSION,hr-6965-117,Visit America Act,,,,true,false,
h-117-2-467,117,2022-09-29,SUSPENSION,hr-7321-117,Global Aircraft Maintenance Safety Improvement Act,,,,true,false,
h-117-2-468,117,2022-09-29,SUSPENSION,s-3662-117,Preventing PFAS Runoff at Airports Act,,,,true,false,
h-117-2-469,117,2022-09-29,SUSPENSION,hr-8888-117,Food Security for All Veterans Act,,,,true,false,
h-117-2-470,117,2022-09-29,SUSPENSION,s-2794-117,Supporting Families of the Fallen Act,,,,true,false,
h-117-2-471,117,2022-09-29,SUSPENSION,hr-8446-117,Global Food Security Reauthorization Act,,,,true,false,
h-117-2-472,117,2022-09-29,SUSPENSION,hr-8463-117,Millennium Challenge Corporation Eligibility Expansion Act,,,,true,false,
h-117-2-473,117,2022-09-29,SUSPENSION,,,,,,true,false,
h-117-2-474,117,2022-09-30,PROCEDURAL,hres-1404-117,Providing for consideration of the Senate amendment to the bill (H.R. 6833) Affordable Insulin Now Act and providing for consideration of the bill (H.R. 8987) Fairness for 9/11 Families Act,,,HEALTH_COSTS,true,false,
h-117-2-475,117,2022-09-30,PASSAGE,hres-1404-117,Providing for consideration of the Senate amendment to the bill (H.R. 6833) Affordable Insulin Now Act and providing for consideration of the bill (H.R. 8987) Fairness for 9/11 Families Act,,,HEALTH_COSTS,true,false,
h-117-2-476,117,2022-09-30,AMENDMENT,hr-6833-117,Affordable Insulin Now Act,,,HEALTH_COSTS,true,true,
h-117-2-477,117,2022-09-30,PASSAGE,hr-8987-117,Fairness for 9/11 Families Act,,,,true,false,
h-117-2-478,117,2022-11-14,SUSPENSION,hr-5441-117,PAST Act,,,,true,false,
h-117-2-479,117,2022-11-15,PASSAGE,hres-1464-117,"Providing for consideration of the bill S. 4524, the Speak Out Act, and for other purposes",,,,true,false,
h-117-2-480,117,2022-11-16,PASSAGE,s-4524-117,Speak Out Act,,,,true,false,
h-117-2-481,117,2022-11-17,SUSPENSION,,,,,,true,false,
h-117-2-482,117,2022-11-17,SUSPENSION,s-3369-117,"To designate the medical center of the Department of Veterans Affairs in metropolitan Atlanta, Georgia, as the “Joseph Maxwell Cleland Atlanta Department of Veterans Affairs Medical Center”",,,,true,false,
h-117-2-483,117,2022-11-17,SUSPENSION,s-4359-117,Senator Johnny Isakson VA Regional Office Act,,,,true,false,
h-117-2-484,117,2022-11-17,SUSPENSION,hr-2250-117,Department of Veterans Affairs Information Technology Reform Act,,,,true,false,
h-117-2-485,117,2022-11-17,SUSPENSION,hr-3630-117,Lymphedema Treatment Act,,,,true,false,
h-117-2-486,117,2022-11-29,SUSPENSION,s-4003-117,Law Enforcement De-Escalation Training Act of 2022,,,,true,false,
h-117-2-487,117,2022-11-29,SUSPENSION,s-3846-117,Justice and Mental Health Collaboration Reauthorization Act of 2022,,,,true,false,
h-117-2-488,117,2022-11-29,SUSPENSION,hr-5455-117,Terry Technical Correction Act,,,,true,false,
h-117-2-489,117,2022-11-30,PASSAGE,hres-1499-117,Providing for consideration of the bill (H.R. 3372); providing for consideration of the bill (H.R. 6878); providing for consideration of the bill (H.R. 8876); providing for consideration of the joint resolution (H.J. Res. 100); and for other purposes,,,,true,false,
h-117-2-490,117,2022-11-30,PASSAGE,hjres-100-117,To provide for a resolution with respect to the unresolved disputes between certain railroads represented by the National Carriers’ Conference Committee of the National Railway Labor Conference and certain of their employees,,,,true,false,
h-117-2-491,117,2022-11-30,PASSAGE,hconres-119-117,Providing for a correction in the enrollment of H.J. Res. 100,,,,true,false,
h-117-2-492,117,2022-12-01,PASSAGE,hr-3372-117,One Stop Shop Community Reentry Program Act of 2021,,,,true,false,
h-117-2-493,117,2022-12-01,PASSAGE,hr-6878-117,Pregnant Women in Custody Act,,,,true,false,
h-117-2-494,117,2022-12-01,SUSPENSION,hr-4785-117,Uyghur Policy Act,,,,true,false,
h-117-2-495,117,2022-12-01,SUSPENSION,,,,,,true,false,
h-117-2-496,117,2022-12-01,SUSPENSION,,,,,,true,false,
h-117-2-497,117,2022-12-01,SUSPENSION,hr-2521-117,DOULA for VA Act of 2022,,,,true,false,
h-117-2-498,117,2022-12-01,SUSPENSION,s-231-117,Protecting Firefighters from Adverse Substances Act,,,,true,false,
h-117-2-499,117,2022-12-01,SUSPENSION,s-3115-117,To remove the 4-year sunset from the Pro bono Work to Empower and Represent Act of 2018,,,,true,false,
h-117-2-500,117,2022-12-02,PASSAGE,hr-8876-117,Jackie Walorski Maternal and Child Home Visiting Reauthorization Act of 2022,,,,true,false,
h-117-2-501,117,2022-12-06,PASSAGE,hres-1508-117,Providing for consideration of the bill (H.R. 3648) the Eagle Act; providing for consideration of the bill (H.R. 7946) the Veteran Service Recognition Act; and for other purposes; and for other purposes,,,,true,false,
h-117-2-502,117,2022-12-06,AMENDMENT,hr-7946-117,Veteran Service Recognition Act,,,,true,false,
h-117-2-503,117,2022-12-06,PASSAGE,hr-7946-117,Veteran Service Recognition Act,,,,true,false,
h-117-2-504,117,2022-12-06,SUSPENSION,,,,,,true,false,
h-117-2-505,117,2022-12-06,SUSPENSION,s-4052-117,Early Hearing Detection and Intervention Act,,,,true,false,
h-117-2-506,117,2022-12-06,SUSPENSION,hr-3462-117,SBA Cyber Awareness Act,,,ACCESS_TO_CAPITAL,true,false,
h-117-2-507,117,2022-12-06,SUSPENSION,s-3875-117,Community Disaster Resilience Zones Act,,,,true,false,
h-117-2-508,117,2022-12-06,SUSPENSION,s-3499-117,"To amend the Post-Katrina Emergency Management Reform Act of 2006 to repeal certain obsolete requirements, and for other purposes",,,,true,false,
h-117-2-509,117,2022-12-06,SUSPENSION,s-2796-117,Rural Opioid Abuse Prevention Act,,,,true,false,
h-117-2-510,117,2022-12-06,SUSPENSION,s-4834-117,PROTECT Our Children Act,,,,true,false,
h-117-2-511,117,2022-12-06,SUSPENSION,hr-5796-117,Patents for Humanity Act,,,,true,false,
h-117-2-512,117,2022-12-07,PASSAGE,hres-1510-117,"Providing for consideration of the Senate amendment to the bill (H.R. 8404) to repeal the Defense of Marriage Act and ensure respect for State regulation of marriage, and for other purposes",,,,true,false,
h-117-2-513,117,2022-12-08,AMENDMENT,hr-8404-117,Respect for Marriage Act,,,,true,false,
h-117-2-514,117,2022-12-08,PROCEDURAL,hr-8404-117,Respect for Marriage Act,,,,true,false,
h-117-2-515,117,2022-12-08,PROCEDURAL,,,,,,true,false,
h-117-2-516,117,2022-12-08,SUSPENSION,hres-1512-117,"Providing for the concurrence by the House in the Senate amendment to H.R. 7776, with an amendment",,,,true,false,
h-117-2-517,117,2022-12-08,SUSPENSION,s-1617-117,Disaster Assistance for Rural Communities Act,,,,true,false,
h-117-2-518,117,2022-12-12,SUSPENSION,s-1466-117,Saline Lake Ecosystems in the Great Basin States Program Act,,,,true,false,
h-117-2-519,117,2022-12-13,SUSPENSION,hr-7535-117,Quantum Computing Cybersecurity Preparedness Act,,,,true,false,
h-117-2-520,117,2022-12-14,PROCEDURAL,hres-1518-117,"Providing for consideration of the bills H.R. 1948, S. 3905, and S. 4003; providing for consideration of the Senate amendment to the bill H.R. 1437; relating to consideration of the Senate amendments to the bill H.R. 2617; and for other purposes; and for other purposes",,,,true,false,
h-117-2-521,117,2022-12-14,PASSAGE,hres-1518-117,"Providing for consideration of the bills H.R. 1948, S. 3905, and S. 4003; providing for consideration of the Senate amendment to the bill H.R. 1437; relating to consideration of the Senate amendments to the bill H.R. 2617; and for other purposes; and for other purposes",,,,true,false,
h-117-2-522,117,2022-12-14,SUSPENSION,,,,,,true,false,
h-117-2-523,117,2022-12-14,AMENDMENT,hr-1437-117,PRECIP Act,,,,true,false,
h-117-2-524,117,2022-12-14,PASSAGE,s-3905-117,Preventing Organizational Conflicts of Interest in Federal Acquisition Act,,,FEDERAL_CONTRACTING,true,true,
h-117-2-525,117,2022-12-14,PASSAGE,s-4003-117,Law Enforcement De-Escalation Training Act of 2022,,,,true,false,
h-117-2-526,117,2022-12-14,SUSPENSION,s-5230-117,Billy’s Law,,,,true,false,
h-117-2-527,117,2022-12-15,PASSAGE,hres-1519-117,Providing for consideration of the bill (H.R. 8393) the Puerto Rico Status Act,,,,true,false,
h-117-2-528,117,2022-12-15,MOTION_TO_RECOMMIT,hr-8393-117,Puerto Rico Status Act,,,,true,false,
h-117-2-529,117,2022-12-15,PASSAGE,hr-8393-117,Puerto Rico Status Act,,,,true,false,
h-117-2-530,117,2022-12-15,PASSAGE,hr-1948-117,VA Employee Fairness Act,,,,true,false,
h-117-2-531,117,2022-12-21,PASSAGE,hres-1529-117,"Providing for consideration of H.R. 9640, to amend the Internal Revenue Code of 1986 to provide for examination and disclosure with respect to Presidential income tax returns; S. 1942, the National Heritage Area Act; and for other purposes",,,,true,false,
h-117-2-532,117,2022-12-21,SUSPENSION,s-2333-117,Equal Pay for Team USA Act,,,WORKFORCE,true,false,
h-117-2-533,117,2022-12-21,SUSPENSION,s-5168-117,Energy Security and Lightering Independence Act,,,,true,false,
h-117-2-534,117,2022-12-21,SUSPENSION,s-4926-117,Respect for Child Survivors Act,,,,true,false,
h-117-2-535,117,2022-12-21,SUSPENSION,s-2834-117,Dr. Joanne Smith Memorial Rehabilitation Innovation Centers Act,,,,true,false,
h-117-2-536,117,2022-12-21,SUSPENSION,hr-1917-117,Hazard Eligibility and Local Projects Act,,,,true,false,
h-117-2-537,117,2022-12-21,SUSPENSION,s-3168-117,"To amend the White Mountain Apache Tribe Water Rights Quantification Act of 2010 to modify the enforceability date for certain provisions, and for other purposes",,,,true,false,
h-117-2-538,117,2022-12-21,SUSPENSION,s-3308-117,Colorado River Indian Tribes Water Resiliency Act,,,,true,false,
h-117-2-539,117,2022-12-22,PASSAGE,hr-9640-117,Presidential Tax Filings and Audit Transparency Act,,,,true,false,
h-117-2-540,117,2022-12-22,PASSAGE,s-1942-117,National Heritage Area Act,,,,true,false,
h-117-2-541,117,2022-12-22,SUSPENSION,s-3773-117,To authorize leases of up to 99 years for land held in trust for the Confederated Tribes of the Chehalis Reservation,,,,true,false,
h-117-2-542,117,2022-12-22,SUSPENSION,s-4104-117,Hualapai Tribe Water Rights Settlement Act,,,,true,false,
h-117-2-543,117,2022-12-22,SUSPENSION,s-5087-117,"To amend the Not Invisible Act of 2019 to extend, and provide additional support for, the activities of the Department of the Interior and the Department of Justice Joint Commission on Reducing Violent Crime Against Indians, and for other purposes.",,,,true,false,
h-117-2-544,117,2022-12-22,SUSPENSION,s-989-117,Native American Langauge Resource Center Act of 2022,,,,true,false,
h-117-2-545,117,2022-12-22,SUSPENSION,s-1402-117,Durbin Feeling Native American Languages Act of 2021,,,,true,false,
h-117-2-546,117,2022-12-22,SUSPENSION,hr-7939-117,Student Veteran Emergency Relief Act,,,,true,false,
h-117-2-547,117,2022-12-23,PASSAGE,hres-1531-117,"Providing for consideration of the Senate amendment to the House amendment to the Senate amendment to H.R. 2617, Agriculture, Rural Development, Food and Drug Administration, and Related Agencies Appropriations Act; and for other purposes",,,,true,false,
h-117-2-548,117,2022-12-23,PROCEDURAL,,,,,,true,false,
h-117-2-549,117,2022-12-23,PROCEDURAL,hr-2617-117,"To amend section 1115 of title 31, United States Code, to amend the description of how performance goals are achieved, and for other purposes",,,,true,false,
