vote_id,vote_date,vote_category,bill_id,impact_tag,reason_code,sponsor_party,source_url,notes
h-119-1-1,2025-01-03,PROCEDURAL,,,PROCEDURAL_CATEGORY,,https://clerk.house.gov/evs/2025/roll001.xml,
h-119-1-3,2025-01-03,PROCEDURAL,hres-5-119,,PROCEDURAL_CATEGORY,,https://clerk.house.gov/evs/2025/roll003.xml,
h-119-1-4,2025-01-03,PROCEDURAL,hres-5-119,,PROCEDURAL_CATEGORY,,https://clerk.house.gov/evs/2025/roll004.xml,
h-119-1-5,2025-01-03,PASSAGE,hres-5-119,,NO_IMPACT_TAG,,https://clerk.house.gov/evs/2025/roll005.xml,
h-119-1-6,2025-01-07,PASSAGE,hr-29-119,,NO_IMPACT_TAG,,https://clerk.house.gov/evs/2025/roll006.xml,
h-119-1-7,2025-01-09,PASSAGE,hr-23-119,,NO_IMPACT_TAG,,https://clerk.house.gov/evs/2025/roll007.xml,
s-119-1-1,2025-01-09,CLOTURE,s-5-119,,PROCEDURAL_CATEGORY,,https://www.senate.gov/legislative/LIS/roll_call_votes/vote1191/vote_119_1_00001.xml,
h-119-1-8,2025-01-13,SUSPENSION,hr-192-119,,PROCEDURAL_CATEGORY,,https://clerk.house.gov/evs/2025/roll008.xml,
h-119-1-9,2025-01-13,SUSPENSION,hr-152-119,,PROCEDURAL_CATEGORY,,https://clerk.house.gov/evs/2025/roll009.xml,
s-119-1-2,2025-01-13,PROCEDURAL,s-5-119,,PROCEDURAL_CATEGORY,,https://www.senate.gov/legislative/LIS/roll_call_votes/vote1191/vote_119_1_00002.xml,
h-119-1-10,2025-01-14,SUSPENSION,hr-153-119,,PROCEDURAL_CATEGORY,,https://clerk.house.gov/evs/2025/roll010.xml,
h-119-1-11,2025-01-14,MOTION_TO_RECOMMIT,hr-28-119,,PROCEDURAL_CATEGORY,,https://clerk.house.gov/evs/2025/roll011.xml,
h-119-1-12,2025-01-14,PASSAGE,hr-28-119,,NO_IMPACT_TAG,,https://clerk.house.gov/evs/2025/roll012.xml,
h-119-1-13,2025-01-15,SUSPENSION,hr-164-119,,PROCEDURAL_CATEGORY,,https://clerk.house.gov/evs/2025/roll013.xml,
h-119-1-14,2025-01-15,SUSPENSION,hr-144-119,,PROCEDURAL_CATEGORY,,https://clerk.house.gov/evs/2025/roll014.xml,
h-119-1-15,2025-01-15,PASSAGE,hr-33-119,TAX_BURDEN,NEAR_UNANIMOUS,,https://clerk.house.gov/evs/2025/roll015.xml,
s-119-1-3,2025-01-15,AMENDMENT,,,NO_IMPACT_TAG,,https://www.senate.gov/legislative/LIS/roll_call_votes/vote1191/vote_119_1_00003.xml,
s-119-1-4,2025-01-15,AMENDMENT,,,NO_IMPACT_TAG,,https://www.senate.gov/legislative/LIS/roll_call_votes/vote1191/vote_119_1_00004.xml,
h-119-1-16,2025-01-16,MOTION_TO_RECOMMIT,hr-30-119,,PROCEDURAL_CATEGORY,,https://clerk.house.gov/evs/2025/roll016.xml,
h-119-1-17,2025-01-16,PASSAGE,hr-30-119,,NO_IMPACT_TAG,,https://clerk.house.gov/evs/2025/roll017.xml,
s-119-1-5,2025-01-17,CLOTURE,s-5-119,,PROCEDURAL_CATEGORY,,https://www.senate.gov/legislative/LIS/roll_call_votes/vote1191/vote_119_1_00005.xml,
s-119-1-6,2025-01-20,AMENDMENT,,,NO_IMPACT_TAG,,https://www.senate.gov/legislative/LIS/roll_call_votes/vote1191/vote_119_1_00006.xml,
s-119-1-7,2025-01-20,PASSAGE,s-5-119,,NO_IMPACT_TAG,,https://www.senate.gov/legislative/LIS/roll_call_votes/vote1191/vote_119_1_00007.xml,
s-119-1-8,2025-01-20,NOMINATION,pn-11-13-119,,PROCEDURAL_CATEGORY,,https://www.senate.gov/legislative/LIS/roll_call_votes/vote1191/vote_119_1_00008.xml,
h-119-1-18,2025-01-21,SUSPENSION,hr-186-119,,PROCEDURAL_CATEGORY,,https://clerk.house.gov/evs/2025/roll018.xml,
h-119-1-19,2025-01-21,SUSPENSION,hr-187-119,,PROCEDURAL_CATEGORY,,https://clerk.house.gov/evs/2025/roll019.xml,
s-119-1-10,2025-01-21,PROCEDURAL,pn-11-7-119,,PROCEDURAL_CATEGORY,,https://www.senate.gov/legislative/LIS/roll_call_votes/vote1191/vote_119_1_00010.xml,
s-119-1-9,2025-01-21,PROCEDURAL,pn-11-19-119,,PROCEDURAL_CATEGORY,,https://www.senate.gov/legislative/LIS/roll_call_votes/vote1191/vote_119_1_00009.xml,
h-119-1-20,2025-01-22,PROCEDURAL,hres-53-119,,PROCEDURAL_CATEGORY,,https://clerk.house.gov/evs/2025/roll020.xml,
h-119-1-21,2025-01-22,PASSAGE,hres-53-119,,RULE_RESOLUTION,,https://clerk.house.gov/evs/2025/roll021.xml,
h-119-1-22,2025-01-22,SUSPENSION,hr-165-119,,PROCEDURAL_CATEGORY,,https://clerk.house.gov/evs/2025/roll022.xml,
h-119-1-23,2025-01-22,PASSAGE,s-5-119,,NO_IMPACT_TAG,,https://clerk.house.gov/evs/2025/roll023.xml,
s-119-1-11,2025-01-22,CLOTURE,s-6-119,,PROCEDURAL_CATEGORY,,https://www.senate.gov/legislative/LIS/roll_call_votes/vote1191/vote_119_1_00011.xml,
h-119-1-24,2025-01-23,SUSPENSION,hr-375-119,REGULATORY_BURDEN,PROCEDURAL_CATEGORY,,https://clerk.house.gov/evs/2025/roll024.xml,
h-119-1-25,2025-01-23,PASSAGE,hr-471-119,,NO_IMPACT_TAG,,https://clerk.house.gov/evs/2025/roll025.xml,
h-119-1-26,2025-01-23,MOTION_TO_RECOMMIT,hr-21-119,,PROCEDURAL_CATEGORY,,https://clerk.house.gov/evs/2025/roll026.xml,
h-119-1-27,2025-01-23,PASSAGE,hr-21-119,,NO_IMPACT_TAG,,https://clerk.house.gov/evs/2025/roll027.xml,
s-119-1-12,2025-01-23,CLOTURE,pn-11-19-119,,PROCEDURAL_CATEGORY,,https://www.senate.gov/legislative/LIS/roll_call_votes/vote1191/vote_119_1_00012.xml,
s-119-1-13,2025-01-23,NOMINATION,pn-11-19-119,,PROCEDURAL_CATEGORY,,https://www.senate.gov/legislative/LIS/roll_call_votes/vote1191/vote_119_1_00013.xml,
s-119-1-14,2025-01-23,CLOTURE,pn-11-7-119,,PROCEDURAL_CATEGORY,,https://www.senate.gov/legislative/LIS/roll_call_votes/vote1191/vote_119_1_00014.xml,
s-119-1-15,2025-01-24,NOMINATION,pn-11-7-119,,PROCEDURAL_CATEGORY,,https://www.senate.gov/legislative/LIS/roll_call_votes/vote1191/vote_119_1_00015.xml,
s-119-1-16,2025-01-24,CLOTURE,pn-11-11-119,,PROCEDURAL_CATEGORY,,https://www.senate.gov/legislative/LIS/roll_call_votes/vote1191/vote_119_1_00016.xml,
s-119-1-17,2025-01-25,NOMINATION,pn-11-11-119,,PROCEDURAL_CATEGORY,,https://www.senate.gov/legislative/LIS/roll_call_votes/vote1191/vote_119_1_00017.xml,
s-119-1-18,2025-01-25,CLOTURE,pn-11-1-119,,PROCEDURAL_CATEGORY,,https://www.senate.gov/legislative/LIS/roll_call_votes/vote1191/vote_119_1_00018.xml,
s-119-1-19,2025-01-27,NOMINATION,pn-11-1-119,,PROCEDURAL_CATEGORY,,https://www.senate.gov/legislative/LIS/roll_call_votes/vote1191/vote_119_1_00019.xml,
s-119-1-20,2025-01-27,CLOTURE,pn-11-6-119,,PROCEDURAL_CATEGORY,,https://www.senate.gov/legislative/LIS/roll_call_votes/vote1191/vote_119_1_00020.xml,
s-119-1-21,2025-01-28,NOMINATION,pn-11-6-119,,PROCEDURAL_CATEGORY,,https://www.senate.gov/legislative/LIS/roll_call_votes/vote1191/vote_119_1_00021.xml,
s-119-1-22,2025-01-28,CLOTURE,hr-23-119,,PROCEDURAL_CATEGORY,,https://www.senate.gov/legislative/LIS/roll_call_votes/vote1191/vote_119_1_00022.xml,
s-119-1-23,2025-01-29,CLOTURE,pn-11-23-119,,PROCEDURAL_CATEGORY,,https://www.senate.gov/legislative/LIS/roll_call_votes/vote1191/vote_119_1_00023.xml,
s-119-1-24,2025-01-29,NOMINATION,pn-11-23-119,,PROCEDURAL_CATEGORY,,https://www.senate.gov/legislative/LIS/roll_call_votes/vote1191/vote_119_1_00024.xml,
s-119-1-25,2025-01-29,CLOTURE,pn-11-3-119,,PROCEDURAL_CATEGORY,,https://www.senate.gov/legislative/LIS/roll_call_votes/vote1191/vote_119_1_00025.xml,
s-119-1-26,2025-01-30,NOMINATION,pn-11-3-119,,PROCEDURAL_CATEGORY,,https://www.senate.gov/legislative/LIS/roll_call_votes/vote1191/vote_119_1_00026.xml,
s-119-1-27,2025-01-30,CLOTURE,pn-11-15-119,,PROCEDURAL_CATEGORY,,https://www.senate.gov/legislative/LIS/roll_call_votes/vote1191/vote_119_1_00027.xml,
s-119-1-28,2025-01-30,CLOTURE,pn-11-5-119,,PROCEDURAL_CATEGORY,,https://www.senate.gov/legislative/LIS/roll_call_votes/vote1191/vote_119_1_00028.xml,
s-119-1-29,2025-02-03,PROCEDURAL,pn-11-22-119,,PROCEDURAL_CATEGORY,,https://www.senate.gov/legislative/LIS/roll_call_votes/vote1191/vote_119_1_00029.xml,
s-119-1-30,2025-02-03,NOMINATION,pn-11-15-119,,PROCEDURAL_CATEGORY,,https://www.senate.gov/legislative/LIS/roll_call_votes/vote1191/vote_119_1_00030.xml,
s-119-1-31,2025-02-03,CLOTURE,pn-11-2-119,,PROCEDURAL_CATEGORY,,https://www.senate.gov/legislative/LIS/roll_call_votes/vote1191/vote_119_1_00031.xml,
h-119-1-28,2025-02-04,SUSPENSION,hr-43-119,,PROCEDURAL_CATEGORY,,https://clerk.house.gov/evs/2025/roll028.xml,
h-119-1-29,2025-02-04,SUSPENSION,hr-776-119,,PROCEDURAL_CATEGORY,,https://clerk.house.gov/evs/2025/roll029.xml,
s-119-1-32,2025-02-04,NOMINATION,pn-11-5-119,,PROCEDURAL_CATEGORY,,https://www.senate.gov/legislative/LIS/roll_call_votes/vote1191/vote_119_1_00032.xml,
s-119-1-33,2025-02-04,NOMINATION,pn-11-2-119,,PROCEDURAL_CATEGORY,,https://www.senate.gov/legislative/LIS/roll_call_votes/vote1191/vote_119_1_00033.xml,
s-119-1-34,2025-02-04,CLOTURE,pn-11-14-119,,PROCEDURAL_CATEGORY,,https://www.senate.gov/legislative/LIS/roll_call_votes/vote1191/vote_119_1_00034.xml,
h-119-1-30,2025-02-05,PROCEDURAL,hres-93-119,,PROCEDURAL_CATEGORY,Republican,https://clerk.house.gov/evs/2025/roll030.xml,
h-119-1-31,2025-02-05,PASSAGE,hres-93-119,,RULE_RESOLUTION,Republican,https://clerk.house.gov/evs/2025/roll031.xml,
s-119-1-35,2025-02-05,NOMINATION,pn-11-14-119,,PROCEDURAL_CATEGORY,,https://www.senate.gov/legislative/LIS/roll_call_votes/vote1191/vote_119_1_00035.xml,
s-119-1-36,2025-02-05,CLOTURE,pn-11-22-119,,PROCEDURAL_CATEGORY,,https://www.senate.gov/legislative/LIS/roll_call_votes/vote1191/vote_119_1_00036.xml,
h-119-1-32,2025-02-06,AMENDMENT,hr-27-119,,NO_IMPACT_TAG,Republican,https://clerk.house.gov/evs/2025/roll032.xml,
h-119-1-33,2025-02-06,PASSAGE,hr-27-119,,NO_IMPACT_TAG,Republican,https://clerk.house.gov/evs/2025/roll033.xml,
s-119-1-37,2025-02-06,NOMINATION,pn-11-22-119,,PROCEDURAL_CATEGORY,,https://www.senate.gov/legislative/LIS/roll_call_votes/vote1191/vote_119_1_00037.xml,
s-119-1-38,2025-02-06,PROCEDURAL,pn-11-22-119,,PROCEDURAL_CATEGORY,,https://www.senate.gov/legislative/LIS/roll_call_votes/vote1191/vote_119_1_00038.xml,
s-119-1-39,2025-02-06,PROCEDURAL,pn-11-22-119,,PROCEDURAL_CATEGORY,,https://www.senate.gov/legislative/LIS/roll_call_votes/vote1191/vote_119_1_00039.xml,
s-119-1-40,2025-02-06,PROCEDURAL,pn-11-16-119,,PROCEDURAL_CATEGORY,,https://www.senate.gov/legislative/LIS/roll_call_votes/vote1191/vote_119_1_00040.xml,
s-119-1-41,2025-02-06,PROCEDURAL,pn-11-16-119,,PROCEDURAL_CATEGORY,,https://www.senate.gov/legislative/LIS/roll_call_votes/vote1191/vote_119_1_00041.xml,
s-119-1-42,2025-02-06,PROCEDURAL,pn-11-8-119,,PROCEDURAL_CATEGORY,,https://www.senate.gov/legislative/LIS/roll_call_votes/vote1191/vote_119_1_00042.xml,
s-119-1-43,2025-02-06,PROCEDURAL,pn-11-8-119,,PROCEDURAL_CATEGORY,,https://www.senate.gov/legislative/LIS/roll_call_votes/vote1191/vote_119_1_00043.xml,
s-119-1-44,2025-02-06,PROCEDURAL,pn-11-9-119,,PROCEDURAL_CATEGORY,,https://www.senate.gov/legislative/LIS/roll_call_votes/vote1191/vote_119_1_00044.xml,
s-119-1-45,2025-02-06,PROCEDURAL,pn-11-9-119,,PROCEDURAL_CATEGORY,,https://www.senate.gov/legislative/LIS/roll_call_votes/vote1191/vote_119_1_00045.xml,
s-119-1-46,2025-02-06,PROCEDURAL,pn-11-12-119,,PROCEDURAL_CATEGORY,,https://www.senate.gov/legislative/LIS/roll_call_votes/vote1191/vote_119_1_00046.xml,
s-119-1-47,2025-02-06,PROCEDURAL,pn-11-12-119,,PROCEDURAL_CATEGORY,,https://www.senate.gov/legislative/LIS/roll_call_votes/vote1191/vote_119_1_00047.xml,
s-119-1-48,2025-02-06,PROCEDURAL,pn-11-18-119,ACCESS_TO_CAPITAL,PROCEDURAL_CATEGORY,,https://www.senate.gov/legislative/LIS/roll_call_votes/vote1191/vote_119_1_00048.xml,
h-119-1-34,2025-02-07,MOTION_TO_RECOMMIT,hr-26-119,INPUT_COSTS,PROCEDURAL_CATEGORY,,https://clerk.house.gov/evs/2025/roll034.xml,
h-119-1-35,2025-02-07,PASSAGE,hr-26-119,INPUT_COSTS,UNADJUDICATED_DIRECTION,,https://clerk.house.gov/evs/2025/roll035.xml,
h-119-1-36,2025-02-10,SUSPENSION,hr-692-119,,PROCEDURAL_CATEGORY,,https://clerk.house.gov/evs/2025/roll036.xml,
h-119-1-37,2025-02-10,SUSPENSION,hr-736-119,REGULATORY_BURDEN,PROCEDURAL_CATEGORY,,https://clerk.house.gov/evs/2025/roll037.xml,
s-119-1-49,2025-02-10,CLOTURE,pn-11-16-119,,PROCEDURAL_CATEGORY,,https://www.senate.gov/legislative/LIS/roll_call_votes/vote1191/vote_119_1_00049.xml,
h-119-1-38,2025-02-11,PROCEDURAL,hres-122-119,,PROCEDURAL_CATEGORY,,https://clerk.house.gov/evs/2025/roll038.xml,
h-119-1-39,2025-02-11,PASSAGE,hres-122-119,,RULE_RESOLUTION,,https://clerk.house.gov/evs/2025/roll039.xml,
h-119-1-40,2025-02-12,MOTION_TO_RECOMMIT,hr-77-119,,PROCEDURAL_CATEGORY,,https://clerk.house.gov/evs/2025/roll040.xml,
h-119-1-41,2025-02-12,PASSAGE,hr-77-119,,NO_IMPACT_TAG,,https://clerk.house.gov/evs/2025/roll041.xml,
s-119-1-50,2025-02-12,NOMINATION,pn-11-16-119,,PROCEDURAL_CATEGORY,,https://www.senate.gov/legislative/LIS/roll_call_votes/vote1191/vote_119_1_00050.xml,
s-119-1-51,2025-02-12,CLOTURE,pn-11-8-119,,PROCEDURAL_CATEGORY,,https://www.senate.gov/legislative/LIS/roll_call_votes/vote1191/vote_119_1_00051.xml,
h-119-1-42,2025-02-13,PASSAGE,hr-35-119,,NO_IMPACT_TAG,,https://clerk.house.gov/evs/2025/roll042.xml,
s-119-1-52,2025-02-13,NOMINATION,pn-11-8-119,,PROCEDURAL_CATEGORY,,https://www.senate.gov/legislative/LIS/roll_call_votes/vote1191/vote_119_1_00052.xml,
s-119-1-53,2025-02-13,NOMINATION,pn-11-12-119,,PROCEDURAL_CATEGORY,,https://www.senate.gov/legislative/LIS/roll_call_votes/vote1191/vote_119_1_00053.xml,
s-119-1-54,2025-02-13,CLOTURE,pn-11-9-119,,PROCEDURAL_CATEGORY,,https://www.senate.gov/legislative/LIS/roll_call_votes/vote1191/vote_119_1_00054.xml,
s-119-1-55,2025-02-13,CLOTURE,pn-11-18-119,,PROCEDURAL_CATEGORY,,https://www.senate.gov/legislative/LIS/roll_call_votes/vote1191/vote_119_1_00055.xml,
s-119-1-56,2025-02-18,PROCEDURAL,pn-12-35-119,,PROCEDURAL_CATEGORY,,https://www.senate.gov/legislative/LIS/roll_call_votes/vote1191/vote_119_1_00056.xml,
s-119-1-57,2025-02-18,NOMINATION,pn-11-9-119,,PROCEDURAL_CATEGORY,,https://www.senate.gov/legislative/LIS/roll_call_votes/vote1191/vote_119_1_00057.xml,
s-119-1-58,2025-02-18,PROCEDURAL,sconres-7-119,,PROCEDURAL_CATEGORY,,https://www.senate.gov/legislative/LIS/roll_call_votes/vote1191/vote_119_1_00058.xml,
s-119-1-59,2025-02-19,NOMINATION,pn-11-18-119,,PROCEDURAL_CATEGORY,,https://www.senate.gov/legislative/LIS/roll_call_votes/vote1191/vote_119_1_00059.xml,
s-119-1-60,2025-02-20,CLOTURE,pn-12-35-119,,PROCEDURAL_CATEGORY,,https://www.senate.gov/legislative/LIS/roll_call_votes/vote1191/vote_119_1_00060.xml,
s-119-1-61,2025-02-20,NOMINATION,pn-12-35-119,,PROCEDURAL_CATEGORY,,https://www.senate.gov/legislative/LIS/roll_call_votes/vote1191/vote_119_1_00061.xml,
s-119-1-62,2025-02-20,PROCEDURAL,,,PROCEDURAL_CATEGORY,,https://www.senate.gov/legislative/LIS/roll_call_votes/vote1191/vote_119_1_00062.xml,
s-119-1-63,2025-02-20,PROCEDURAL,,,PROCEDURAL_CATEGORY,,https://www.senate.gov/legislative/LIS/roll_call_votes/vote1191/vote_119_1_00063.xml,
s-119-1-64,2025-02-20,AMENDMENT,,,NO_IMPACT_TAG,,https://www.senate.gov/legislative/LIS/roll_call_votes/vote1191/vote_119_1_00064.xml,
s-119-1-65,2025-02-20,PROCEDURAL,,,PROCEDURAL_CATEGORY,,https://www.senate.gov/legislative/LIS/roll_call_votes/vote1191/vote_119_1_00065.xml,
s-119-1-66,2025-02-20,AMENDMENT,,,NO_IMPACT_TAG,,https://www.senate.gov/legislative/LIS/roll_call_votes/vote1191/vote_119_1_00066.xml,
s-119-1-67,2025-02-20,PROCEDURAL,,,PROCEDURAL_CATEGORY,,https://www.senate.gov/legislative/LIS/roll_call_votes/vote1191/vote_119_1_00067.xml,
s-119-1-68,2025-02-20,AMENDMENT,,,NO_IMPACT_TAG,,https://www.senate.gov/legislative/LIS/roll_call_votes/vote1191/vote_119_1_00068.xml,
s-119-1-69,2025-02-20,AMENDMENT,,,NO_IMPACT_TAG,,https://www.senate.gov/legislative/LIS/roll_call_votes/vote1191/vote_119_1_00069.xml,
s-119-1-70,2025-02-20,AMENDMENT,,,NO_IMPACT_TAG,,https://www.senate.gov/legislative/LIS/roll_call_votes/vote1191/vote_119_1_00070.xml,
s-119-1-71,2025-02-20,PROCEDURAL,,,PROCEDURAL_CATEGORY,,https://www.senate.gov/legislative/LIS/roll_call_votes/vote1191/vote_119_1_00071.xml,
s-119-1-72,2025-02-20,AMENDMENT,,,NO_IMPACT_TAG,,https://www.senate.gov/legislative/LIS/roll_call_votes/vote1191/vote_119_1_00072.xml,
s-119-1-73,2025-02-20,PROCEDURAL,,,PROCEDURAL_CATEGORY,,https://www.senate.gov/legislative/LIS/roll_call_votes/vote1191/vote_119_1_00073.xml,
s-119-1-74,2025-02-20,PROCEDURAL,,,PROCEDURAL_CATEGORY,,https://www.senate.gov/legislative/LIS/roll_call_votes/vote1191/vote_119_1_00074.xml,
s-119-1-75,2025-02-21,PROCEDURAL,,,PROCEDURAL_CATEGORY,,https://www.senate.gov/legislative/LIS/roll_call_votes/vote1191/vote_119_1_00075.xml,
s-119-1-76,2025-02-21,AMENDMENT,,,NO_IMPACT_TAG,,https://www.senate.gov/legislative/LIS/roll_call_votes/vote1191/vote_119_1_00076.xml,
s-119-1-77,2025-02-21,AMENDMENT,,,NO_IMPACT_TAG,,https://www.senate.gov/legislative/LIS/roll_call_votes/vote1191/vote_119_1_00077.xml,
s-119-1-78,2025-02-21,AMENDMENT,,,NO_IMPACT_TAG,,https://www.senate.gov/legislative/LIS/roll_call_votes/vote1191/vote_119_1_00078.xml,
s-119-1-79,2025-02-21,PROCEDURAL,,,PROCEDURAL_CATEGORY,,https://www.senate.gov/legislative/LIS/roll_call_votes/vote1191/vote_119_1_00079.xml,
s-119-1-80,2025-02-21,AMENDMENT,,,NO_IMPACT_TAG,,https://www.senate.gov/legislative/LIS/roll_call_votes/vote1191/vote_119_1_00080.xml,
s-119-1-81,2025-02-21,AMENDMENT,,,NO_IMPACT_TAG,,https://www.senate.gov/legislative/LIS/roll_call_votes/vote1191/vote_119_1_00081.xml,
s-119-1-82,2025-02-21,AMENDMENT,,,NO_IMPACT_TAG,,https://www.senate.gov/legislative/LIS/roll_call_votes/vote1191/vote_119_1_00082.xml,
s-119-1-83,2025-02-21,AMENDMENT,,,NO_IMPACT_TAG,,https://www.senate.gov/legislative/LIS/roll_call_votes/vote1191/vote_119_1_00083.xml,
s-119-1-84,2025-02-21,AMENDMENT,,,NO_IMPACT_TAG,,https://www.senate.gov/legislative/LIS/roll_call_votes/vote1191/vote_119_1_00084.xml,
s-119-1-85,2025-02-21,AMENDMENT,,,NO_IMPACT_TAG,,https://www.senate.gov/legislative/LIS/roll_call_votes/vote1191/vote_119_1_00085.xml,
s-119-1-86,2025-02-21,AMENDMENT,,,NO_IMPACT_TAG,,https://www.senate.gov/legislative/LIS/roll_call_votes/vote1191/vote_119_1_00086.xml,
s-119-1-87,2025-02-21,PROCEDURAL,sconres-7-119,,PROCEDURAL_CATEGORY,,https://www.senate.gov/legislative/LIS/roll_call_votes/vote1191/vote_119_1_00087.xml,
h-119-1-43,2025-02-24,SUSPENSION,hr-825-119,,PROCEDURAL_CATEGORY,,https://clerk.house.gov/evs/2025/roll043.xml,
h-119-1-44,2025-02-24,SUSPENSION,hr-832-119,,PROCEDURAL_CATEGORY,,https://clerk.house.gov/evs/2025/roll044.xml,
h-119-1-45,2025-02-24,SUSPENSION,hr-818-119,,PROCEDURAL_CATEGORY,,https://clerk.house.gov/evs/2025/roll045.xml,
s-119-1-88,2025-02-24,CLOTURE,pn-12-12-119,,PROCEDURAL_CATEGORY,,https://www.senate.gov/legislative/LIS/roll_call_votes/vote1191/vote_119_1_00088.xml,
s-119-1-89,2025-02-24,CLOTURE,pn-11-17-119,,PROCEDURAL_CATEGORY,,https://www.senate.gov/legislative/LIS/roll_call_votes/vote1191/vote_119_1_00089.xml,
h-119-1-46,2025-02-25,PROCEDURAL,hres-161-119,,PROCEDURAL_CATEGORY,,https://clerk.house.gov/evs/2025/roll046.xml,
h-119-1-47,2025-02-25,PASSAGE,hres-161-119,,RULE_RESOLUTION,,https://clerk.house.gov/evs/2025/roll047.xml,
h-119-1-48,2025-02-25,SUSPENSION,hr-788-119,ACCESS_TO_CAPITAL,PROCEDURAL_CATEGORY,,https://clerk.house.gov/evs/2025/roll048.xml,
h-119-1-49,2025-02-25,SUSPENSION,hr-804-119,,PROCEDURAL_CATEGORY,,https://clerk.house.gov/evs/2025/roll049.xml,
h-119-1-50,2025-02-25,PASSAGE,hconres-14-119,,NO_IMPACT_TAG,,https://clerk.house.gov/evs/2025/roll050.xml,
s-119-1-90,2025-02-25,NOMINATION,pn-12-12-119,,PROCEDURAL_CATEGORY,,https://www.senate.gov/legislative/LIS/roll_call_votes/vote1191/vote_119_1_00090.xml,
s-119-1-91,2025-02-25,PROCEDURAL,sjres-11-119,,PROCEDURAL_CATEGORY,,https://www.senate.gov/legislative/LIS/roll_call_votes/vote1191/vote_119_1_00091.xml,
s-119-1-92,2025-02-25,PROCEDURAL,sjres-11-119,,PROCEDURAL_CATEGORY,,https://www.senate.gov/legislative/LIS/roll_call_votes/vote1191/vote_119_1_00092.xml,
s-119-1-93,2025-02-25,PROCEDURAL,pn-11-10-119,,PROCEDURAL_CATEGORY,,https://www.senate.gov/legislative/LIS/roll_call_votes/vote1191/vote_119_1_00093.xml,
h-119-1-51,2025-02-26,SUSPENSION,hr-695-119,,PROCEDURAL_CATEGORY,,https://clerk.house.gov/evs/2025/roll051.xml,
s-119-1-94,2025-02-26,NOMINATION,pn-11-17-119,,PROCEDURAL_CATEGORY,,https://www.senate.gov/legislative/LIS/roll_call_votes/vote1191/vote_119_1_00094.xml,
s-119-1-95,2025-02-26,PROCEDURAL,sjres-10-119,,PROCEDURAL_CATEGORY,Democrat,https://www.senate.gov/legislative/LIS/roll_call_votes/vote1191/vote_119_1_00095.xml,
s-119-1-96,2025-02-26,PROCEDURAL,sjres-12-119,INPUT_COSTS,PROCEDURAL_CATEGORY,,https://www.senate.gov/legislative/LIS/roll_call_votes/vote1191/vote_119_1_00096.xml,
s-119-1-96,2025-02-26,PROCEDURAL,sjres-12-119,REGULATORY_BURDEN,PROCEDURAL_CATEGORY,,https://www.senate.gov/legislative/LIS/roll_call_votes/vote1191/vote_119_1_00096.xml,
h-119-1-53,2025-02-27,PASSAGE,hjres-20-119,INPUT_COSTS,UNADJUDICATED_DIRECTION,,https://clerk.house.gov/evs/2025/roll053.xml,
s-119-1-97,2025-02-27,PROCEDURAL,hjres-35-119,INPUT_COSTS,PROCEDURAL_CATEGORY,,https://www.senate.gov/legislative/LIS/roll_call_votes/vote1191/vote_119_1_00097.xml,
s-119-1-97,2025-02-27,PROCEDURAL,hjres-35-119,REGULATORY_BURDEN,PROCEDURAL_CATEGORY,,https://www.senate.gov/legislative/LIS/roll_call_votes/vote1191/vote_119_1_00097.xml,
s-119-1-98,2025-02-27,CLOTURE,pn-11-10-119,,PROCEDURAL_CATEGORY,,https://www.senate.gov/legislative/LIS/roll_call_votes/vote1191/vote_119_1_00098.xml,
h-119-1-54,2025-03-03,SUSPENSION,hr-856-119,,PROCEDURAL_CATEGORY,,https://clerk.house.gov/evs/2025/roll054.xml,
h-119-1-55,2025-03-03,SUSPENSION,hr-758-119,,PROCEDURAL_CATEGORY,,https://clerk.house.gov/evs/2025/roll055.xml,
s-119-1-100,2025-03-03,CLOTURE,s-9-119,,PROCEDURAL_CATEGORY,,https://www.senate.gov/legislative/LIS/roll_call_votes/vote1191/vote_119_1_00100.xml,
s-119-1-99,2025-03-03,NOMINATION,pn-11-10-119,,PROCEDURAL_CATEGORY,,https://www.senate.gov/legislative/LIS/roll_call_votes/vote1191/vote_119_1_00099.xml,
h-119-1-56,2025-03-04,PROCEDURAL,hres-177-119,,PROCEDURAL_CATEGORY,,https://clerk.house.gov/evs/2025/roll056.xml,
h-119-1-57,2025-03-04,PASSAGE,hres-177-119,,RULE_RESOLUTION,,https://clerk.house.gov/evs/2025/roll057.xml,
s-119-1-101,2025-03-04,PROCEDURAL,sjres-3-119,TAX_BURDEN,PROCEDURAL_CATEGORY,,https://www.senate.gov/legislative/LIS/roll_call_votes/vote1191/vote_119_1_00101.xml,
s-119-1-102,2025-03-04,PROCEDURAL,sjres-3-119,TAX_BURDEN,PROCEDURAL_CATEGORY,,https://www.senate.gov/legislative/LIS/roll_call_votes/vote1191/vote_119_1_00102.xml,
s-119-1-103,2025-03-04,PROCEDURAL,sjres-28-119,,PROCEDURAL_CATEGORY,,https://www.senate.gov/legislative/LIS/roll_call_votes/vote1191/vote_119_1_00103.xml,
h-119-1-59,2025-03-05,PASSAGE,hjres-42-119,INPUT_COSTS,UNADJUDICATED_DIRECTION,,https://clerk.house.gov/evs/2025/roll059.xml,
h-119-1-60,2025-03-05,PROCEDURAL,hres-189-119,,PROCEDURAL_CATEGORY,,https://clerk.house.gov/evs/2025/roll060.xml,
s-119-1-104,2025-03-05,CLOTURE,pn-12-5-119,,PROCEDURAL_CATEGORY,,https://www.senate.gov/legislative/LIS/roll_call_votes/vote1191/vote_119_1_00104.xml,
s-119-1-105,2025-03-05,NOMINATION,pn-12-5-119,,PROCEDURAL_CATEGORY,,https://www.senate.gov/legislative/LIS/roll_call_votes/vote1191/vote_119_1_00105.xml,
s-119-1-106,2025-03-05,PROCEDURAL,sjres-28-119,,PROCEDURAL_CATEGORY,,https://www.senate.gov/legislative/LIS/roll_call_votes/vote1191/vote_119_1_00106.xml,
h-119-1-61,2025-03-06,PASSAGE,sjres-11-119,,NO_IMPACT_TAG,,https://clerk.house.gov/evs/2025/roll061.xml,
h-119-1-62,2025-03-06,PASSAGE,hres-189-119,,NO_IMPACT_TAG,,https://clerk.house.gov/evs/2025/roll062.xml,
s-119-1-107,2025-03-06,CLOTURE,pn-12-14-119,,PROCEDURAL_CATEGORY,,https://www.senate.gov/legislative/LIS/roll_call_votes/vote1191/vote_119_1_00107.xml,
s-119-1-108,2025-03-06,NOMINATION,pn-12-14-119,,PROCEDURAL_CATEGORY,,https://www.senate.gov/legislative/LIS/roll_call_votes/vote1191/vote_119_1_00108.xml,
s-119-1-109,2025-03-06,CLOTURE,pn-11-4-119,,PROCEDURAL_CATEGORY,,https://www.senate.gov/legislative/LIS/roll_call_votes/vote1191/vote_119_1_00109.xml,
s-119-1-110,2025-03-06,CLOTURE,s-331-119,,PROCEDURAL_CATEGORY,,https://www.senate.gov/legislative/LIS/roll_call_votes/vote1191/vote_119_1_00110.xml,
h-119-1-63,2025-03-10,SUSPENSION,hr-495-119,,PROCEDURAL_CATEGORY,,https://clerk.house.gov/evs/2025/roll063.xml,
h-119-1-64,2025-03-10,SUSPENSION,hr-901-119,,PROCEDURAL_CATEGORY,,https://clerk.house.gov/evs/2025/roll064.xml,
h-119-1-65,2025-03-10,SUSPENSION,hr-993-119,,PROCEDURAL_CATEGORY,,https://clerk.house.gov/evs/2025/roll065.xml,
s-119-1-111,2025-03-10,NOMINATION,pn-11-4-119,,PROCEDURAL_CATEGORY,,https://www.senate.gov/legislative/LIS/roll_call_votes/vote1191/vote_119_1_00111.xml,
h-119-1-66,2025-03-11,PROCEDURAL,hres-211-119,,PROCEDURAL_CATEGORY,,https://clerk.house.gov/evs/2025/roll066.xml,
h-119-1-67,2025-03-11,PASSAGE,hres-211-119,,RULE_RESOLUTION,,https://clerk.house.gov/evs/2025/roll067.xml,
h-119-1-68,2025-03-11,PASSAGE,hr-1156-119,WORKFORCE,UNADJUDICATED_DIRECTION,,https://clerk.house.gov/evs/2025/roll068.xml,
h-119-1-69,2025-03-11,MOTION_TO_RECOMMIT,hr-1968-119,,PROCEDURAL_CATEGORY,,https://clerk.house.gov/evs/2025/roll069.xml,
h-119-1-70,2025-03-11,PASSAGE,hr-1968-119,,NO_IMPACT_TAG,,https://clerk.house.gov/evs/2025/roll070.xml,
s-119-1-112,2025-03-11,CLOTURE,pn-13-2-119,,PROCEDURAL_CATEGORY,,https://www.senate.gov/legislative/LIS/roll_call_votes/vote1191/vote_119_1_00112.xml,
s-119-1-113,2025-03-11,NOMINATION,pn-13-2-119,,PROCEDURAL_CATEGORY,,https://www.senate.gov/legislative/LIS/roll_call_votes/vote1191/vote_119_1_00113.xml,
s-119-1-114,2025-03-11,CLOTURE,pn-12-41-119,,PROCEDURAL_CATEGORY,,https://www.senate.gov/legislative/LIS/roll_call_votes/vote1191/vote_119_1_00114.xml,
s-119-1-115,2025-03-11,NOMINATION,pn-12-41-119,,PROCEDURAL_CATEGORY,,https://www.senate.gov/legislative/LIS/roll_call_votes/vote1191/vote_119_1_00115.xml,
s-119-1-116,2025-03-12,CLOTURE,pn-19-119,,PROCEDURAL_CATEGORY,,https://www.senate.gov/legislative/LIS/roll_call_votes/vote1191/vote_119_1_00116.xml,
s-119-1-117,2025-03-12,NOMINATION,pn-19-119,,PROCEDURAL_CATEGORY,,https://www.senate.gov/legislative/LIS/roll_call_votes/vote1191/vote_119_1_00117.xml,
s-119-1-118,2025-03-12,CLOTURE,pn-12-42-119,,PROCEDURAL_CATEGORY,,https://www.senate.gov/legislative/LIS/roll_call_votes/vote1191/vote_119_1_00118.xml,
s-119-1-119,2025-03-12,NOMINATION,pn-12-42-119,,PROCEDURAL_CATEGORY,,https://www.senate.gov/legislative/LIS/roll_call_votes/vote1191/vote_119_1_00119.xml,
s-119-1-120,2025-03-13,CLOTURE,pn-13-12-119,,PROCEDURAL_CATEGORY,,https://www.senate.gov/legislative/LIS/roll_call_votes/vote1191/vote_119_1_00120.xml,
s-119-1-121,2025-03-13,NOMINATION,pn-13-12-119,,PROCEDURAL_CATEGORY,,https://www.senate.gov/legislative/LIS/roll_call_votes/vote1191/vote_119_1_00121.xml,
s-119-1-122,2025-03-13,CLOTURE,pn-22-12-119,,PROCEDURAL_CATEGORY,,https://www.senate.gov/legislative/LIS/roll_call_votes/vote1191/vote_119_1_00122.xml,
s-119-1-123,2025-03-13,NOMINATION,pn-22-12-119,,PROCEDURAL_CATEGORY,,https://www.senate.gov/legislative/LIS/roll_call_votes/vote1191/vote_119_1_00123.xml,
s-119-1-124,2025-03-13,CLOTURE,s-331-119,,PROCEDURAL_CATEGORY,,https://www.senate.gov/legislative/LIS/roll_call_votes/vote1191/vote_119_1_00124.xml,
s-119-1-125,2025-03-14,CLOTURE,pn-12-16-119,,PROCEDURAL_CATEGORY,,https://www.senate.gov/legislative/LIS/roll_call_votes/vote1191/vote_119_1_00125.xml,
s-119-1-126,2025-03-14,NOMINATION,pn-12-16-119,,PROCEDURAL_CATEGORY,,https://www.senate.gov/legislative/LIS/roll_call_votes/vote1191/vote_119_1_00126.xml,
s-119-1-127,2025-03-14,PASSAGE,s-331-119,,NO_IMPACT_TAG,,https://www.senate.gov/legislative/LIS/roll_call_votes/vote1191/vote_119_1_00127.xml,
s-119-1-128,2025-03-14,CLOTURE,hr-1968-119,,PROCEDURAL_CATEGORY,,https://www.senate.gov/legislative/LIS/roll_call_votes/vote1191/vote_119_1_00128.xml,
s-119-1-129,2025-03-14,AMENDMENT,,,NO_IMPACT_TAG,,https://www.senate.gov/legislative/LIS/roll_call_votes/vote1191/vote_119_1_00129.xml,
s-119-1-130,2025-03-14,AMENDMENT,,,NO_IMPACT_TAG,,https://www.senate.gov/legislative/LIS/roll_call_votes/vote1191/vote_119_1_00130.xml,
s-119-1-131,2025-03-14,AMENDMENT,,,NO_IMPACT_TAG,,https://www.senate.gov/legislative/LIS/roll_call_votes/vote1191/vote_119_1_00131.xml,
s-119-1-132,2025-03-14,AMENDMENT,,,NO_IMPACT_TAG,,https://www.senate.gov/legislative/LIS/roll_call_votes/vote1191/vote_119_1_00132.xml,
s-119-1-133,2025-03-14,PASSAGE,hr-1968-119,,NO_IMPACT_TAG,,https://www.senate.gov/legislative/LIS/roll_call_votes/vote1191/vote_119_1_00133.xml,
s-119-1-134,2025-03-14,CLOTURE,pn-12-36-119,,PROCEDURAL_CATEGORY,,https://www.senate.gov/legislative/LIS/roll_call_votes/vote1191/vote_119_1_00134.xml,
s-119-1-135,2025-03-14,CLOTURE,pn-12-25-119,,PROCEDURAL_CATEGORY,,https://www.senate.gov/legislative/LIS/roll_call_votes/vote1191/vote_119_1_00135.xml,
h-119-1-72,2025-03-24,SUSPENSION,hr-359-119,INPUT_COSTS,PROCEDURAL_CATEGORY,,https://clerk.house.gov/evs/2025/roll072.xml,
h-119-1-73,2025-03-24,SUSPENSION,hr-1326-119,,PROCEDURAL_CATEGORY,,https://clerk.house.gov/evs/2025/roll073.xml,
s-119-1-136,2025-03-24,NOMINATION,pn-12-36-119,,PROCEDURAL_CATEGORY,,https://www.senate.gov/legislative/LIS/roll_call_votes/vote1191/vote_119_1_00136.xml,
s-119-1-137,2025-03-24,NOMINATION,pn-12-25-119,,PROCEDURAL_CATEGORY,,https://www.senate.gov/legislative/LIS/roll_call_votes/vote1191/vote_119_1_00137.xml,
h-119-1-74,2025-03-25,SUSPENSION,hr-1534-119,,PROCEDURAL_CATEGORY,,https://clerk.house.gov/evs/2025/roll074.xml,
h-119-1-75,2025-03-25,PROCEDURAL,hres-242-119,,PROCEDURAL_CATEGORY,,https://clerk.house.gov/evs/2025/roll075.xml,
h-119-1-76,2025-03-25,PASSAGE,hres-242-119,,RULE_RESOLUTION,,https://clerk.house.gov/evs/2025/roll076.xml,
s-119-1-138,2025-03-25,CLOTURE,pn-13-8-119,,PROCEDURAL_CATEGORY,,https://www.senate.gov/legislative/LIS/roll_call_votes/vote1191/vote_119_1_00138.xml,
s-119-1-139,2025-03-25,NOMINATION,pn-13-8-119,,PROCEDURAL_CATEGORY,,https://www.senate.gov/legislative/LIS/roll_call_votes/vote1191/vote_119_1_00139.xml,
s-119-1-140,2025-03-25,CLOTURE,pn-12-2-119,,PROCEDURAL_CATEGORY,,https://www.senate.gov/legislative/LIS/roll_call_votes/vote1191/vote_119_1_00140.xml,
s-119-1-141,2025-03-25,NOMINATION,pn-12-2-119,,PROCEDURAL_CATEGORY,,https://www.senate.gov/legislative/LIS/roll_call_votes/vote1191/vote_119_1_00141.xml,
s-119-1-142,2025-03-25,CLOTURE,pn-12-28-119,,PROCEDURAL_CATEGORY,,https://www.senate.gov/legislative/LIS/roll_call_votes/vote1191/vote_119_1_00142.xml,
s-119-1-143,2025-03-25,NOMINATION,pn-12-28-119,,PROCEDURAL_CATEGORY,,https://www.senate.gov/legislative/LIS/roll_call_votes/vote1191/vote_119_1_00143.xml,
s-119-1-144,2025-03-25,CLOTURE,pn-12-3-119,,PROCEDURAL_CATEGORY,,https://www.senate.gov/legislative/LIS/roll_call_votes/vote1191/vote_119_1_00144.xml,
s-119-1-145,2025-03-26,NOMINATION,pn-12-3-119,,PROCEDURAL_CATEGORY,,https://www.senate.gov/legislative/LIS/roll_call_votes/vote1191/vote_119_1_00145.xml,
s-119-1-146,2025-03-26,CLOTURE,pn-12-37-119,,PROCEDURAL_CATEGORY,,https://www.senate.gov/legislative/LIS/roll_call_votes/vote1191/vote_119_1_00146.xml,
s-119-1-147,2025-03-26,NOMINATION,pn-12-37-119,,PROCEDURAL_CATEGORY,,https://www.senate.gov/legislative/LIS/roll_call_votes/vote1191/vote_119_1_00147.xml,
s-119-1-148,2025-03-26,CLOTURE,pn-12-15-119,,PROCEDURAL_CATEGORY,,https://www.senate.gov/legislative/LIS/roll_call_votes/vote1191/vote_119_1_00148.xml,
s-119-1-149,2025-03-26,NOMINATION,pn-12-15-119,,PROCEDURAL_CATEGORY,,https://www.senate.gov/legislative/LIS/roll_call_votes/vote1191/vote_119_1_00149.xml,
s-119-1-150,2025-03-26,PROCEDURAL,hjres-25-119,TAX_BURDEN,PROCEDURAL_CATEGORY,,https://www.senate.gov/legislative/LIS/roll_call_votes/vote1191/vote_119_1_00150.xml,
s-119-1-151,2025-03-26,PROCEDURAL,hjres-25-119,TAX_BURDEN,PROCEDURAL_CATEGORY,,https://www.senate.gov/legislative/LIS/roll_call_votes/vote1191/vote_119_1_00151.xml,
s-119-1-152,2025-03-26,PROCEDURAL,sjres-18-119,ACCESS_TO_CAPITAL,PROCEDURAL_CATEGORY,,https://www.senate.gov/legislative/LIS/roll_call_votes/vote1191/vote_119_1_00152.xml,
h-119-1-77,2025-03-27,PASSAGE,hjres-24-119,INPUT_COSTS,UNADJUDICATED_DIRECTION,,https://clerk.house.gov/evs/2025/roll077.xml,
h-119-1-78,2025-03-27,PASSAGE,hjres-75-119,INPUT_COSTS,UNADJUDICATED_DIRECTION,,https://clerk.house.gov/evs/2025/roll078.xml,
h-119-1-79,2025-03-27,AMENDMENT,hr-1048-119,,NO_IMPACT_TAG,,https://clerk.house.gov/evs/2025/roll079.xml,
h-119-1-80,2025-03-27,AMENDMENT,hr-1048-119,,NO_IMPACT_TAG,,https://clerk.house.gov/evs/2025/roll080.xml,
h-119-1-81,2025-03-27,AMENDMENT,hr-1048-119,,NO_IMPACT_TAG,,https://clerk.house.gov/evs/2025/roll081.xml,
h-119-1-82,2025-03-27,AMENDMENT,hr-1048-119,,NO_IMPACT_TAG,,https://clerk.house.gov/evs/2025/roll082.xml,
h-119-1-83,2025-03-27,PASSAGE,hr-1048-119,,NO_IMPACT_TAG,,https://clerk.house.gov/evs/2025/roll083.xml,
s-119-1-153,2025-03-27,PROCEDURAL,sjres-18-119,ACCESS_TO_CAPITAL,PROCEDURAL_CATEGORY,,https://www.senate.gov/legislative/LIS/roll_call_votes/vote1191/vote_119_1_00153.xml,
s-119-1-154,2025-03-27,CLOTURE,pn-13-9-119,,PROCEDURAL_CATEGORY,,https://www.senate.gov/legislative/LIS/roll_call_votes/vote1191/vote_119_1_00154.xml,
s-119-1-155,2025-03-27,NOMINATION,pn-13-9-119,,PROCEDURAL_CATEGORY,,https://www.senate.gov/legislative/LIS/roll_call_votes/vote1191/vote_119_1_00155.xml,
h-119-1-84,2025-03-31,SUSPENSION,hr-517-119,TAX_BURDEN,PROCEDURAL_CATEGORY,,https://clerk.house.gov/evs/2025/roll084.xml,
h-119-1-85,2025-03-31,SUSPENSION,hr-997-119,TAX_BURDEN,PROCEDURAL_CATEGORY,,https://clerk.house.gov/evs/2025/roll085.xml,
s-119-1-156,2025-03-31,CLOTURE,pn-25-56-119,,PROCEDURAL_CATEGORY,,https://www.senate.gov/legislative/LIS/roll_call_votes/vote1191/vote_119_1_00156.xml,
h-119-1-86,2025-04-01,PROCEDURAL,hres-282-119,,PROCEDURAL_CATEGORY,Republican,https://clerk.house.gov/evs/2025/roll086.xml,
h-119-1-87,2025-04-01,PASSAGE,hres-282-119,,RULE_RESOLUTION,Republican,https://clerk.house.gov/evs/2025/roll087.xml,
h-119-1-88,2025-04-01,SUSPENSION,hr-1491-119,TAX_BURDEN,PROCEDURAL_CATEGORY,,https://clerk.house.gov/evs/2025/roll088.xml,
s-119-1-157,2025-04-01,NOMINATION,pn-25-56-119,,PROCEDURAL_CATEGORY,,https://www.senate.gov/legislative/LIS/roll_call_votes/vote1191/vote_119_1_00157.xml,
s-119-1-158,2025-04-02,CLOTURE,pn-12-39-119,,PROCEDURAL_CATEGORY,,https://www.senate.gov/legislative/LIS/roll_call_votes/vote1191/vote_119_1_00158.xml,
s-119-1-159,2025-04-02,CLOTURE,pn-12-11-119,,PROCEDURAL_CATEGORY,,https://www.senate.gov/legislative/LIS/roll_call_votes/vote1191/vote_119_1_00159.xml,
s-119-1-160,2025-04-02,PROCEDURAL,sjres-37-119,INPUT_COSTS,PROCEDURAL_CATEGORY,Democrat,https://www.senate.gov/legislative/LIS/roll_call_votes/vote1191/vote_119_1_00160.xml,
s-119-1-161,2025-04-02,PROCEDURAL,hjres-24-119,INPUT_COSTS,PROCEDURAL_CATEGORY,,https://www.senate.gov/legislative/LIS/roll_call_votes/vote1191/vote_119_1_00161.xml,
s-119-1-162,2025-04-03,PROCEDURAL,hjres-24-119,INPUT_COSTS,PROCEDURAL_CATEGORY,,https://www.senate.gov/legislative/LIS/roll_call_votes/vote1191/vote_119_1_00162.xml,
s-119-1-163,2025-04-03,NOMINATION,pn-12-39-119,,PROCEDURAL_CATEGORY,,https://www.senate.gov/legislative/LIS/roll_call_votes/vote1191/vote_119_1_00163.xml,
s-119-1-164,2025-04-03,CLOTURE,pn-12-34-119,,PROCEDURAL_CATEGORY,,https://www.senate.gov/legislative/LIS/roll_call_votes/vote1191/vote_119_1_00164.xml,
s-119-1-165,2025-04-03,PROCEDURAL,sjres-33-119,,PROCEDURAL_CATEGORY,,https://www.senate.gov/legislative/LIS/roll_call_votes/vote1191/vote_119_1_00165.xml,
s-119-1-166,2025-04-03,PROCEDURAL,sjres-26-119,,PROCEDURAL_CATEGORY,,https://www.senate.gov/legislative/LIS/roll_call_votes/vote1191/vote_119_1_00166.xml,
s-119-1-167,2025-04-03,NOMINATION,pn-12-34-119,,PROCEDURAL_CATEGORY,,https://www.senate.gov/legislative/LIS/roll_call_votes/vote1191/vote_119_1_00167.xml,
s-119-1-168,2025-04-03,NOMINATION,pn-12-11-119,,PROCEDURAL_CATEGORY,,https://www.senate.gov/legislative/LIS/roll_call_votes/vote1191/vote_119_1_00168.xml,
s-119-1-169,2025-04-03,PROCEDURAL,hconres-14-119,,PROCEDURAL_CATEGORY,,https://www.senate.gov/legislative/LIS/roll_call_votes/vote1191/vote_119_1_00169.xml,
s-119-1-170,2025-04-04,AMENDMENT,,,NO_IMPACT_TAG,,https://www.senate.gov/legislative/LIS/roll_call_votes/vote1191/vote_119_1_00170.xml,
s-119-1-171,2025-04-04,AMENDMENT,,,NO_IMPACT_TAG,,https://www.senate.gov/legislative/LIS/roll_call_votes/vote1191/vote_119_1_00171.xml,
s-119-1-172,2025-04-04,AMENDMENT,,,NO_IMPACT_TAG,,https://www.senate.gov/legislative/LIS/roll_call_votes/vote1191/vote_119_1_00172.xml,
s-119-1-173,2025-04-04,AMENDMENT,,,NO_IMPACT_TAG,,https://www.senate.gov/legislative/LIS/roll_call_votes/vote1191/vote_119_1_00173.xml,
s-119-1-174,2025-04-04,AMENDMENT,,,NO_IMPACT_TAG,,https://www.senate.gov/legislative/LIS/roll_call_votes/vote1191/vote_119_1_00174.xml,
s-119-1-175,2025-04-04,AMENDMENT,,,NO_IMPACT_TAG,,https://www.senate.gov/legislative/LIS/roll_call_votes/vote1191/vote_119_1_00175.xml,
s-119-1-176,2025-04-04,AMENDMENT,,,NO_IMPACT_TAG,,https://www.senate.gov/legislative/LIS/roll_call_votes/vote1191/vote_119_1_00176.xml,
s-119-1-177,2025-04-04,AMENDMENT,,,NO_IMPACT_TAG,,https://www.senate.gov/legislative/LIS/roll_call_votes/vote1191/vote_119_1_00177.xml,
s-119-1-178,2025-04-04,AMENDMENT,,,NO_IMPACT_TAG,,https://www.senate.gov/legislative/LIS/roll_call_votes/vote1191/vote_119_1_00178.xml,
s-119-1-179,2025-04-04,AMENDMENT,,,NO_IMPACT_TAG,,https://www.senate.gov/legislative/LIS/roll_call_votes/vote1191/vote_119_1_00179.xml,
s-119-1-180,2025-04-04,AMENDMENT,,,NO_IMPACT_TAG,,https://www.senate.gov/legislative/LIS/roll_call_votes/vote1191/vote_119_1_00180.xml,
s-119-1-181,2025-04-05,AMENDMENT,,,NO_IMPACT_TAG,,https://www.senate.gov/legislative/LIS/roll_call_votes/vote1191/vote_119_1_00181.xml,
s-119-1-182,2025-04-05,AMENDMENT,,,NO_IMPACT_TAG,,https://www.senate.gov/legislative/LIS/roll_call_votes/vote1191/vote_119_1_00182.xml,
s-119-1-183,2025-04-05,AMENDMENT,,,NO_IMPACT_TAG,,https://www.senate.gov/legislative/LIS/roll_call_votes/vote1191/vote_119_1_00183.xml,
s-119-1-184,2025-04-05,AMENDMENT,,,NO_IMPACT_TAG,,https://www.senate.gov/legislative/LIS/roll_call_votes/vote1191/vote_119_1_00184.xml,
s-119-1-185,2025-04-05,PROCEDURAL,,,PROCEDURAL_CATEGORY,,https://www.senate.gov/legislative/LIS/roll_call_votes/vote1191/vote_119_1_00185.xml,
s-119-1-186,2025-04-05,AMENDMENT,,,NO_IMPACT_TAG,,https://www.senate.gov/legislative/LIS/roll_call_votes/vote1191/vote_119_1_00186.xml,
s-119-1-187,2025-04-05,AMENDMENT,,,NO_IMPACT_TAG,,https://www.senate.gov/legislative/LIS/roll_call_votes/vote1191/vote_119_1_00187.xml,
s-119-1-188,2025-04-05,AMENDMENT,,,NO_IMPACT_TAG,,https://www.senate.gov/legislative/LIS/roll_call_votes/vote1191/vote_119_1_00188.xml,
s-119-1-189,2025-04-05,AMENDMENT,,,NO_IMPACT_TAG,,https://www.senate.gov/legislative/LIS/roll_call_votes/vote1191/vote_119_1_00189.xml,
s-119-1-190,2025-04-05,AMENDMENT,,,NO_IMPACT_TAG,,https://www.senate.gov/legislative/LIS/roll_call_votes/vote1191/vote_119_1_00190.xml,
s-119-1-191,2025-04-05,PROCEDURAL,hconres-14-119,,PROCEDURAL_CATEGORY,,https://www.senate.gov/legislative/LIS/roll_call_votes/vote1191/vote_119_1_00191.xml,
h-119-1-89,2025-04-07,SUSPENSION,hr-586-119,,PROCEDURAL_CATEGORY,,https://clerk.house.gov/evs/2025/roll089.xml,
h-119-1-90,2025-04-07,SUSPENSION,hr-1039-119,,PROCEDURAL_CATEGORY,,https://clerk.house.gov/evs/2025/roll090.xml,
s-119-1-192,2025-04-07,CLOTURE,pn-12-9-119,,PROCEDURAL_CATEGORY,,https://www.senate.gov/legislative/LIS/roll_call_votes/vote1191/vote_119_1_00192.xml,
h-119-1-91,2025-04-08,PROCEDURAL,hres-294-119,,PROCEDURAL_CATEGORY,,https://clerk.house.gov/evs/2025/roll091.xml,
h-119-1-92,2025-04-08,PASSAGE,hres-294-119,,RULE_RESOLUTION,,https://clerk.house.gov/evs/2025/roll092.xml,
s-119-1-193,2025-04-08,NOMINATION,pn-12-9-119,,PROCEDURAL_CATEGORY,,https://www.senate.gov/legislative/LIS/roll_call_votes/vote1191/vote_119_1_00193.xml,
s-119-1-194,2025-04-08,CLOTURE,pn-25-14-119,,PROCEDURAL_CATEGORY,,https://www.senate.gov/legislative/LIS/roll_call_votes/vote1191/vote_119_1_00194.xml,
s-119-1-195,2025-04-08,NOMINATION,pn-25-14-119,,PROCEDURAL_CATEGORY,,https://www.senate.gov/legislative/LIS/roll_call_votes/vote1191/vote_119_1_00195.xml,
s-119-1-196,2025-04-08,CLOTURE,pn-25-20-119,,PROCEDURAL_CATEGORY,,https://www.senate.gov/legislative/LIS/roll_call_votes/vote1191/vote_119_1_00196.xml,
s-119-1-197,2025-04-08,CLOTURE,pn-25-18-119,,PROCEDURAL_CATEGORY,,https://www.senate.gov/legislative/LIS/roll_call_votes/vote1191/vote_119_1_00197.xml,
s-119-1-198,2025-04-08,CLOTURE,pn-25-22-119,,PROCEDURAL_CATEGORY,,https://www.senate.gov/legislative/LIS/roll_call_votes/vote1191/vote_119_1_00198.xml,
s-119-1-199,2025-04-08,CLOTURE,pn-25-6-119,,PROCEDURAL_CATEGORY,,https://www.senate.gov/legislative/LIS/roll_call_votes/vote1191/vote_119_1_00199.xml,
h-119-1-93,2025-04-09,PROCEDURAL,hres-313-119,,PROCEDURAL_CATEGORY,,https://clerk.house.gov/evs/2025/roll093.xml,
h-119-1-94,2025-04-09,PASSAGE,hres-313-119,,RULE_RESOLUTION,,https://clerk.house.gov/evs/2025/roll094.xml,
h-119-1-95,2025-04-09,PASSAGE,sjres-28-119,,NO_IMPACT_TAG,,https://clerk.house.gov/evs/2025/roll095.xml,
h-119-1-96,2025-04-09,PASSAGE,sjres-18-119,ACCESS_TO_CAPITAL,UNADJUDICATED_DIRECTION,,https://clerk.house.gov/evs/2025/roll096.xml,
h-119-1-97,2025-04-09,MOTION_TO_RECOMMIT,hr-1526-119,,PROCEDURAL_CATEGORY,,https://clerk.house.gov/evs/2025/roll097.xml,
h-119-1-98,2025-04-09,PASSAGE,hr-1526-119,,NO_IMPACT_TAG,,https://clerk.house.gov/evs/2025/roll098.xml,
h-119-1-99,2025-04-09,SUSPENSION,hr-1228-119,,PROCEDURAL_CATEGORY,,https://clerk.house.gov/evs/2025/roll099.xml,
s-119-1-200,2025-04-09,CLOTURE,pn-12-18-119,,PROCEDURAL_CATEGORY,,https://www.senate.gov/legislative/LIS/roll_call_votes/vote1191/vote_119_1_00200.xml,
s-119-1-201,2025-04-09,NOMINATION,pn-25-20-119,,PROCEDURAL_CATEGORY,,https://www.senate.gov/legislative/LIS/roll_call_votes/vote1191/vote_119_1_00201.xml,
s-119-1-202,2025-04-09,NOMINATION,pn-25-18-119,,PROCEDURAL_CATEGORY,,https://www.senate.gov/legislative/LIS/roll_call_votes/vote1191/vote_119_1_00202.xml,
s-119-1-203,2025-04-09,NOMINATION,pn-25-22-119,,PROCEDURAL_CATEGORY,,https://www.senate.gov/legislative/LIS/roll_call_votes/vote1191/vote_119_1_00203.xml,
s-119-1-204,2025-04-09,NOMINATION,pn-25-6-119,,PROCEDURAL_CATEGORY,,https://www.senate.gov/legislative/LIS/roll_call_votes/vote1191/vote_119_1_00204.xml,
s-119-1-205,2025-04-09,NOMINATION,pn-12-18-119,,PROCEDURAL_CATEGORY,,https://www.senate.gov/legislative/LIS/roll_call_votes/vote1191/vote_119_1_00205.xml,
s-119-1-206,2025-04-09,PROCEDURAL,hjres-20-119,INPUT_COSTS,PROCEDURAL_CATEGORY,,https://www.senate.gov/legislative/LIS/roll_call_votes/vote1191/vote_119_1_00206.xml,
h-119-1-100,2025-04-10,AMENDMENT,hconres-14-119,,NO_IMPACT_TAG,,https://clerk.house.gov/evs/2025/roll100.xml,
h-119-1-101,2025-04-10,MOTION_TO_RECOMMIT,hr-22-119,,PROCEDURAL_CATEGORY,,https://clerk.house.gov/evs/2025/roll101.xml,
h-119-1-102,2025-04-10,PASSAGE,hr-22-119,,NO_IMPACT_TAG,,https://clerk.house.gov/evs/2025/roll102.xml,
s-119-1-207,2025-04-10,PROCEDURAL,hjres-20-119,INPUT_COSTS,PROCEDURAL_CATEGORY,,https://www.senate.gov/legislative/LIS/roll_call_votes/vote1191/vote_119_1_00207.xml,
s-119-1-208,2025-04-10,CLOTURE,pn-12-29-119,,PROCEDURAL_CATEGORY,,https://www.senate.gov/legislative/LIS/roll_call_votes/vote1191/vote_119_1_00208.xml,
s-119-1-209,2025-04-10,NOMINATION,pn-12-29-119,,PROCEDURAL_CATEGORY,,https://www.senate.gov/legislative/LIS/roll_call_votes/vote1191/vote_119_1_00209.xml,
s-119-1-210,2025-04-11,CLOTURE,pn-28-119,,PROCEDURAL_CATEGORY,,https://www.senate.gov/legislative/LIS/roll_call_votes/vote1191/vote_119_1_00210.xml,
s-119-1-211,2025-04-11,NOMINATION,pn-28-119,,PROCEDURAL_CATEGORY,,https://www.senate.gov/legislative/LIS/roll_call_votes/vote1191/vote_119_1_00211.xml,
s-119-1-212,2025-04-11,CLOTURE,pn-27-119,,PROCEDURAL_CATEGORY,,https://www.senate.gov/legislative/LIS/roll_call_votes/vote1191/vote_119_1_00212.xml,
s-119-1-213,2025-04-11,NOMINATION,pn-27-119,,PROCEDURAL_CATEGORY,,https://www.senate.gov/legislative/LIS/roll_call_votes/vote1191/vote_119_1_00213.xml,
h-119-1-103,2025-04-28,SUSPENSION,hr-973-119,,PROCEDURAL_CATEGORY,,https://clerk.house.gov/evs/2025/roll103.xml,
h-119-1-104,2025-04-28,SUSPENSION,s-146-119,,PROCEDURAL_CATEGORY,,https://clerk.house.gov/evs/2025/roll104.xml,
s-119-1-214,2025-04-28,CLOTURE,pn-54-5-119,,PROCEDURAL_CATEGORY,,https://www.senate.gov/legislative/LIS/roll_call_votes/vote1191/vote_119_1_00214.xml,
h-119-1-105,2025-04-29,PROCEDURAL,hres-354-119,,PROCEDURAL_CATEGORY,,https://clerk.house.gov/evs/2025/roll105.xml,
h-119-1-106,2025-04-29,PASSAGE,hres-354-119,,RULE_RESOLUTION,,https://clerk.house.gov/evs/2025/roll106.xml,
h-119-1-107,2025-04-29,SUSPENSION,hr-1402-119,,PROCEDURAL_CATEGORY,,https://clerk.house.gov/evs/2025/roll107.xml,
h-119-1-108,2025-04-29,SUSPENSION,hr-1442-119,,PROCEDURAL_CATEGORY,,https://clerk.house.gov/evs/2025/roll108.xml,
h-119-1-109,2025-04-29,SUSPENSION,hr-859-119,,PROCEDURAL_CATEGORY,,https://clerk.house.gov/evs/2025/roll109.xml,
h-119-1-110,2025-04-29,PASSAGE,hjres-60-119,,NO_IMPACT_TAG,,https://clerk.house.gov/evs/2025/roll110.xml,
s-119-1-215,2025-04-29,NOMINATION,pn-54-5-119,,PROCEDURAL_CATEGORY,,https://www.senate.gov/legislative/LIS/roll_call_votes/vote1191/vote_119_1_00215.xml,
s-119-1-216,2025-04-29,CLOTURE,pn-24-5-119,,PROCEDURAL_CATEGORY,,https://www.senate.gov/legislative/LIS/roll_call_votes/vote1191/vote_119_1_00216.xml,
s-119-1-217,2025-04-29,NOMINATION,pn-24-5-119,,PROCEDURAL_CATEGORY,,https://www.senate.gov/legislative/LIS/roll_call_votes/vote1191/vote_119_1_00217.xml,
s-119-1-218,2025-04-29,CLOTURE,pn-26-3-119,,PROCEDURAL_CATEGORY,,https://www.senate.gov/legislative/LIS/roll_call_votes/vote1191/vote_119_1_00218.xml,
s-119-1-219,2025-04-29,NOMINATION,pn-26-3-119,,PROCEDURAL_CATEGORY,,https://www.senate.gov/legislative/LIS/roll_call_votes/vote1191/vote_119_1_00219.xml,
s-119-1-220,2025-04-29,CLOTURE,pn-26-18-119,,PROCEDURAL_CATEGORY,,https://www.senate.gov/legislative/LIS/roll_call_votes/vote1191/vote_119_1_00220.xml,
s-119-1-221,2025-04-29,NOMINATION,pn-26-18-119,,PROCEDURAL_CATEGORY,,https://www.senate.gov/legislative/LIS/roll_call_votes/vote1191/vote_119_1_00221.xml,
s-119-1-222,2025-04-29,PROCEDURAL,hjres-42-119,INPUT_COSTS,PROCEDURAL_CATEGORY,,https://www.senate.gov/legislative/LIS/roll_call_votes/vote1191/vote_119_1_00222.xml,
s-119-1-223,2025-04-30,PROCEDURAL,hjres-42-119,INPUT_COSTS,PROCEDURAL_CATEGORY,,https://www.senate.gov/legislative/LIS/roll_call_votes/vote1191/vote_119_1_00223.xml,
s-119-1-224,2025-04-30,PROCEDURAL,hjres-75-119,INPUT_COSTS,PROCEDURAL_CATEGORY,,https://www.senate.gov/legislative/LIS/roll_call_votes/vote1191/vote_119_1_00224.xml,
s-119-1-225,2025-04-30,PROCEDURAL,sjres-49-119,INPUT_COSTS,PROCEDURAL_CATEGORY,,https://www.senate.gov/legislative/LIS/roll_call_votes/vote1191/vote_119_1_00225.xml,
s-119-1-226,2025-04-30,PROCEDURAL,sjres-49-119,INPUT_COSTS,PROCEDURAL_CATEGORY,,https://www.senate.gov/legislative/LIS/roll_call_votes/vote1191/vote_119_1_00226.xml,
s-119-1-227,2025-04-30,PROCEDURAL,sjres-31-119,REGULATORY_BURDEN,PROCEDURAL_CATEGORY,,https://www.senate.gov/legislative/LIS/roll_call_votes/vote1191/vote_119_1_00227.xml,
h-119-1-113,2025-05-01,PASSAGE,hjres-78-119,,NO_IMPACT_TAG,,https://clerk.house.gov/evs/2025/roll113.xml,
s-119-1-228,2025-05-01,PROCEDURAL,hjres-75-119,INPUT_COSTS,PROCEDURAL_CATEGORY,,https://www.senate.gov/legislative/LIS/roll_call_votes/vote1191/vote_119_1_00228.xml,
s-119-1-229,2025-05-01,PROCEDURAL,sjres-31-119,REGULATORY_BURDEN,PROCEDURAL_CATEGORY,,https://www.senate.gov/legislative/LIS/roll_call_votes/vote1191/vote_119_1_00229.xml,
s-119-1-230,2025-05-01,CLOTURE,pn-20-119,,PROCEDURAL_CATEGORY,,https://www.senate.gov/legislative/LIS/roll_call_votes/vote1191/vote_119_1_00230.xml,
h-119-1-115,2025-05-05,SUSPENSION,hr-530-119,,PROCEDURAL_CATEGORY,,https://clerk.house.gov/evs/2025/roll115.xml,
h-119-1-116,2025-05-05,SUSPENSION,hr-36-119,,PROCEDURAL_CATEGORY,,https://clerk.house.gov/evs/2025/roll116.xml,
s-119-1-231,2025-05-05,PROCEDURAL,hjres-61-119,REGULATORY_BURDEN,PROCEDURAL_CATEGORY,Republican,https://www.senate.gov/legislative/LIS/roll_call_votes/vote1191/vote_119_1_00231.xml,
h-119-1-117,2025-05-06,PROCEDURAL,hres-377-119,,PROCEDURAL_CATEGORY,,https://clerk.house.gov/evs/2025/roll117.xml,
h-119-1-118,2025-05-06,PASSAGE,hres-377-119,,RULE_RESOLUTION,,https://clerk.house.gov/evs/2025/roll118.xml,
s-119-1-232,2025-05-06,PROCEDURAL,hjres-61-119,REGULATORY_BURDEN,PROCEDURAL_CATEGORY,Republican,https://www.senate.gov/legislative/LIS/roll_call_votes/vote1191/vote_119_1_00232.xml,
s-119-1-233,2025-05-06,PROCEDURAL,sjres-13-119,,PROCEDURAL_CATEGORY,,https://www.senate.gov/legislative/LIS/roll_call_votes/vote1191/vote_119_1_00233.xml,
s-119-1-234,2025-05-06,NOMINATION,pn-20-119,,PROCEDURAL_CATEGORY,,https://www.senate.gov/legislative/LIS/roll_call_votes/vote1191/vote_119_1_00234.xml,
s-119-1-235,2025-05-06,PROCEDURAL,sjres-7-119,,PROCEDURAL_CATEGORY,,https://www.senate.gov/legislative/LIS/roll_call_votes/vote1191/vote_119_1_00235.xml,
s-119-1-236,2025-05-06,PROCEDURAL,hjres-60-119,,PROCEDURAL_CATEGORY,,https://www.senate.gov/legislative/LIS/roll_call_votes/vote1191/vote_119_1_00236.xml,
h-119-1-119,2025-05-07,SUSPENSION,hr-1503-119,,PROCEDURAL_CATEGORY,,https://clerk.house.gov/evs/2025/roll119.xml,
h-119-1-120,2025-05-07,PASSAGE,hr-881-119,,NO_IMPACT_TAG,,https://clerk.house.gov/evs/2025/roll120.xml,
s-119-1-237,2025-05-07,PROCEDURAL,sjres-13-119,,PROCEDURAL_CATEGORY,,https://www.senate.gov/legislative/LIS/roll_call_votes/vote1191/vote_119_1_00237.xml,
h-119-1-121,2025-05-08,MOTION_TO_RECOMMIT,hr-276-119,,PROCEDURAL_CATEGORY,,https://clerk.house.gov/evs/2025/roll121.xml,
h-119-1-122,2025-05-08,PASSAGE,hr-276-119,,NO_IMPACT_TAG,,https://clerk.house.gov/evs/2025/roll122.xml,
s-119-1-238,2025-05-08,PROCEDURAL,sjres-7-119,,PROCEDURAL_CATEGORY,,https://www.senate.gov/legislative/LIS/roll_call_votes/vote1191/vote_119_1_00238.xml,
s-119-1-239,2025-05-08,PROCEDURAL,hjres-60-119,,PROCEDURAL_CATEGORY,,https://www.senate.gov/legislative/LIS/roll_call_votes/vote1191/vote_119_1_00239.xml,
s-119-1-240,2025-05-08,CLOTURE,s-1582-119,,PROCEDURAL_CATEGORY,,https://www.senate.gov/legislative/LIS/roll_call_votes/vote1191/vote_119_1_00240.xml,
s-119-1-241,2025-05-12,CLOTURE,pn-12-10-119,,PROCEDURAL_CATEGORY,,https://www.senate.gov/legislative/LIS/roll_call_votes/vote1191/vote_119_1_00241.xml,
s-119-1-242,2025-05-12,NOMINATION,pn-12-10-119,,PROCEDURAL_CATEGORY,,https://www.senate.gov/legislative/LIS/roll_call_votes/vote1191/vote_119_1_00242.xml,
s-119-1-243,2025-05-12,CLOTURE,pn-25-50-119,,PROCEDURAL_CATEGORY,,https://www.senate.gov/legislative/LIS/roll_call_votes/vote1191/vote_119_1_00243.xml,
h-119-1-123,2025-05-13,SUSPENSION,hconres-30-119,,PROCEDURAL_CATEGORY,,https://clerk.house.gov/evs/2025/roll123.xml,
h-119-1-124,2025-05-13,SUSPENSION,hr-249-119,,PROCEDURAL_CATEGORY,,https://clerk.house.gov/evs/2025/roll124.xml,
s-119-1-244,2025-05-13,NOMINATION,pn-25-50-119,,PROCEDURAL_CATEGORY,,https://www.senate.gov/legislative/LIS/roll_call_votes/vote1191/vote_119_1_00244.xml,
s-119-1-245,2025-05-13,CLOTURE,pn-12-30-119,,PROCEDURAL_CATEGORY,,https://www.senate.gov/legislative/LIS/roll_call_votes/vote1191/vote_119_1_00245.xml,
s-119-1-246,2025-05-13,NOMINATION,pn-12-30-119,,PROCEDURAL_CATEGORY,,https://www.senate.gov/legislative/LIS/roll_call_votes/vote1191/vote_119_1_00246.xml,
s-119-1-247,2025-05-13,CLOTURE,pn-13-4-119,,PROCEDURAL_CATEGORY,,https://www.senate.gov/legislative/LIS/roll_call_votes/vote1191/vote_119_1_00247.xml,
s-119-1-248,2025-05-13,NOMINATION,pn-13-4-119,,PROCEDURAL_CATEGORY,,https://www.senate.gov/legislative/LIS/roll_call_votes/vote1191/vote_119_1_00248.xml,
s-119-1-249,2025-05-13,CLOTURE,pn-13-10-119,,PROCEDURAL_CATEGORY,,https://www.senate.gov/legislative/LIS/roll_call_votes/vote1191/vote_119_1_00249.xml,
h-119-1-125,2025-05-14,SUSPENSION,hr-2215-119,,PROCEDURAL_CATEGORY,,https://clerk.house.gov/evs/2025/roll125.xml,
h-119-1-126,2025-05-14,PROCEDURAL,hres-405-119,,PROCEDURAL_CATEGORY,,https://clerk.house.gov/evs/2025/roll126.xml,
h-119-1-127,2025-05-14,PASSAGE,hres-405-119,,RULE_RESOLUTION,,https://clerk.house.gov/evs/2025/roll127.xml,
h-119-1-128,2025-05-14,PASSAGE,hr-2243-119,,NO_IMPACT_TAG,,https://clerk.house.gov/evs/2025/roll128.xml,
h-119-1-129,2025-05-14,SUSPENSION,hres-352-119,,PROCEDURAL_CATEGORY,,https://clerk.house.gov/evs/2025/roll129.xml,
s-119-1-250,2025-05-14,NOMINATION,pn-13-10-119,,PROCEDURAL_CATEGORY,,https://www.senate.gov/legislative/LIS/roll_call_votes/vote1191/vote_119_1_00250.xml,
s-119-1-251,2025-05-14,CLOTURE,pn-12-38-119,,PROCEDURAL_CATEGORY,,https://www.senate.gov/legislative/LIS/roll_call_votes/vote1191/vote_119_1_00251.xml,
s-119-1-252,2025-05-14,NOMINATION,pn-12-38-119,,PROCEDURAL_CATEGORY,,https://www.senate.gov/legislative/LIS/roll_call_votes/vote1191/vote_119_1_00252.xml,
s-119-1-253,2025-05-14,CLOTURE,pn-12-31-119,,PROCEDURAL_CATEGORY,,https://www.senate.gov/legislative/LIS/roll_call_votes/vote1191/vote_119_1_00253.xml,
s-119-1-254,2025-05-14,NOMINATION,pn-12-31-119,,PROCEDURAL_CATEGORY,,https://www.senate.gov/legislative/LIS/roll_call_votes/vote1191/vote_119_1_00254.xml,
s-119-1-255,2025-05-14,CLOTURE,pn-26-46-119,,PROCEDURAL_CATEGORY,,https://www.senate.gov/legislative/LIS/roll_call_votes/vote1191/vote_119_1_00255.xml,
s-119-1-256,2025-05-14,NOMINATION,pn-26-46-119,,PROCEDURAL_CATEGORY,,https://www.senate.gov/legislative/LIS/roll_call_votes/vote1191/vote_119_1_00256.xml,
s-119-1-257,2025-05-14,CLOTURE,pn-25-11-119,,PROCEDURAL_CATEGORY,,https://www.senate.gov/legislative/LIS/roll_call_votes/vote1191/vote_119_1_00257.xml,
h-119-1-130,2025-05-15,PASSAGE,hr-2255-119,,NO_IMPACT_TAG,,https://clerk.house.gov/evs/2025/roll130.xml,
h-119-1-131,2025-05-15,PASSAGE,hr-2240-119,,NO_IMPACT_TAG,,https://clerk.house.gov/evs/2025/roll131.xml,
s-119-1-258,2025-05-15,NOMINATION,pn-25-11-119,,PROCEDURAL_CATEGORY,,https://www.senate.gov/legislative/LIS/roll_call_votes/vote1191/vote_119_1_00258.xml,
s-119-1-259,2025-05-15,PROCEDURAL,sres-195-119,,PROCEDURAL_CATEGORY,Democrat,https://www.senate.gov/legislative/LIS/roll_call_votes/vote1191/vote_119_1_00259.xml,
h-119-1-132,2025-05-19,SUSPENSION,hr-1263-119,,PROCEDURAL_CATEGORY,,https://clerk.house.gov/evs/2025/roll132.xml,
h-119-1-133,2025-05-19,SUSPENSION,hr-1286-119,,PROCEDURAL_CATEGORY,,https://clerk.house.gov/evs/2025/roll133.xml,
s-119-1-260,2025-05-19,CLOTURE,pn-24-4-119,,PROCEDURAL_CATEGORY,,https://www.senate.gov/legislative/LIS/roll_call_votes/vote1191/vote_119_1_00260.xml,
s-119-1-261,2025-05-19,NOMINATION,pn-24-4-119,,PROCEDURAL_CATEGORY,,https://www.senate.gov/legislative/LIS/roll_call_votes/vote1191/vote_119_1_00261.xml,
s-119-1-262,2025-05-19,CLOTURE,s-1582-119,,PROCEDURAL_CATEGORY,,https://www.senate.gov/legislative/LIS/roll_call_votes/vote1191/vote_119_1_00262.xml,
h-119-1-134,2025-05-20,PROCEDURAL,hres-426-119,,PROCEDURAL_CATEGORY,,https://clerk.house.gov/evs/2025/roll134.xml,
h-119-1-135,2025-05-20,PASSAGE,hres-426-119,,RULE_RESOLUTION,,https://clerk.house.gov/evs/2025/roll135.xml,
h-119-1-136,2025-05-20,SUSPENSION,hr-1223-119,,PROCEDURAL_CATEGORY,,https://clerk.house.gov/evs/2025/roll136.xml,
h-119-1-137,2025-05-20,PASSAGE,sjres-13-119,,NO_IMPACT_TAG,,https://clerk.house.gov/evs/2025/roll137.xml,
h-119-1-138,2025-05-21,PROCEDURAL,,,PROCEDURAL_CATEGORY,,https://clerk.house.gov/evs/2025/roll138.xml,
s-119-1-263,2025-05-21,PROCEDURAL,s-1582-119,,PROCEDURAL_CATEGORY,,https://www.senate.gov/legislative/LIS/roll_call_votes/vote1191/vote_119_1_00263.xml,
s-119-1-264,2025-05-21,PROCEDURAL,sjres-55-119,,PROCEDURAL_CATEGORY,,https://www.senate.gov/legislative/LIS/roll_call_votes/vote1191/vote_119_1_00264.xml,
s-119-1-265,2025-05-21,PROCEDURAL,sjres-55-119,,PROCEDURAL_CATEGORY,,https://www.senate.gov/legislative/LIS/roll_call_votes/vote1191/vote_119_1_00265.xml,
s-119-1-266,2025-05-21,PROCEDURAL,sjres-55-119,,PROCEDURAL_CATEGORY,,https://www.senate.gov/legislative/LIS/roll_call_votes/vote1191/vote_119_1_00266.xml,
s-119-1-267,2025-05-21,PROCEDURAL,sjres-55-119,,PROCEDURAL_CATEGORY,,https://www.senate.gov/legislative/LIS/roll_call_votes/vote1191/vote_119_1_00267.xml,
s-119-1-268,2025-05-21,PROCEDURAL,sjres-55-119,,PROCEDURAL_CATEGORY,,https://www.senate.gov/legislative/LIS/roll_call_votes/vote1191/vote_119_1_00268.xml,
s-119-1-269,2025-05-21,PROCEDURAL,sjres-55-119,,PROCEDURAL_CATEGORY,,https://www.senate.gov/legislative/LIS/roll_call_votes/vote1191/vote_119_1_00269.xml,
s-119-1-270,2025-05-21,PROCEDURAL,sjres-55-119,,PROCEDURAL_CATEGORY,,https://www.senate.gov/legislative/LIS/roll_call_votes/vote1191/vote_119_1_00270.xml,
s-119-1-271,2025-05-21,PROCEDURAL,sjres-55-119,,PROCEDURAL_CATEGORY,,https://www.senate.gov/legislative/LIS/roll_call_votes/vote1191/vote_119_1_00271.xml,
s-119-1-272,2025-05-21,PROCEDURAL,sjres-55-119,,PROCEDURAL_CATEGORY,,https://www.senate.gov/legislative/LIS/roll_call_votes/vote1191/vote_119_1_00272.xml,
s-119-1-273,2025-05-21,PROCEDURAL,sjres-55-119,,PROCEDURAL_CATEGORY,,https://www.senate.gov/legislative/LIS/roll_call_votes/vote1191/vote_119_1_00273.xml,
s-119-1-274,2025-05-21,PROCEDURAL,sjres-55-119,,PROCEDURAL_CATEGORY,,https://www.senate.gov/legislative/LIS/roll_call_votes/vote1191/vote_119_1_00274.xml,
s-119-1-275,2025-05-21,PROCEDURAL,sjres-55-119,,PROCEDURAL_CATEGORY,,https://www.senate.gov/legislative/LIS/roll_call_votes/vote1191/vote_119_1_00275.xml,
s-119-1-276,2025-05-21,PROCEDURAL,hjres-88-119,REGULATORY_BURDEN,PROCEDURAL_CATEGORY,,https://www.senate.gov/legislative/LIS/roll_call_votes/vote1191/vote_119_1_00276.xml,
h-119-1-139,2025-05-22,PROCEDURAL,hres-436-119,,PROCEDURAL_CATEGORY,,https://clerk.house.gov/evs/2025/roll139.xml,
h-119-1-140,2025-05-22,PROCEDURAL,hres-436-119,,PROCEDURAL_CATEGORY,,https://clerk.house.gov/evs/2025/roll140.xml,
h-119-1-141,2025-05-22,PROCEDURAL,hres-436-119,,PROCEDURAL_CATEGORY,,https://clerk.house.gov/evs/2025/roll141.xml,
h-119-1-142,2025-05-22,PASSAGE,hres-436-119,,RULE_RESOLUTION,,https://clerk.house.gov/evs/2025/roll142.xml,
h-119-1-144,2025-05-22,MOTION_TO_RECOMMIT,hr-1-119,,PROCEDURAL_CATEGORY,,https://clerk.house.gov/evs/2025/roll144.xml,
h-119-1-145,2025-05-22,PASSAGE,hr-1-119,,NO_IMPACT_TAG,,https://clerk.house.gov/evs/2025/roll145.xml,
s-119-1-277,2025-05-22,PROCEDURAL,hjres-88-119,REGULATORY_BURDEN,PROCEDURAL_CATEGORY,,https://www.senate.gov/legislative/LIS/roll_call_votes/vote1191/vote_119_1_00277.xml,
s-119-1-278,2025-05-22,PROCEDURAL,hjres-87-119,REGULATORY_BURDEN,PROCEDURAL_CATEGORY,,https://www.senate.gov/legislative/LIS/roll_call_votes/vote1191/vote_119_1_00278.xml,
s-119-1-279,2025-05-22,PROCEDURAL,hjres-87-119,REGULATORY_BURDEN,PROCEDURAL_CATEGORY,,https://www.senate.gov/legislative/LIS/roll_call_votes/vote1191/vote_119_1_00279.xml,
s-119-1-280,2025-05-22,PROCEDURAL,hjres-89-119,REGULATORY_BURDEN,PROCEDURAL_CATEGORY,,https://www.senate.gov/legislative/LIS/roll_call_votes/vote1191/vote_119_1_00280.xml,
s-119-1-281,2025-05-22,PROCEDURAL,hjres-89-119,REGULATORY_BURDEN,PROCEDURAL_CATEGORY,,https://www.senate.gov/legislative/LIS/roll_call_votes/vote1191/vote_119_1_00281.xml,
s-119-1-282,2025-06-02,CLOTURE,pn-17-119,,PROCEDURAL_CATEGORY,,https://www.senate.gov/legislative/LIS/roll_call_votes/vote1191/vote_119_1_00282.xml,
h-119-1-146,2025-06-03,SUSPENSION,hr-1642-119,WORKFORCE,PROCEDURAL_CATEGORY,,https://clerk.house.gov/evs/2025/roll146.xml,
h-119-1-147,2025-06-03,SUSPENSION,hr-1804-119,ACCESS_TO_CAPITAL,PROCEDURAL_CATEGORY,,https://clerk.house.gov/evs/2025/roll147.xml,
s-119-1-283,2025-06-03,NOMINATION,pn-17-119,,PROCEDURAL_CATEGORY,,https://www.senate.gov/legislative/LIS/roll_call_votes/vote1191/vote_119_1_00283.xml,
s-119-1-284,2025-06-03,CLOTURE,pn-25-19-119,,PROCEDURAL_CATEGORY,,https://www.senate.gov/legislative/LIS/roll_call_votes/vote1191/vote_119_1_00284.xml,
s-119-1-285,2025-06-03,NOMINATION,pn-25-19-119,,PROCEDURAL_CATEGORY,,https://www.senate.gov/legislative/LIS/roll_call_votes/vote1191/vote_119_1_00285.xml,
s-119-1-286,2025-06-03,CLOTURE,pn-22-16-119,,PROCEDURAL_CATEGORY,,https://www.senate.gov/legislative/LIS/roll_call_votes/vote1191/vote_119_1_00286.xml,
s-119-1-287,2025-06-03,NOMINATION,pn-22-16-119,,PROCEDURAL_CATEGORY,,https://www.senate.gov/legislative/LIS/roll_call_votes/vote1191/vote_119_1_00287.xml,
h-119-1-148,2025-06-04,PROCEDURAL,hres-458-119,ACCESS_TO_CAPITAL,PROCEDURAL_CATEGORY,,https://clerk.house.gov/evs/2025/roll148.xml,
h-119-1-149,2025-06-04,PASSAGE,hres-458-119,ACCESS_TO_CAPITAL,RULE_RESOLUTION,,https://clerk.house.gov/evs/2025/roll149.xml,
h-119-1-150,2025-06-04,AMENDMENT,hr-2483-119,,NO_IMPACT_TAG,,https://clerk.house.gov/evs/2025/roll150.xml,
h-119-1-151,2025-06-04,PASSAGE,hr-2483-119,HEALTH_COSTS,UNADJUDICATED_DIRECTION,,https://clerk.house.gov/evs/2025/roll151.xml,
s-119-1-288,2025-06-04,CLOTURE,pn-55-9-119,,PROCEDURAL_CATEGORY,,https://www.senate.gov/legislative/LIS/roll_call_votes/vote1191/vote_119_1_00288.xml,
s-119-1-289,2025-06-04,CLOTURE,pn-55-47-119,,PROCEDURAL_CATEGORY,,https://www.senate.gov/legislative/LIS/roll_call_votes/vote1191/vote_119_1_00289.xml,
s-119-1-290,2025-06-04,CLOTURE,pn-12-33-119,,PROCEDURAL_CATEGORY,,https://www.senate.gov/legislative/LIS/roll_call_votes/vote1191/vote_119_1_00290.xml,
s-119-1-291,2025-06-04,NOMINATION,pn-55-9-119,,PROCEDURAL_CATEGORY,,https://www.senate.gov/legislative/LIS/roll_call_votes/vote1191/vote_119_1_00291.xml,
s-119-1-292,2025-06-04,NOMINATION,pn-55-47-119,,PROCEDURAL_CATEGORY,,https://www.senate.gov/legislative/LIS/roll_call_votes/vote1191/vote_119_1_00292.xml,
h-119-1-152,2025-06-05,MOTION_TO_RECOMMIT,hr-2931-119,ACCESS_TO_CAPITAL,PROCEDURAL_CATEGORY,,https://clerk.house.gov/evs/2025/roll152.xml,
h-119-1-153,2025-06-05,PASSAGE,hr-2931-119,ACCESS_TO_CAPITAL,UNADJUDICATED_DIRECTION,,https://clerk.house.gov/evs/2025/roll153.xml,
h-119-1-154,2025-06-05,MOTION_TO_RECOMMIT,hr-2987-119,,PROCEDURAL_CATEGORY,,https://clerk.house.gov/evs/2025/roll154.xml,
h-119-1-155,2025-06-05,PASSAGE,hr-2987-119,,NO_IMPACT_TAG,,https://clerk.house.gov/evs/2025/roll155.xml,
s-119-1-293,2025-06-05,NOMINATION,pn-12-33-119,,PROCEDURAL_CATEGORY,,https://www.senate.gov/legislative/LIS/roll_call_votes/vote1191/vote_119_1_00293.xml,
s-119-1-294,2025-06-05,CLOTURE,pn-26-16-119,,PROCEDURAL_CATEGORY,,https://www.senate.gov/legislative/LIS/roll_call_votes/vote1191/vote_119_1_00294.xml,
s-119-1-295,2025-06-05,NOMINATION,pn-26-16-119,,PROCEDURAL_CATEGORY,,https://www.senate.gov/legislative/LIS/roll_call_votes/vote1191/vote_119_1_00295.xml,
s-119-1-296,2025-06-05,CLOTURE,pn-26-43-119,,PROCEDURAL_CATEGORY,,https://www.senate.gov/legislative/LIS/roll_call_votes/vote1191/vote_119_1_00296.xml,
h-119-1-157,2025-06-09,SUSPENSION,hr-2035-119,,PROCEDURAL_CATEGORY,,https://clerk.house.gov/evs/2025/roll157.xml,
h-119-1-158,2025-06-09,SUSPENSION,hres-488-119,,PROCEDURAL_CATEGORY,,https://clerk.house.gov/evs/2025/roll158.xml,
h-119-1-159,2025-06-09,SUSPENSION,hres-481-119,,PROCEDURAL_CATEGORY,,https://clerk.house.gov/evs/2025/roll159.xml,
s-119-1-297,2025-06-09,NOMINATION,pn-26-43-119,,PROCEDURAL_CATEGORY,,https://www.senate.gov/legislative/LIS/roll_call_votes/vote1191/vote_119_1_00297.xml,
s-119-1-298,2025-06-09,CLOTURE,pn-13-6-119,,PROCEDURAL_CATEGORY,,https://www.senate.gov/legislative/LIS/roll_call_votes/vote1191/vote_119_1_00298.xml,
h-119-1-160,2025-06-10,PROCEDURAL,hres-489-119,,PROCEDURAL_CATEGORY,,https://clerk.house.gov/evs/2025/roll160.xml,
h-119-1-161,2025-06-10,PASSAGE,hres-489-119,,RULE_RESOLUTION,,https://clerk.house.gov/evs/2025/roll161.xml,
h-119-1-162,2025-06-10,PASSAGE,hr-2096-119,,NO_IMPACT_TAG,,https://clerk.house.gov/evs/2025/roll162.xml,
h-119-1-163,2025-06-10,PASSAGE,hr-884-119,,NO_IMPACT_TAG,,https://clerk.house.gov/evs/2025/roll163.xml,
s-119-1-299,2025-06-10,NOMINATION,pn-13-6-119,,PROCEDURAL_CATEGORY,,https://www.senate.gov/legislative/LIS/roll_call_votes/vote1191/vote_119_1_00299.xml,
s-119-1-300,2025-06-10,CLOTURE,pn-12-43-119,,PROCEDURAL_CATEGORY,,https://www.senate.gov/legislative/LIS/roll_call_votes/vote1191/vote_119_1_00300.xml,
s-119-1-301,2025-06-10,NOMINATION,pn-12-43-119,,PROCEDURAL_CATEGORY,,https://www.senate.gov/legislative/LIS/roll_call_votes/vote1191/vote_119_1_00301.xml,
s-119-1-302,2025-06-10,CLOTURE,pn-26-20-119,,PROCEDURAL_CATEGORY,,https://www.senate.gov/legislative/LIS/roll_call_votes/vote1191/vote_119_1_00302.xml,
s-119-1-303,2025-06-10,NOMINATION,pn-26-20-119,,PROCEDURAL_CATEGORY,,https://www.senate.gov/legislative/LIS/roll_call_votes/vote1191/vote_119_1_00303.xml,
h-119-1-164,2025-06-11,PROCEDURAL,hres-499-119,,PROCEDURAL_CATEGORY,,https://clerk.house.gov/evs/2025/roll164.xml,
h-119-1-165,2025-06-11,PASSAGE,hres-499-119,,RULE_RESOLUTION,,https://clerk.house.gov/evs/2025/roll165.xml,
s-119-1-304,2025-06-11,CLOTURE,pn-12-27-119,,PROCEDURAL_CATEGORY,,https://www.senate.gov/legislative/LIS/roll_call_votes/vote1191/vote_119_1_00304.xml,
s-119-1-305,2025-06-11,CLOTURE,s-1582-119,,PROCEDURAL_CATEGORY,,https://www.senate.gov/legislative/LIS/roll_call_votes/vote1191/vote_119_1_00305.xml,
s-119-1-306,2025-06-11,PROCEDURAL,sjres-53-119,,PROCEDURAL_CATEGORY,,https://www.senate.gov/legislative/LIS/roll_call_votes/vote1191/vote_119_1_00306.xml,
s-119-1-307,2025-06-11,PROCEDURAL,sjres-54-119,,PROCEDURAL_CATEGORY,,https://www.senate.gov/legislative/LIS/roll_call_votes/vote1191/vote_119_1_00307.xml,
h-119-1-166,2025-06-12,PASSAGE,s-331-119,,NO_IMPACT_TAG,,https://clerk.house.gov/evs/2025/roll166.xml,
h-119-1-167,2025-06-12,MOTION_TO_RECOMMIT,hr-4-119,,PROCEDURAL_CATEGORY,,https://clerk.house.gov/evs/2025/roll167.xml,
h-119-1-168,2025-06-12,PASSAGE,hr-4-119,,NO_IMPACT_TAG,,https://clerk.house.gov/evs/2025/roll168.xml,
h-119-1-169,2025-06-12,PROCEDURAL,,,PROCEDURAL_CATEGORY,,https://clerk.house.gov/evs/2025/roll169.xml,
h-119-1-170,2025-06-12,MOTION_TO_RECOMMIT,hr-2056-119,WORKFORCE,PROCEDURAL_CATEGORY,,https://clerk.house.gov/evs/2025/roll170.xml,
h-119-1-171,2025-06-12,PASSAGE,hr-2056-119,WORKFORCE,UNADJUDICATED_DIRECTION,,https://clerk.house.gov/evs/2025/roll171.xml,
s-119-1-308,2025-06-12,NOMINATION,pn-12-27-119,,PROCEDURAL_CATEGORY,,https://www.senate.gov/legislative/LIS/roll_call_votes/vote1191/vote_119_1_00308.xml,
s-119-1-309,2025-06-12,PROCEDURAL,,,PROCEDURAL_CATEGORY,,https://www.senate.gov/legislative/LIS/roll_call_votes/vote1191/vote_119_1_00309.xml,
s-119-1-310,2025-06-12,PROCEDURAL,,,PROCEDURAL_CATEGORY,,https://www.senate.gov/legislative/LIS/roll_call_votes/vote1191/vote_119_1_00310.xml,
s-119-1-311,2025-06-12,AMENDMENT,,,NO_IMPACT_TAG,,https://www.senate.gov/legislative/LIS/roll_call_votes/vote1191/vote_119_1_00311.xml,
s-119-1-312,2025-06-12,CLOTURE,s-1582-119,,PROCEDURAL_CATEGORY,,https://www.senate.gov/legislative/LIS/roll_call_votes/vote1191/vote_119_1_00312.xml,
s-119-1-313,2025-06-16,CLOTURE,pn-25-1-119,,PROCEDURAL_CATEGORY,,https://www.senate.gov/legislative/LIS/roll_call_votes/vote1191/vote_119_1_00313.xml,
s-119-1-314,2025-06-17,CLOTURE,pn-24-6-119,,PROCEDURAL_CATEGORY,,https://www.senate.gov/legislative/LIS/roll_call_votes/vote1191/vote_119_1_00314.xml,
s-119-1-315,2025-06-17,CLOTURE,pn-24-7-119,,PROCEDURAL_CATEGORY,,https://www.senate.gov/legislative/LIS/roll_call_votes/vote1191/vote_119_1_00315.xml,
s-119-1-316,2025-06-17,NOMINATION,pn-25-1-119,,PROCEDURAL_CATEGORY,,https://www.senate.gov/legislative/LIS/roll_call_votes/vote1191/vote_119_1_00316.xml,
s-119-1-317,2025-06-17,NOMINATION,pn-24-6-119,,PROCEDURAL_CATEGORY,,https://www.senate.gov/legislative/LIS/roll_call_votes/vote1191/vote_119_1_00317.xml,
s-119-1-318,2025-06-17,PASSAGE,s-1582-119,,NO_IMPACT_TAG,,https://www.senate.gov/legislative/LIS/roll_call_votes/vote1191/vote_119_1_00318.xml,
s-119-1-319,2025-06-18,CLOTURE,pn-12-40-119,,PROCEDURAL_CATEGORY,,https://www.senate.gov/legislative/LIS/roll_call_votes/vote1191/vote_119_1_00319.xml,
s-119-1-320,2025-06-18,NOMINATION,pn-24-7-119,,PROCEDURAL_CATEGORY,,https://www.senate.gov/legislative/LIS/roll_call_votes/vote1191/vote_119_1_00320.xml,
s-119-1-321,2025-06-18,NOMINATION,pn-12-40-119,,PROCEDURAL_CATEGORY,,https://www.senate.gov/legislative/LIS/roll_call_votes/vote1191/vote_119_1_00321.xml,
h-119-1-172,2025-06-23,SUSPENSION,hr-1998-119,,PROCEDURAL_CATEGORY,,https://clerk.house.gov/evs/2025/roll172.xml,
h-119-1-173,2025-06-23,SUSPENSION,hr-3394-119,,PROCEDURAL_CATEGORY,,https://clerk.house.gov/evs/2025/roll173.xml,
h-119-1-174,2025-06-23,SUSPENSION,hr-3422-119,,PROCEDURAL_CATEGORY,,https://clerk.house.gov/evs/2025/roll174.xml,
s-119-1-322,2025-06-23,CLOTURE,pn-26-50-119,,PROCEDURAL_CATEGORY,,https://www.senate.gov/legislative/LIS/roll_call_votes/vote1191/vote_119_1_00322.xml,
h-119-1-175,2025-06-24,PROCEDURAL,hres-537-119,,PROCEDURAL_CATEGORY,,https://clerk.house.gov/evs/2025/roll175.xml,
h-119-1-176,2025-06-24,PROCEDURAL,hres-530-119,,PROCEDURAL_CATEGORY,,https://clerk.house.gov/evs/2025/roll176.xml,
h-119-1-177,2025-06-24,PASSAGE,hres-530-119,,RULE_RESOLUTION,,https://clerk.house.gov/evs/2025/roll177.xml,
h-119-1-178,2025-06-24,PROCEDURAL,,,PROCEDURAL_CATEGORY,,https://clerk.house.gov/evs/2025/roll178.xml,
s-119-1-323,2025-06-24,NOMINATION,pn-26-50-119,,PROCEDURAL_CATEGORY,,https://www.senate.gov/legislative/LIS/roll_call_votes/vote1191/vote_119_1_00323.xml,
s-119-1-324,2025-06-24,CLOTURE,pn-26-12-119,,PROCEDURAL_CATEGORY,,https://www.senate.gov/legislative/LIS/roll_call_votes/vote1191/vote_119_1_00324.xml,
h-119-1-179,2025-06-25,SUSPENSION,hres-519-119,,PROCEDURAL_CATEGORY,,https://clerk.house.gov/evs/2025/roll179.xml,
h-119-1-180,2025-06-25,AMENDMENT,hr-3944-119,,NO_IMPACT_TAG,,https://clerk.house.gov/evs/2025/roll180.xml,
h-119-1-181,2025-06-25,MOTION_TO_RECOMMIT,hr-3944-119,,PROCEDURAL_CATEGORY,,https://clerk.house.gov/evs/2025/roll181.xml,
h-119-1-182,2025-06-25,PASSAGE,hr-3944-119,,NO_IMPACT_TAG,,https://clerk.house.gov/evs/2025/roll182.xml,
s-119-1-325,2025-06-25,NOMINATION,pn-26-12-119,,PROCEDURAL_CATEGORY,,https://www.senate.gov/legislative/LIS/roll_call_votes/vote1191/vote_119_1_00325.xml,
s-119-1-326,2025-06-25,CLOTURE,pn-13-7-119,,PROCEDURAL_CATEGORY,,https://www.senate.gov/legislative/LIS/roll_call_votes/vote1191/vote_119_1_00326.xml,
h-119-1-183,2025-06-26,PASSAGE,hr-875-119,,NO_IMPACT_TAG,,https://clerk.house.gov/evs/2025/roll183.xml,
h-119-1-184,2025-06-26,PASSAGE,hr-275-119,,NO_IMPACT_TAG,,https://clerk.house.gov/evs/2025/roll184.xml,
s-119-1-327,2025-06-26,NOMINATION,pn-13-7-119,,PROCEDURAL_CATEGORY,,https://www.senate.gov/legislative/LIS/roll_call_votes/vote1191/vote_119_1_00327.xml,
h-119-1-185,2025-06-27,PASSAGE,hres-516-119,,NO_IMPACT_TAG,,https://clerk.house.gov/evs/2025/roll185.xml,
s-119-1-328,2025-06-27,PROCEDURAL,sjres-59-119,,PROCEDURAL_CATEGORY,Democrat,https://www.senate.gov/legislative/LIS/roll_call_votes/vote1191/vote_119_1_00328.xml,
s-119-1-329,2025-06-28,PROCEDURAL,hr-1-119,,PROCEDURAL_CATEGORY,,https://www.senate.gov/legislative/LIS/roll_call_votes/vote1191/vote_119_1_00329.xml,
s-119-1-330,2025-06-30,PROCEDURAL,,,PROCEDURAL_CATEGORY,,https://www.senate.gov/legislative/LIS/roll_call_votes/vote1191/vote_119_1_00330.xml,
s-119-1-331,2025-06-30,PROCEDURAL,hr-1-119,,PROCEDURAL_CATEGORY,,https://www.senate.gov/legislative/LIS/roll_call_votes/vote1191/vote_119_1_00331.xml,
s-119-1-332,2025-06-30,PROCEDURAL,hr-1-119,,PROCEDURAL_CATEGORY,,https://www.senate.gov/legislative/LIS/roll_call_votes/vote1191/vote_119_1_00332.xml,
s-119-1-333,2025-06-30,PROCEDURAL,hr-1-119,,PROCEDURAL_CATEGORY,,https://www.senate.gov/legislative/LIS/roll_call_votes/vote1191/vote_119_1_00333.xml,
s-119-1-334,2025-06-30,PROCEDURAL,hr-1-119,,PROCEDURAL_CATEGORY,,https://www.senate.gov/legislative/LIS/roll_call_votes/vote1191/vote_119_1_00334.xml,
s-119-1-335,2025-06-30,PROCEDURAL,hr-1-119,,PROCEDURAL_CATEGORY,,https://www.senate.gov/legislative/LIS/roll_call_votes/vote1191/vote_119_1_00335.xml,
s-119-1-336,2025-06-30,PROCEDURAL,hr-1-119,,PROCEDURAL_CATEGORY,,https://www.senate.gov/legislative/LIS/roll_call_votes/vote1191/vote_119_1_00336.xml,
s-119-1-337,2025-06-30,PROCEDURAL,hr-1-119,,PROCEDURAL_CATEGORY,,https://www.senate.gov/legislative/LIS/roll_call_votes/vote1191/vote_119_1_00337.xml,
s-119-1-338,2025-06-30,PROCEDURAL,hr-1-119,,PROCEDURAL_CATEGORY,,https://www.senate.gov/legislative/LIS/roll_call_votes/vote1191/vote_119_1_00338.xml,
s-119-1-339,2025-06-30,PROCEDURAL,,,PROCEDURAL_CATEGORY,,https://www.senate.gov/legislative/LIS/roll_call_votes/vote1191/vote_119_1_00339.xml,
s-119-1-340,2025-06-30,PROCEDURAL,hr-1-119,,PROCEDURAL_CATEGORY,,https://www.senate.gov/legislative/LIS/roll_call_votes/vote1191/vote_119_1_00340.xml,
s-119-1-341,2025-06-30,PROCEDURAL,,,PROCEDURAL_CATEGORY,,https://www.senate.gov/legislative/LIS/roll_call_votes/vote1191/vote_119_1_00341.xml,
s-119-1-342,2025-06-30,PROCEDURAL,,,PROCEDURAL_CATEGORY,,https://www.senate.gov/legislative/LIS/roll_call_votes/vote1191/vote_119_1_00342.xml,
s-119-1-343,2025-06-30,PROCEDURAL,,,PROCEDURAL_CATEGORY,,https://www.senate.gov/legislative/LIS/roll_call_votes/vote1191/vote_119_1_00343.xml,
s-119-1-344,2025-06-30,PROCEDURAL,,,PROCEDURAL_CATEGORY,,https://www.senate.gov/legislative/LIS/roll_call_votes/vote1191/vote_119_1_00344.xml,
s-119-1-345,2025-06-30,PROCEDURAL,,,PROCEDURAL_CATEGORY,,https://www.senate.gov/legislative/LIS/roll_call_votes/vote1191/vote_119_1_00345.xml,
s-119-1-346,2025-06-30,PROCEDURAL,hr-1-119,,PROCEDURAL_CATEGORY,,https://www.senate.gov/legislative/LIS/roll_call_votes/vote1191/vote_119_1_00346.xml,
s-119-1-347,2025-06-30,PROCEDURAL,hr-1-119,,PROCEDURAL_CATEGORY,,https://www.senate.gov/legislative/LIS/roll_call_votes/vote1191/vote_119_1_00347.xml,
s-119-1-348,2025-06-30,PROCEDURAL,hr-1-119,,PROCEDURAL_CATEGORY,,https://www.senate.gov/legislative/LIS/roll_call_votes/vote1191/vote_119_1_00348.xml,
s-119-1-349,2025-06-30,PROCEDURAL,hr-1-119,,PROCEDURAL_CATEGORY,,https://www.senate.gov/legislative/LIS/roll_call_votes/vote1191/vote_119_1_00349.xml,
s-119-1-350,2025-06-30,PROCEDURAL,hr-1-119,,PROCEDURAL_CATEGORY,,https://www.senate.gov/legislative/LIS/roll_call_votes/vote1191/vote_119_1_00350.xml,
s-119-1-351,2025-06-30,PROCEDURAL,hr-1-119,,PROCEDURAL_CATEGORY,,https://www.senate.gov/legislative/LIS/roll_call_votes/vote1191/vote_119_1_00351.xml,
s-119-1-352,2025-06-30,PROCEDURAL,,,PROCEDURAL_CATEGORY,,https://www.senate.gov/legislative/LIS/roll_call_votes/vote1191/vote_119_1_00352.xml,
s-119-1-353,2025-06-30,PROCEDURAL,hr-1-119,,PROCEDURAL_CATEGORY,,https://www.senate.gov/legislative/LIS/roll_call_votes/vote1191/vote_119_1_00353.xml,
s-119-1-354,2025-07-01,PROCEDURAL,hr-1-119,,PROCEDURAL_CATEGORY,,https://www.senate.gov/legislative/LIS/roll_call_votes/vote1191/vote_119_1_00354.xml,
s-119-1-355,2025-07-01,PROCEDURAL,,,PROCEDURAL_CATEGORY,,https://www.senate.gov/legislative/LIS/roll_call_votes/vote1191/vote_119_1_00355.xml,
s-119-1-356,2025-07-01,PROCEDURAL,,,PROCEDURAL_CATEGORY,,https://www.senate.gov/legislative/LIS/roll_call_votes/vote1191/vote_119_1_00356.xml,
s-119-1-357,2025-07-01,PROCEDURAL,hr-1-119,,PROCEDURAL_CATEGORY,,https://www.senate.gov/legislative/LIS/roll_call_votes/vote1191/vote_119_1_00357.xml,
s-119-1-358,2025-07-01,AMENDMENT,,,NO_IMPACT_TAG,,https://www.senate.gov/legislative/LIS/roll_call_votes/vote1191/vote_119_1_00358.xml,
s-119-1-359,2025-07-01,PROCEDURAL,hr-1-119,,PROCEDURAL_CATEGORY,,https://www.senate.gov/legislative/LIS/roll_call_votes/vote1191/vote_119_1_00359.xml,
s-119-1-360,2025-07-01,AMENDMENT,,,NO_IMPACT_TAG,,https://www.senate.gov/legislative/LIS/roll_call_votes/vote1191/vote_119_1_00360.xml,
s-119-1-361,2025-07-01,AMENDMENT,,,NO_IMPACT_TAG,,https://www.senate.gov/legislative/LIS/roll_call_votes/vote1191/vote_119_1_00361.xml,
s-119-1-362,2025-07-01,AMENDMENT,,,NO_IMPACT_TAG,,https://www.senate.gov/legislative/LIS/roll_call_votes/vote1191/vote_119_1_00362.xml,
s-119-1-363,2025-07-01,AMENDMENT,,,NO_IMPACT_TAG,,https://www.senate.gov/legislative/LIS/roll_call_votes/vote1191/vote_119_1_00363.xml,
s-119-1-364,2025-07-01,AMENDMENT,,,NO_IMPACT_TAG,,https://www.senate.gov/legislative/LIS/roll_call_votes/vote1191/vote_119_1_00364.xml,
s-119-1-365,2025-07-01,AMENDMENT,,,NO_IMPACT_TAG,,https://www.senate.gov/legislative/LIS/roll_call_votes/vote1191/vote_119_1_00365.xml,
s-119-1-366,2025-07-01,AMENDMENT,,,NO_IMPACT_TAG,,https://www.senate.gov/legislative/LIS/roll_call_votes/vote1191/vote_119_1_00366.xml,
s-119-1-367,2025-07-01,AMENDMENT,,,NO_IMPACT_TAG,,https://www.senate.gov/legislative/LIS/roll_call_votes/vote1191/vote_119_1_00367.xml,
s-119-1-368,2025-07-01,AMENDMENT,,,NO_IMPACT_TAG,,https://www.senate.gov/legislative/LIS/roll_call_votes/vote1191/vote_119_1_00368.xml,
s-119-1-369,2025-07-01,AMENDMENT,,,NO_IMPACT_TAG,,https://www.senate.gov/legislative/LIS/roll_call_votes/vote1191/vote_119_1_00369.xml,
s-119-1-370,2025-07-01,AMENDMENT,,,NO_IMPACT_TAG,,https://www.senate.gov/legislative/LIS/roll_call_votes/vote1191/vote_119_1_00370.xml,
s-119-1-371,2025-07-01,AMENDMENT,,,NO_IMPACT_TAG,,https://www.senate.gov/legislative/LIS/roll_call_votes/vote1191/vote_119_1_00371.xml,
s-119-1-372,2025-07-01,PASSAGE,hr-1-119,,NO_IMPACT_TAG,,https://www.senate.gov/legislative/LIS/roll_call_votes/vote1191/vote_119_1_00372.xml,
h-119-1-186,2025-07-02,PROCEDURAL,hres-566-119,,PROCEDURAL_CATEGORY,,https://clerk.house.gov/evs/2025/roll186.xml,
h-119-1-187,2025-07-02,PROCEDURAL,hres-566-119,,PROCEDURAL_CATEGORY,,https://clerk.house.gov/evs/2025/roll187.xml,
h-119-1-188,2025-07-02,AMENDMENT,hres-566-119,,RULE_RESOLUTION,,https://clerk.house.gov/evs/2025/roll188.xml,
h-119-1-189,2025-07-03,PASSAGE,hres-566-119,,RULE_RESOLUTION,,https://clerk.house.gov/evs/2025/roll189.xml,
h-119-1-190,2025-07-03,AMENDMENT,hr-1-119,,NO_IMPACT_TAG,,https://clerk.house.gov/evs/2025/roll190.xml,
s-119-1-373,2025-07-08,CLOTURE,pn-12-20-119,,PROCEDURAL_CATEGORY,,https://www.senate.gov/legislative/LIS/roll_call_votes/vote1191/vote_119_1_00373.xml,
s-119-1-374,2025-07-08,CLOTURE,pn-55-6-119,,PROCEDURAL_CATEGORY,,https://www.senate.gov/legislative/LIS/roll_call_votes/vote1191/vote_119_1_00374.xml,
s-119-1-375,2025-07-09,NOMINATION,pn-12-20-119,,PROCEDURAL_CATEGORY,,https://www.senate.gov/legislative/LIS/roll_call_votes/vote1191/vote_119_1_00375.xml,
s-119-1-376,2025-07-09,CLOTURE,pn-12-24-119,,PROCEDURAL_CATEGORY,,https://www.senate.gov/legislative/LIS/roll_call_votes/vote1191/vote_119_1_00376.xml,
s-119-1-377,2025-07-09,NOMINATION,pn-55-6-119,,PROCEDURAL_CATEGORY,,https://www.senate.gov/legislative/LIS/roll_call_votes/vote1191/vote_119_1_00377.xml,
s-119-1-378,2025-07-09,CLOTURE,pn-13-3-119,,PROCEDURAL_CATEGORY,,https://www.senate.gov/legislative/LIS/roll_call_votes/vote1191/vote_119_1_00378.xml,
s-119-1-379,2025-07-09,NOMINATION,pn-12-24-119,,PROCEDURAL_CATEGORY,,https://www.senate.gov/legislative/LIS/roll_call_votes/vote1191/vote_119_1_00379.xml,
s-119-1-380,2025-07-09,NOMINATION,pn-13-3-119,,PROCEDURAL_CATEGORY,,https://www.senate.gov/legislative/LIS/roll_call_votes/vote1191/vote_119_1_00380.xml,
s-119-1-381,2025-07-10,CLOTURE,pn-25-15-119,,PROCEDURAL_CATEGORY,,https://www.senate.gov/legislative/LIS/roll_call_votes/vote1191/vote_119_1_00381.xml,
s-119-1-382,2025-07-10,CLOTURE,pn-150-3-119,,PROCEDURAL_CATEGORY,,https://www.senate.gov/legislative/LIS/roll_call_votes/vote1191/vote_119_1_00382.xml,
s-119-1-383,2025-07-10,NOMINATION,pn-25-15-119,,PROCEDURAL_CATEGORY,,https://www.senate.gov/legislative/LIS/roll_call_votes/vote1191/vote_119_1_00383.xml,
h-119-1-191,2025-07-14,SUSPENSION,hr-1709-119,,PROCEDURAL_CATEGORY,,https://clerk.house.gov/evs/2025/roll191.xml,
h-119-1-192,2025-07-14,SUSPENSION,hr-1770-119,,PROCEDURAL_CATEGORY,,https://clerk.house.gov/evs/2025/roll192.xml,
h-119-1-193,2025-07-14,SUSPENSION,s-1596-119,,PROCEDURAL_CATEGORY,,https://clerk.house.gov/evs/2025/roll193.xml,
s-119-1-384,2025-07-14,NOMINATION,pn-150-3-119,,PROCEDURAL_CATEGORY,,https://www.senate.gov/legislative/LIS/roll_call_votes/vote1191/vote_119_1_00384.xml,
s-119-1-385,2025-07-14,CLOTURE,pn-25-39-119,,PROCEDURAL_CATEGORY,,https://www.senate.gov/legislative/LIS/roll_call_votes/vote1191/vote_119_1_00385.xml,
h-119-1-194,2025-07-15,PROCEDURAL,hres-580-119,,PROCEDURAL_CATEGORY,,https://clerk.house.gov/evs/2025/roll194.xml,
h-119-1-195,2025-07-15,PASSAGE,hres-580-119,,RULE_RESOLUTION,,https://clerk.house.gov/evs/2025/roll195.xml,
h-119-1-196,2025-07-15,SUSPENSION,hr-1717-119,,PROCEDURAL_CATEGORY,,https://clerk.house.gov/evs/2025/roll196.xml,
s-119-1-386,2025-07-15,NOMINATION,pn-25-39-119,,PROCEDURAL_CATEGORY,,https://www.senate.gov/legislative/LIS/roll_call_votes/vote1191/vote_119_1_00386.xml,
s-119-1-387,2025-07-15,CLOTURE,pn-22-26-119,,PROCEDURAL_CATEGORY,,https://www.senate.gov/legislative/LIS/roll_call_votes/vote1191/vote_119_1_00387.xml,
s-119-1-388,2025-07-15,NOMINATION,pn-22-26-119,,PROCEDURAL_CATEGORY,,https://www.senate.gov/legislative/LIS/roll_call_votes/vote1191/vote_119_1_00388.xml,
s-119-1-389,2025-07-15,CLOTURE,pn-26-15-119,,PROCEDURAL_CATEGORY,,https://www.senate.gov/legislative/LIS/roll_call_votes/vote1191/vote_119_1_00389.xml,
s-119-1-390,2025-07-15,NOMINATION,pn-26-15-119,,PROCEDURAL_CATEGORY,,https://www.senate.gov/legislative/LIS/roll_call_votes/vote1191/vote_119_1_00390.xml,
s-119-1-391,2025-07-15,PROCEDURAL,hr-4-119,,PROCEDURAL_CATEGORY,,https://www.senate.gov/legislative/LIS/roll_call_votes/vote1191/vote_119_1_00391.xml,
s-119-1-392,2025-07-15,PROCEDURAL,hr-4-119,,PROCEDURAL_CATEGORY,,https://www.senate.gov/legislative/LIS/roll_call_votes/vote1191/vote_119_1_00392.xml,
h-119-1-197,2025-07-16,PROCEDURAL,hres-580-119,,PROCEDURAL_CATEGORY,,https://clerk.house.gov/evs/2025/roll197.xml,
h-119-1-198,2025-07-16,PASSAGE,hres-580-119,,RULE_RESOLUTION,,https://clerk.house.gov/evs/2025/roll198.xml,
s-119-1-393,2025-07-16,AMENDMENT,,,NO_IMPACT_TAG,,https://www.senate.gov/legislative/LIS/roll_call_votes/vote1191/vote_119_1_00393.xml,
s-119-1-394,2025-07-16,MOTION_TO_RECOMMIT,hr-4-119,,PROCEDURAL_CATEGORY,,https://www.senate.gov/legislative/LIS/roll_call_votes/vote1191/vote_119_1_00394.xml,
s-119-1-395,2025-07-16,MOTION_TO_RECOMMIT,hr-4-119,,PROCEDURAL_CATEGORY,,https://www.senate.gov/legislative/LIS/roll_call_votes/vote1191/vote_119_1_00395.xml,
s-119-1-396,2025-07-16,MOTION_TO_RECOMMIT,hr-4-119,,PROCEDURAL_CATEGORY,,https://www.senate.gov/legislative/LIS/roll_call_votes/vote1191/vote_119_1_00396.xml,
s-119-1-397,2025-07-16,AMENDMENT,,,NO_IMPACT_TAG,,https://www.senate.gov/legislative/LIS/roll_call_votes/vote1191/vote_119_1_00397.xml,
s-119-1-398,2025-07-16,MOTION_TO_RECOMMIT,hr-4-119,,PROCEDURAL_CATEGORY,,https://www.senate.gov/legislative/LIS/roll_call_votes/vote1191/vote_119_1_00398.xml,
s-119-1-399,2025-07-16,MOTION_TO_RECOMMIT,hr-4-119,,PROCEDURAL_CATEGORY,,https://www.senate.gov/legislative/LIS/roll_call_votes/vote1191/vote_119_1_00399.xml,
s-119-1-400,2025-07-16,AMENDMENT,,,NO_IMPACT_TAG,,https://www.senate.gov/legislative/LIS/roll_call_votes/vote1191/vote_119_1_00400.xml,
s-119-1-401,2025-07-16,MOTION_TO_RECOMMIT,hr-4-119,,PROCEDURAL_CATEGORY,,https://www.senate.gov/legislative/LIS/roll_call_votes/vote1191/vote_119_1_00401.xml,
s-119-1-402,2025-07-16,AMENDMENT,,,NO_IMPACT_TAG,,https://www.senate.gov/legislative/LIS/roll_call_votes/vote1191/vote_119_1_00402.xml,
s-119-1-403,2025-07-16,MOTION_TO_RECOMMIT,hr-4-119,,PROCEDURAL_CATEGORY,,https://www.senate.gov/legislative/LIS/roll_call_votes/vote1191/vote_119_1_00403.xml,
s-119-1-404,2025-07-16,AMENDMENT,,,NO_IMPACT_TAG,,https://www.senate.gov/legislative/LIS/roll_call_votes/vote1191/vote_119_1_00404.xml,
h-119-1-199,2025-07-17,PASSAGE,hr-3633-119,,NO_IMPACT_TAG,,https://clerk.house.gov/evs/2025/roll199.xml,
h-119-1-200,2025-07-17,PASSAGE,s-1582-119,,NO_IMPACT_TAG,,https://clerk.house.gov/evs/2025/roll200.xml,
h-119-1-201,2025-07-17,PASSAGE,hr-1919-119,,NO_IMPACT_TAG,,https://clerk.house.gov/evs/2025/roll201.xml,
h-119-1-202,2025-07-17,PROCEDURAL,hres-590-119,,PROCEDURAL_CATEGORY,,https://clerk.house.gov/evs/2025/roll202.xml,
s-119-1-405,2025-07-17,PROCEDURAL,,,PROCEDURAL_CATEGORY,,https://www.senate.gov/legislative/LIS/roll_call_votes/vote1191/vote_119_1_00405.xml,
s-119-1-406,2025-07-17,AMENDMENT,,,NO_IMPACT_TAG,,https://www.senate.gov/legislative/LIS/roll_call_votes/vote1191/vote_119_1_00406.xml,
s-119-1-407,2025-07-17,AMENDMENT,,,NO_IMPACT_TAG,,https://www.senate.gov/legislative/LIS/roll_call_votes/vote1191/vote_119_1_00407.xml,
s-119-1-408,2025-07-17,AMENDMENT,,,NO_IMPACT_TAG,,https://www.senate.gov/legislative/LIS/roll_call_votes/vote1191/vote_119_1_00408.xml,
s-119-1-409,2025-07-17,AMENDMENT,,,NO_IMPACT_TAG,,https://www.senate.gov/legislative/LIS/roll_call_votes/vote1191/vote_119_1_00409.xml,
s-119-1-410,2025-07-17,AMENDMENT,,,NO_IMPACT_TAG,,https://www.senate.gov/legislative/LIS/roll_call_votes/vote1191/vote_119_1_00410.xml,
s-119-1-411,2025-07-17,PASSAGE,hr-4-119,,NO_IMPACT_TAG,,https://www.senate.gov/legislative/LIS/roll_call_votes/vote1191/vote_119_1_00411.xml,
s-119-1-412,2025-07-17,CLOTURE,pn-150-2-119,,PROCEDURAL_CATEGORY,,https://www.senate.gov/legislative/LIS/roll_call_votes/vote1191/vote_119_1_00412.xml,
s-119-1-413,2025-07-17,CLOTURE,pn-150-6-119,,PROCEDURAL_CATEGORY,,https://www.senate.gov/legislative/LIS/roll_call_votes/vote1191/vote_119_1_00413.xml,
s-119-1-414,2025-07-17,CLOTURE,pn-26-27-119,,PROCEDURAL_CATEGORY,,https://www.senate.gov/legislative/LIS/roll_call_votes/vote1191/vote_119_1_00414.xml,
s-119-1-415,2025-07-17,CLOTURE,pn-22-7-119,,PROCEDURAL_CATEGORY,,https://www.senate.gov/legislative/LIS/roll_call_votes/vote1191/vote_119_1_00415.xml,
s-119-1-416,2025-07-17,CLOTURE,pn-22-25-119,,PROCEDURAL_CATEGORY,,https://www.senate.gov/legislative/LIS/roll_call_votes/vote1191/vote_119_1_00416.xml,
s-119-1-417,2025-07-17,CLOTURE,pn-24-3-119,,PROCEDURAL_CATEGORY,,https://www.senate.gov/legislative/LIS/roll_call_votes/vote1191/vote_119_1_00417.xml,
h-119-1-203,2025-07-18,PASSAGE,hres-590-119,,NO_IMPACT_TAG,,https://clerk.house.gov/evs/2025/roll203.xml,
h-119-1-204,2025-07-18,AMENDMENT,hr-4016-119,,NO_IMPACT_TAG,,https://clerk.house.gov/evs/2025/roll204.xml,
h-119-1-205,2025-07-18,AMENDMENT,hr-4016-119,,NO_IMPACT_TAG,,https://clerk.house.gov/evs/2025/roll205.xml,
h-119-1-206,2025-07-18,AMENDMENT,hr-4016-119,,NO_IMPACT_TAG,,https://clerk.house.gov/evs/2025/roll206.xml,
h-119-1-207,2025-07-18,AMENDMENT,hr-4016-119,,NO_IMPACT_TAG,,https://clerk.house.gov/evs/2025/roll207.xml,
h-119-1-208,2025-07-18,AMENDMENT,hr-4016-119,,NO_IMPACT_TAG,,https://clerk.house.gov/evs/2025/roll208.xml,
h-119-1-209,2025-07-18,AMENDMENT,hr-4016-119,,NO_IMPACT_TAG,,https://clerk.house.gov/evs/2025/roll209.xml,
h-119-1-210,2025-07-18,AMENDMENT,hr-4016-119,,NO_IMPACT_TAG,,https://clerk.house.gov/evs/2025/roll210.xml,
h-119-1-211,2025-07-18,MOTION_TO_RECOMMIT,hr-4016-119,,PROCEDURAL_CATEGORY,,https://clerk.house.gov/evs/2025/roll211.xml,
h-119-1-212,2025-07-18,PASSAGE,hr-4016-119,,NO_IMPACT_TAG,,https://clerk.house.gov/evs/2025/roll212.xml,
h-119-1-213,2025-07-21,SUSPENSION,hr-3095-119,,PROCEDURAL_CATEGORY,,https://clerk.house.gov/evs/2025/roll213.xml,
h-119-1-214,2025-07-21,SUSPENSION,hr-3351-119,,PROCEDURAL_CATEGORY,,https://clerk.house.gov/evs/2025/roll214.xml,
s-119-1-418,2025-07-21,CLOTURE,pn-26-11-119,,PROCEDURAL_CATEGORY,,https://www.senate.gov/legislative/LIS/roll_call_votes/vote1191/vote_119_1_00418.xml,
h-119-1-215,2025-07-22,SUSPENSION,hr-3937-119,,PROCEDURAL_CATEGORY,,https://clerk.house.gov/evs/2025/roll215.xml,
h-119-1-216,2025-07-22,SUSPENSION,hr-1917-119,REGULATORY_BURDEN,PROCEDURAL_CATEGORY,,https://clerk.house.gov/evs/2025/roll216.xml,
s-119-1-419,2025-07-22,NOMINATION,pn-26-11-119,,PROCEDURAL_CATEGORY,,https://www.senate.gov/legislative/LIS/roll_call_votes/vote1191/vote_119_1_00419.xml,
s-119-1-420,2025-07-22,NOMINATION,pn-150-2-119,,PROCEDURAL_CATEGORY,,https://www.senate.gov/legislative/LIS/roll_call_votes/vote1191/vote_119_1_00420.xml,
s-119-1-421,2025-07-22,NOMINATION,pn-150-6-119,,PROCEDURAL_CATEGORY,,https://www.senate.gov/legislative/LIS/roll_call_votes/vote1191/vote_119_1_00421.xml,
s-119-1-422,2025-07-22,PROCEDURAL,hr-3944-119,,PROCEDURAL_CATEGORY,,https://www.senate.gov/legislative/LIS/roll_call_votes/vote1191/vote_119_1_00422.xml,
s-119-1-423,2025-07-22,CLOTURE,hr-3944-119,,PROCEDURAL_CATEGORY,,https://www.senate.gov/legislative/LIS/roll_call_votes/vote1191/vote_119_1_00423.xml,
s-119-1-424,2025-07-22,NOMINATION,pn-26-27-119,,PROCEDURAL_CATEGORY,,https://www.senate.gov/legislative/LIS/roll_call_votes/vote1191/vote_119_1_00424.xml,
s-119-1-425,2025-07-22,NOMINATION,pn-22-7-119,,PROCEDURAL_CATEGORY,,https://www.senate.gov/legislative/LIS/roll_call_votes/vote1191/vote_119_1_00425.xml,
h-119-1-217,2025-07-23,SUSPENSION,hr-3357-119,,PROCEDURAL_CATEGORY,,https://clerk.house.gov/evs/2025/roll217.xml,
h-119-1-218,2025-07-23,SUSPENSION,hr-4275-119,,PROCEDURAL_CATEGORY,,https://clerk.house.gov/evs/2025/roll218.xml,
s-119-1-426,2025-07-23,NOMINATION,pn-22-25-119,,PROCEDURAL_CATEGORY,,https://www.senate.gov/legislative/LIS/roll_call_votes/vote1191/vote_119_1_00426.xml,
s-119-1-427,2025-07-23,NOMINATION,pn-24-3-119,,PROCEDURAL_CATEGORY,,https://www.senate.gov/legislative/LIS/roll_call_votes/vote1191/vote_119_1_00427.xml,
s-119-1-428,2025-07-23,PROCEDURAL,hr-3944-119,,PROCEDURAL_CATEGORY,,https://www.senate.gov/legislative/LIS/roll_call_votes/vote1191/vote_119_1_00428.xml,
s-119-1-429,2025-07-23,CLOTURE,pn-150-1-119,,PROCEDURAL_CATEGORY,,https://www.senate.gov/legislative/LIS/roll_call_votes/vote1191/vote_119_1_00429.xml,
s-119-1-430,2025-07-23,NOMINATION,pn-150-1-119,,PROCEDURAL_CATEGORY,,https://www.senate.gov/legislative/LIS/roll_call_votes/vote1191/vote_119_1_00430.xml,
s-119-1-431,2025-07-23,CLOTURE,pn-25-53-119,,PROCEDURAL_CATEGORY,,https://www.senate.gov/legislative/LIS/roll_call_votes/vote1191/vote_119_1_00431.xml,
s-119-1-432,2025-07-23,NOMINATION,pn-25-53-119,,PROCEDURAL_CATEGORY,,https://www.senate.gov/legislative/LIS/roll_call_votes/vote1191/vote_119_1_00432.xml,
s-119-1-433,2025-07-23,CLOTURE,pn-22-15-119,,PROCEDURAL_CATEGORY,,https://www.senate.gov/legislative/LIS/roll_call_votes/vote1191/vote_119_1_00433.xml,
s-119-1-434,2025-07-24,NOMINATION,pn-22-15-119,,PROCEDURAL_CATEGORY,,https://www.senate.gov/legislative/LIS/roll_call_votes/vote1191/vote_119_1_00434.xml,
s-119-1-435,2025-07-24,CLOTURE,pn-25-54-119,,PROCEDURAL_CATEGORY,,https://www.senate.gov/legislative/LIS/roll_call_votes/vote1191/vote_119_1_00435.xml,
s-119-1-436,2025-07-24,NOMINATION,pn-25-54-119,,PROCEDURAL_CATEGORY,,https://www.senate.gov/legislative/LIS/roll_call_votes/vote1191/vote_119_1_00436.xml,
s-119-1-437,2025-07-24,CLOTURE,pn-346-2-119,,PROCEDURAL_CATEGORY,,https://www.senate.gov/legislative/LIS/roll_call_votes/vote1191/vote_119_1_00437.xml,
s-119-1-438,2025-07-28,CLOTURE,pn-345-20-119,,PROCEDURAL_CATEGORY,,https://www.senate.gov/legislative/LIS/roll_call_votes/vote1191/vote_119_1_00438.xml,
s-119-1-439,2025-07-28,NOMINATION,pn-345-20-119,,PROCEDURAL_CATEGORY,,https://www.senate.gov/legislative/LIS/roll_call_votes/vote1191/vote_119_1_00439.xml,
s-119-1-440,2025-07-28,CLOTURE,pn-22-17-119,,PROCEDURAL_CATEGORY,,https://www.senate.gov/legislative/LIS/roll_call_votes/vote1191/vote_119_1_00440.xml,
s-119-1-441,2025-07-29,NOMINATION,pn-22-17-119,,PROCEDURAL_CATEGORY,,https://www.senate.gov/legislative/LIS/roll_call_votes/vote1191/vote_119_1_00441.xml,
s-119-1-442,2025-07-29,CLOTURE,pn-22-13-119,,PROCEDURAL_CATEGORY,,https://www.senate.gov/legislative/LIS/roll_call_votes/vote1191/vote_119_1_00442.xml,
s-119-1-443,2025-07-29,NOMINATION,pn-22-13-119,,PROCEDURAL_CATEGORY,,https://www.senate.gov/legislative/LIS/roll_call_votes/vote1191/vote_119_1_00443.xml,
s-119-1-444,2025-07-29,CLOTURE,pn-60-14-119,,PROCEDURAL_CATEGORY,,https://www.senate.gov/legislative/LIS/roll_call_votes/vote1191/vote_119_1_00444.xml,
s-119-1-445,2025-07-29,NOMINATION,pn-60-14-119,,PROCEDURAL_CATEGORY,,https://www.senate.gov/legislative/LIS/roll_call_votes/vote1191/vote_119_1_00445.xml,
s-119-1-446,2025-07-29,CLOTURE,pn-12-7-119,,PROCEDURAL_CATEGORY,,https://www.senate.gov/legislative/LIS/roll_call_votes/vote1191/vote_119_1_00446.xml,
s-119-1-447,2025-07-29,NOMINATION,pn-12-7-119,,PROCEDURAL_CATEGORY,,https://www.senate.gov/legislative/LIS/roll_call_votes/vote1191/vote_119_1_00447.xml,
s-119-1-448,2025-07-29,NOMINATION,pn-346-2-119,,PROCEDURAL_CATEGORY,,https://www.senate.gov/legislative/LIS/roll_call_votes/vote1191/vote_119_1_00448.xml,
s-119-1-449,2025-07-30,CLOTURE,pn-129-4-119,,PROCEDURAL_CATEGORY,,https://www.senate.gov/legislative/LIS/roll_call_votes/vote1191/vote_119_1_00449.xml,
s-119-1-450,2025-07-30,NOMINATION,pn-129-4-119,,PROCEDURAL_CATEGORY,,https://www.senate.gov/legislative/LIS/roll_call_votes/vote1191/vote_119_1_00450.xml,
s-119-1-451,2025-07-30,CLOTURE,pn-25-27-119,,PROCEDURAL_CATEGORY,,https://www.senate.gov/legislative/LIS/roll_call_votes/vote1191/vote_119_1_00451.xml,
s-119-1-452,2025-07-30,NOMINATION,pn-25-27-119,,PROCEDURAL_CATEGORY,,https://www.senate.gov/legislative/LIS/roll_call_votes/vote1191/vote_119_1_00452.xml,
s-119-1-453,2025-07-30,CLOTURE,pn-25-8-119,,PROCEDURAL_CATEGORY,,https://www.senate.gov/legislative/LIS/roll_call_votes/vote1191/vote_119_1_00453.xml,
s-119-1-454,2025-07-30,PROCEDURAL,sjres-41-119,,PROCEDURAL_CATEGORY,,https://www.senate.gov/legislative/LIS/roll_call_votes/vote1191/vote_119_1_00454.xml,
s-119-1-455,2025-07-30,PROCEDURAL,sjres-34-119,,PROCEDURAL_CATEGORY,,https://www.senate.gov/legislative/LIS/roll_call_votes/vote1191/vote_119_1_00455.xml,
s-119-1-456,2025-07-30,CLOTURE,pn-26-42-119,,PROCEDURAL_CATEGORY,,https://www.senate.gov/legislative/LIS/roll_call_votes/vote1191/vote_119_1_00456.xml,
s-119-1-457,2025-07-30,CLOTURE,pn-26-25-119,,PROCEDURAL_CATEGORY,,https://www.senate.gov/legislative/LIS/roll_call_votes/vote1191/vote_119_1_00457.xml,
s-119-1-458,2025-07-31,CLOTURE,pn-141-30-119,,PROCEDURAL_CATEGORY,,https://www.senate.gov/legislative/LIS/roll_call_votes/vote1191/vote_119_1_00458.xml,
s-119-1-459,2025-07-31,NOMINATION,pn-25-8-119,,PROCEDURAL_CATEGORY,,https://www.senate.gov/legislative/LIS/roll_call_votes/vote1191/vote_119_1_00459.xml,
s-119-1-460,2025-07-31,NOMINATION,pn-26-42-119,,PROCEDURAL_CATEGORY,,https://www.senate.gov/legislative/LIS/roll_call_votes/vote1191/vote_119_1_00460.xml,
s-119-1-461,2025-07-31,NOMINATION,pn-141-30-119,,PROCEDURAL_CATEGORY,,https://www.senate.gov/legislative/LIS/roll_call_votes/vote1191/vote_119_1_00461.xml,
s-119-1-462,2025-07-31,CLOTURE,pn-55-28-119,,PROCEDURAL_CATEGORY,,https://www.senate.gov/legislative/LIS/roll_call_votes/vote1191/vote_119_1_00462.xml,
s-119-1-463,2025-07-31,NOMINATION,pn-26-25-119,,PROCEDURAL_CATEGORY,,https://www.senate.gov/legislative/LIS/roll_call_votes/vote1191/vote_119_1_00463.xml,
s-119-1-464,2025-07-31,NOMINATION,pn-55-28-119,,PROCEDURAL_CATEGORY,,https://www.senate.gov/legislative/LIS/roll_call_votes/vote1191/vote_119_1_00464.xml,
s-119-1-465,2025-07-31,CLOTURE,pn-13-11-119,,PROCEDURAL_CATEGORY,,https://www.senate.gov/legislative/LIS/roll_call_votes/vote1191/vote_119_1_00465.xml,
s-119-1-466,2025-07-31,CLOTURE,pn-26-49-119,,PROCEDURAL_CATEGORY,,https://www.senate.gov/legislative/LIS/roll_call_votes/vote1191/vote_119_1_00466.xml,
s-119-1-467,2025-07-31,CLOTURE,pn-25-26-119,,PROCEDURAL_CATEGORY,,https://www.senate.gov/legislative/LIS/roll_call_votes/vote1191/vote_119_1_00467.xml,
s-119-1-468,2025-08-01,CLOTURE,pn-13-11-119,,PROCEDURAL_CATEGORY,,https://www.senate.gov/legislative/LIS/roll_call_votes/vote1191/vote_119_1_00468.xml,
s-119-1-469,2025-08-01,NOMINATION,pn-13-11-119,,PROCEDURAL_CATEGORY,,https://www.senate.gov/legislative/LIS/roll_call_votes/vote1191/vote_119_1_00469.xml,
s-119-1-470,2025-08-01,NOMINATION,pn-25-35-119,,PROCEDURAL_CATEGORY,,https://www.senate.gov/legislative/LIS/roll_call_votes/vote1191/vote_119_1_00470.xml,
s-119-1-471,2025-08-01,CLOTURE,pn-55-36-119,,PROCEDURAL_CATEGORY,,https://www.senate.gov/legislative/LIS/roll_call_votes/vote1191/vote_119_1_00471.xml,
s-119-1-472,2025-08-01,PROCEDURAL,,,PROCEDURAL_CATEGORY,,https://www.senate.gov/legislative/LIS/roll_call_votes/vote1191/vote_119_1_00472.xml,
s-119-1-473,2025-08-01,AMENDMENT,,,NO_IMPACT_TAG,,https://www.senate.gov/legislative/LIS/roll_call_votes/vote1191/vote_119_1_00473.xml,
s-119-1-474,2025-08-01,AMENDMENT,,,NO_IMPACT_TAG,,https://www.senate.gov/legislative/LIS/roll_call_votes/vote1191/vote_119_1_00474.xml,
s-119-1-475,2025-08-01,AMENDMENT,,,NO_IMPACT_TAG,,https://www.senate.gov/legislative/LIS/roll_call_votes/vote1191/vote_119_1_00475.xml,
s-119-1-476,2025-08-01,AMENDMENT,,,NO_IMPACT_TAG,,https://www.senate.gov/legislative/LIS/roll_call_votes/vote1191/vote_119_1_00476.xml,
s-119-1-477,2025-08-01,AMENDMENT,,,NO_IMPACT_TAG,,https://www.senate.gov/legislative/LIS/roll_call_votes/vote1191/vote_119_1_00477.xml,
s-119-1-478,2025-08-01,AMENDMENT,,,NO_IMPACT_TAG,,https://www.senate.gov/legislative/LIS/roll_call_votes/vote1191/vote_119_1_00478.xml,
s-119-1-479,2025-08-01,AMENDMENT,,,NO_IMPACT_TAG,,https://www.senate.gov/legislative/LIS/roll_call_votes/vote1191/vote_119_1_00479.xml,
s-119-1-480,2025-08-01,PASSAGE,hr-3944-119,,NO_IMPACT_TAG,,https://www.senate.gov/legislative/LIS/roll_call_votes/vote1191/vote_119_1_00480.xml,
s-119-1-481,2025-08-01,AMENDMENT,,,NO_IMPACT_TAG,,https://www.senate.gov/legislative/LIS/roll_call_votes/vote1191/vote_119_1_00481.xml,
s-119-1-482,2025-08-01,NOMINATION,pn-55-36-119,,PROCEDURAL_CATEGORY,,https://www.senate.gov/legislative/LIS/roll_call_votes/vote1191/vote_119_1_00482.xml,
s-119-1-483,2025-08-01,NOMINATION,pn-26-49-119,,PROCEDURAL_CATEGORY,,https://www.senate.gov/legislative/LIS/roll_call_votes/vote1191/vote_119_1_00483.xml,
s-119-1-484,2025-08-01,NOMINATION,pn-25-26-119,,PROCEDURAL_CATEGORY,,https://www.senate.gov/legislative/LIS/roll_call_votes/vote1191/vote_119_1_00484.xml,
s-119-1-485,2025-08-02,CLOTURE,pn-26-39-119,,PROCEDURAL_CATEGORY,,https://www.senate.gov/legislative/LIS/roll_call_votes/vote1191/vote_119_1_00485.xml,
s-119-1-486,2025-08-02,NOMINATION,pn-26-39-119,,PROCEDURAL_CATEGORY,,https://www.senate.gov/legislative/LIS/roll_call_votes/vote1191/vote_119_1_00486.xml,
s-119-1-487,2025-08-02,CLOTURE,pn-26-5-119,,PROCEDURAL_CATEGORY,,https://www.senate.gov/legislative/LIS/roll_call_votes/vote1191/vote_119_1_00487.xml,
s-119-1-488,2025-08-02,NOMINATION,pn-26-5-119,,PROCEDURAL_CATEGORY,,https://www.senate.gov/legislative/LIS/roll_call_votes/vote1191/vote_119_1_00488.xml,
s-119-1-489,2025-08-02,CLOTURE,pn-26-40-119,,PROCEDURAL_CATEGORY,,https://www.senate.gov/legislative/LIS/roll_call_votes/vote1191/vote_119_1_00489.xml,
s-119-1-490,2025-08-02,NOMINATION,pn-26-40-119,,PROCEDURAL_CATEGORY,,https://www.senate.gov/legislative/LIS/roll_call_votes/vote1191/vote_119_1_00490.xml,
s-119-1-491,2025-08-02,CLOTURE,pn-345-15-119,,PROCEDURAL_CATEGORY,,https://www.senate.gov/legislative/LIS/roll_call_votes/vote1191/vote_119_1_00491.xml,
s-119-1-492,2025-08-02,NOMINATION,pn-345-15-119,,PROCEDURAL_CATEGORY,,https://www.senate.gov/legislative/LIS/roll_call_votes/vote1191/vote_119_1_00492.xml,
s-119-1-493,2025-08-02,CLOTURE,pn-12-26-119,,PROCEDURAL_CATEGORY,,https://www.senate.gov/legislative/LIS/roll_call_votes/vote1191/vote_119_1_00493.xml,
s-119-1-494,2025-08-02,NOMINATION,pn-12-26-119,,PROCEDURAL_CATEGORY,,https://www.senate.gov/legislative/LIS/roll_call_votes/vote1191/vote_119_1_00494.xml,
s-119-1-495,2025-08-02,NOMINATION,pn-25-16-119,,PROCEDURAL_CATEGORY,,https://www.senate.gov/legislative/LIS/roll_call_votes/vote1191/vote_119_1_00495.xml,
s-119-1-496,2025-08-02,NOMINATION,pn-26-2-119,,PROCEDURAL_CATEGORY,,https://www.senate.gov/legislative/LIS/roll_call_votes/vote1191/vote_119_1_00496.xml,
s-119-1-497,2025-08-02,NOMINATION,pn-24-2-119,,PROCEDURAL_CATEGORY,,https://www.senate.gov/legislative/LIS/roll_call_votes/vote1191/vote_119_1_00497.xml,
s-119-1-498,2025-08-02,NOMINATION,pn-55-43-119,,PROCEDURAL_CATEGORY,,https://www.senate.gov/legislative/LIS/roll_call_votes/vote1191/vote_119_1_00498.xml,
s-119-1-499,2025-08-02,NOMINATION,pn-22-18-119,,PROCEDURAL_CATEGORY,,https://www.senate.gov/legislative/LIS/roll_call_votes/vote1191/vote_119_1_00499.xml,
h-119-1-219,2025-09-02,SUSPENSION,hr-4216-119,,PROCEDURAL_CATEGORY,,https://clerk.house.gov/evs/2025/roll219.xml,
h-119-1-220,2025-09-02,SUSPENSION,hr-747-119,,PROCEDURAL_CATEGORY,,https://clerk.house.gov/evs/2025/roll220.xml,
s-119-1-500,2025-09-02,CLOTURE,s-2296-119,,PROCEDURAL_CATEGORY,,https://www.senate.gov/legislative/LIS/roll_call_votes/vote1191/vote_119_1_00500.xml,
h-119-1-221,2025-09-03,PROCEDURAL,hres-672-119,,PROCEDURAL_CATEGORY,Republican,https://clerk.house.gov/evs/2025/roll221.xml,
h-119-1-222,2025-09-03,PASSAGE,hres-672-119,,RULE_RESOLUTION,Republican,https://clerk.house.gov/evs/2025/roll222.xml,
h-119-1-223,2025-09-03,PROCEDURAL,hres-539-119,,PROCEDURAL_CATEGORY,,https://clerk.house.gov/evs/2025/roll223.xml,
h-119-1-224,2025-09-03,PASSAGE,hjres-104-119,,NO_IMPACT_TAG,,https://clerk.house.gov/evs/2025/roll224.xml,
h-119-1-225,2025-09-03,PASSAGE,hjres-106-119,,NO_IMPACT_TAG,,https://clerk.house.gov/evs/2025/roll225.xml,
h-119-1-226,2025-09-03,PASSAGE,hjres-105-119,,NO_IMPACT_TAG,,https://clerk.house.gov/evs/2025/roll226.xml,
h-119-1-227,2025-09-03,AMENDMENT,hr-4553-119,,NO_IMPACT_TAG,,https://clerk.house.gov/evs/2025/roll227.xml,
h-119-1-228,2025-09-03,AMENDMENT,hr-4553-119,,NO_IMPACT_TAG,,https://clerk.house.gov/evs/2025/roll228.xml,
h-119-1-229,2025-09-03,AMENDMENT,hr-4553-119,,NO_IMPACT_TAG,,https://clerk.house.gov/evs/2025/roll229.xml,
h-119-1-230,2025-09-03,AMENDMENT,hr-4553-119,,NO_IMPACT_TAG,,https://clerk.house.gov/evs/2025/roll230.xml,
h-119-1-231,2025-09-03,AMENDMENT,hr-4553-119,,NO_IMPACT_TAG,,https://clerk.house.gov/evs/2025/roll231.xml,
h-119-1-232,2025-09-03,AMENDMENT,hr-4553-119,,NO_IMPACT_TAG,,https://clerk.house.gov/evs/2025/roll232.xml,
h-119-1-233,2025-09-03,AMENDMENT,hr-4553-119,,NO_IMPACT_TAG,,https://clerk.house.gov/evs/2025/roll233.xml,
h-119-1-234,2025-09-03,AMENDMENT,hr-4553-119,,NO_IMPACT_TAG,,https://clerk.house.gov/evs/2025/roll234.xml,
h-119-1-235,2025-09-04,AMENDMENT,hr-4553-119,,NO_IMPACT_TAG,,https://clerk.house.gov/evs/2025/roll235.xml,
h-119-1-236,2025-09-04,AMENDMENT,hr-4553-119,,NO_IMPACT_TAG,,https://clerk.house.gov/evs/2025/roll236.xml,
h-119-1-237,2025-09-04,AMENDMENT,hr-4553-119,,NO_IMPACT_TAG,,https://clerk.house.gov/evs/2025/roll237.xml,
h-119-1-238,2025-09-04,MOTION_TO_RECOMMIT,hr-4553-119,,PROCEDURAL_CATEGORY,,https://clerk.house.gov/evs/2025/roll238.xml,
h-119-1-239,2025-09-04,PASSAGE,hr-4553-119,,NO_IMPACT_TAG,,https://clerk.house.gov/evs/2025/roll239.xml,
s-119-1-501,2025-09-04,CLOTURE,pn-150-4-119,,PROCEDURAL_CATEGORY,,https://www.senate.gov/legislative/LIS/roll_call_votes/vote1191/vote_119_1_00501.xml,
s-119-1-502,2025-09-04,CLOTURE,pn-346-1-119,,PROCEDURAL_CATEGORY,,https://www.senate.gov/legislative/LIS/roll_call_votes/vote1191/vote_119_1_00502.xml,
s-119-1-503,2025-09-04,PROCEDURAL,s-2296-119,,PROCEDURAL_CATEGORY,,https://www.senate.gov/legislative/LIS/roll_call_votes/vote1191/vote_119_1_00503.xml,
h-119-1-240,2025-09-08,SUSPENSION,hr-3424-119,,PROCEDURAL_CATEGORY,,https://clerk.house.gov/evs/2025/roll240.xml,
h-119-1-241,2025-09-08,SUSPENSION,hr-3425-119,,PROCEDURAL_CATEGORY,,https://clerk.house.gov/evs/2025/roll241.xml,
s-119-1-504,2025-09-08,NOMINATION,pn-346-1-119,,PROCEDURAL_CATEGORY,,https://www.senate.gov/legislative/LIS/roll_call_votes/vote1191/vote_119_1_00504.xml,
h-119-1-242,2025-09-09,PROCEDURAL,hres-682-119,FEDERAL_CONTRACTING,PROCEDURAL_CATEGORY,,https://clerk.house.gov/evs/2025/roll242.xml,
h-119-1-243,2025-09-09,PASSAGE,hres-682-119,FEDERAL_CONTRACTING,RULE_RESOLUTION,,https://clerk.house.gov/evs/2025/roll243.xml,
s-119-1-505,2025-09-09,NOMINATION,pn-150-4-119,,PROCEDURAL_CATEGORY,,https://www.senate.gov/legislative/LIS/roll_call_votes/vote1191/vote_119_1_00505.xml,
s-119-1-506,2025-09-09,CLOTURE,pn-129-10-119,,PROCEDURAL_CATEGORY,,https://www.senate.gov/legislative/LIS/roll_call_votes/vote1191/vote_119_1_00506.xml,
s-119-1-507,2025-09-09,NOMINATION,pn-129-10-119,,PROCEDURAL_CATEGORY,,https://www.senate.gov/legislative/LIS/roll_call_votes/vote1191/vote_119_1_00507.xml,
s-119-1-508,2025-09-09,CLOTURE,pn-346-3-119,,PROCEDURAL_CATEGORY,,https://www.senate.gov/legislative/LIS/roll_call_votes/vote1191/vote_119_1_00508.xml,
s-119-1-509,2025-09-09,NOMINATION,pn-346-3-119,,PROCEDURAL_CATEGORY,,https://www.senate.gov/legislative/LIS/roll_call_votes/vote1191/vote_119_1_00509.xml,
s-119-1-510,2025-09-09,PROCEDURAL,sres-377-119,,PROCEDURAL_CATEGORY,,https://www.senate.gov/legislative/LIS/roll_call_votes/vote1191/vote_119_1_00510.xml,
s-119-1-511,2025-09-09,PROCEDURAL,sres-377-119,,PROCEDURAL_CATEGORY,,https://www.senate.gov/legislative/LIS/roll_call_votes/vote1191/vote_119_1_00511.xml,
h-119-1-244,2025-09-10,AMENDMENT,hr-3838-119,,NO_IMPACT_TAG,,https://clerk.house.gov/evs/2025/roll244.xml,
h-119-1-245,2025-09-10,AMENDMENT,hr-3838-119,,NO_IMPACT_TAG,,https://clerk.house.gov/evs/2025/roll245.xml,
h-119-1-246,2025-09-10,AMENDMENT,hr-3838-119,,NO_IMPACT_TAG,,https://clerk.house.gov/evs/2025/roll246.xml,
h-119-1-247,2025-09-10,AMENDMENT,hr-3838-119,,NO_IMPACT_TAG,,https://clerk.house.gov/evs/2025/roll247.xml,
h-119-1-248,2025-09-10,AMENDMENT,hr-3838-119,,NO_IMPACT_TAG,,https://clerk.house.gov/evs/2025/roll248.xml,
h-119-1-249,2025-09-10,AMENDMENT,hr-3838-119,,NO_IMPACT_TAG,,https://clerk.house.gov/evs/2025/roll249.xml,
h-119-1-250,2025-09-10,AMENDMENT,hr-3838-119,,NO_IMPACT_TAG,,https://clerk.house.gov/evs/2025/roll250.xml,
h-119-1-251,2025-09-10,AMENDMENT,hr-3838-119,,NO_IMPACT_TAG,,https://clerk.house.gov/evs/2025/roll251.xml,
h-119-1-252,2025-09-10,AMENDMENT,hr-3838-119,,NO_IMPACT_TAG,,https://clerk.house.gov/evs/2025/roll252.xml,
h-119-1-253,2025-09-10,AMENDMENT,hr-3838-119,,NO_IMPACT_TAG,,https://clerk.house.gov/evs/2025/roll253.xml,
h-119-1-254,2025-09-10,AMENDMENT,hr-3838-119,,NO_IMPACT_TAG,,https://clerk.house.gov/evs/2025/roll254.xml,
h-119-1-255,2025-09-10,AMENDMENT,hr-3838-119,,NO_IMPACT_TAG,,https://clerk.house.gov/evs/2025/roll255.xml,
h-119-1-256,2025-09-10,AMENDMENT,hr-3838-119,,NO_IMPACT_TAG,,https://clerk.house.gov/evs/2025/roll256.xml,
h-119-1-257,2025-09-10,AMENDMENT,hr-3838-119,,NO_IMPACT_TAG,,https://clerk.house.gov/evs/2025/roll257.xml,
h-119-1-258,2025-09-10,AMENDMENT,hr-3838-119,,NO_IMPACT_TAG,,https://clerk.house.gov/evs/2025/roll258.xml,
h-119-1-259,2025-09-10,AMENDMENT,hr-3838-119,,NO_IMPACT_TAG,,https://clerk.house.gov/evs/2025/roll259.xml,
h-119-1-260,2025-09-10,AMENDMENT,hr-3838-119,,NO_IMPACT_TAG,,https://clerk.house.gov/evs/2025/roll260.xml,
h-119-1-261,2025-09-10,MOTION_TO_RECOMMIT,hr-3838-119,FEDERAL_CONTRACTING,PROCEDURAL_CATEGORY,,https://clerk.house.gov/evs/2025/roll261.xml,
s-119-1-512,2025-09-10,PROCEDURAL,,,PROCEDURAL_CATEGORY,,https://www.senate.gov/legislative/LIS/roll_call_votes/vote1191/vote_119_1_00512.xml,
h-119-1-263,2025-09-11,PROCEDURAL,hr-3944-119,,PROCEDURAL_CATEGORY,,https://clerk.house.gov/evs/2025/roll263.xml,
h-119-1-264,2025-09-11,PASSAGE,hr-3486-119,,NO_IMPACT_TAG,,https://clerk.house.gov/evs/2025/roll264.xml,
s-119-1-513,2025-09-11,CLOTURE,sres-377-119,,PROCEDURAL_CATEGORY,,https://www.senate.gov/legislative/LIS/roll_call_votes/vote1191/vote_119_1_00513.xml,
s-119-1-514,2025-09-11,PROCEDURAL,sres-377-119,,PROCEDURAL_CATEGORY,,https://www.senate.gov/legislative/LIS/roll_call_votes/vote1191/vote_119_1_00514.xml,
s-119-1-515,2025-09-11,PROCEDURAL,sres-377-119,,PROCEDURAL_CATEGORY,,https://www.senate.gov/legislative/LIS/roll_call_votes/vote1191/vote_119_1_00515.xml,
s-119-1-516,2025-09-11,CLOTURE,sres-377-119,,PROCEDURAL_CATEGORY,,https://www.senate.gov/legislative/LIS/roll_call_votes/vote1191/vote_119_1_00516.xml,
h-119-1-265,2025-09-15,PROCEDURAL,hjres-117-119,,PROCEDURAL_CATEGORY,,https://clerk.house.gov/evs/2025/roll265.xml,
h-119-1-266,2025-09-15,SUSPENSION,hr-3400-119,,PROCEDURAL_CATEGORY,,https://clerk.house.gov/evs/2025/roll266.xml,
s-119-1-517,2025-09-15,PROCEDURAL,sres-377-119,,PROCEDURAL_CATEGORY,,https://www.senate.gov/legislative/LIS/roll_call_votes/vote1191/vote_119_1_00517.xml,
s-119-1-518,2025-09-15,CLOTURE,pn-464-119,,PROCEDURAL_CATEGORY,,https://www.senate.gov/legislative/LIS/roll_call_votes/vote1191/vote_119_1_00518.xml,
s-119-1-519,2025-09-15,NOMINATION,pn-464-119,,PROCEDURAL_CATEGORY,,https://www.senate.gov/legislative/LIS/roll_call_votes/vote1191/vote_119_1_00519.xml,
h-119-1-267,2025-09-16,PROCEDURAL,hres-707-119,,PROCEDURAL_CATEGORY,,https://clerk.house.gov/evs/2025/roll267.xml,
h-119-1-268,2025-09-16,PASSAGE,hres-707-119,,RULE_RESOLUTION,,https://clerk.house.gov/evs/2025/roll268.xml,
h-119-1-269,2025-09-16,SUSPENSION,hr-2721-119,,PROCEDURAL_CATEGORY,,https://clerk.house.gov/evs/2025/roll269.xml,
h-119-1-270,2025-09-16,PASSAGE,hr-4922-119,,NO_IMPACT_TAG,,https://clerk.house.gov/evs/2025/roll270.xml,
h-119-1-271,2025-09-16,PASSAGE,hr-5140-119,,NO_IMPACT_TAG,,https://clerk.house.gov/evs/2025/roll271.xml,
s-119-1-520,2025-09-16,PROCEDURAL,sjres-60-119,REGULATORY_BURDEN,PROCEDURAL_CATEGORY,,https://www.senate.gov/legislative/LIS/roll_call_votes/vote1191/vote_119_1_00520.xml,
s-119-1-521,2025-09-16,PROCEDURAL,sconres-22-119,,PROCEDURAL_CATEGORY,,https://www.senate.gov/legislative/LIS/roll_call_votes/vote1191/vote_119_1_00521.xml,
h-119-1-272,2025-09-17,PROCEDURAL,hres-722-119,,PROCEDURAL_CATEGORY,,https://clerk.house.gov/evs/2025/roll272.xml,
h-119-1-273,2025-09-17,PASSAGE,hres-722-119,,RULE_RESOLUTION,,https://clerk.house.gov/evs/2025/roll273.xml,
h-119-1-274,2025-09-17,PASSAGE,hr-5125-119,,NO_IMPACT_TAG,,https://clerk.house.gov/evs/2025/roll274.xml,
h-119-1-275,2025-09-17,PASSAGE,hr-5143-119,,NO_IMPACT_TAG,,https://clerk.house.gov/evs/2025/roll275.xml,
h-119-1-276,2025-09-17,PROCEDURAL,hres-713-119,,PROCEDURAL_CATEGORY,,https://clerk.house.gov/evs/2025/roll276.xml,
s-119-1-522,2025-09-17,CLOTURE,pn-55-25-119,,PROCEDURAL_CATEGORY,,https://www.senate.gov/legislative/LIS/roll_call_votes/vote1191/vote_119_1_00522.xml,
s-119-1-523,2025-09-17,PROCEDURAL,pn-25-28-119,,PROCEDURAL_CATEGORY,,https://www.senate.gov/legislative/LIS/roll_call_votes/vote1191/vote_119_1_00523.xml,
s-119-1-524,2025-09-17,PROCEDURAL,pn-55-25-119,,PROCEDURAL_CATEGORY,,https://www.senate.gov/legislative/LIS/roll_call_votes/vote1191/vote_119_1_00524.xml,
s-119-1-525,2025-09-17,CLOTURE,pn-55-25-119,,PROCEDURAL_CATEGORY,,https://www.senate.gov/legislative/LIS/roll_call_votes/vote1191/vote_119_1_00525.xml,
h-119-1-277,2025-09-18,PASSAGE,hr-3062-119,INPUT_COSTS,UNADJUDICATED_DIRECTION,,https://clerk.house.gov/evs/2025/roll277.xml,
h-119-1-278,2025-09-18,PASSAGE,hr-3015-119,INPUT_COSTS,UNADJUDICATED_DIRECTION,,https://clerk.house.gov/evs/2025/roll278.xml,
h-119-1-279,2025-09-18,PASSAGE,hr-1047-119,INPUT_COSTS,UNADJUDICATED_DIRECTION,,https://clerk.house.gov/evs/2025/roll279.xml,
s-119-1-526,2025-09-18,NOMINATION,pn-25-28-119,,PROCEDURAL_CATEGORY,,https://www.senate.gov/legislative/LIS/roll_call_votes/vote1191/vote_119_1_00526.xml,
h-119-1-280,2025-09-19,MOTION_TO_RECOMMIT,hr-5371-119,,PROCEDURAL_CATEGORY,,https://clerk.house.gov/evs/2025/roll280.xml,
h-119-1-281,2025-09-19,PASSAGE,hr-5371-119,,NO_IMPACT_TAG,,https://clerk.house.gov/evs/2025/roll281.xml,
h-119-1-282,2025-09-19,PASSAGE,hres-719-119,,NO_IMPACT_TAG,,https://clerk.house.gov/evs/2025/roll282.xml,
s-119-1-527,2025-09-19,PASSAGE,s-2882-119,,NO_IMPACT_TAG,,https://www.senate.gov/legislative/LIS/roll_call_votes/vote1191/vote_119_1_00527.xml,
s-119-1-528,2025-09-19,PASSAGE,hr-5371-119,,NO_IMPACT_TAG,,https://www.senate.gov/legislative/LIS/roll_call_votes/vote1191/vote_119_1_00528.xml,
s-119-1-529,2025-09-19,CLOTURE,pn-343-119,,PROCEDURAL_CATEGORY,,https://www.senate.gov/legislative/LIS/roll_call_votes/vote1191/vote_119_1_00529.xml,
s-119-1-530,2025-09-19,NOMINATION,pn-343-119,,PROCEDURAL_CATEGORY,,https://www.senate.gov/legislative/LIS/roll_call_votes/vote1191/vote_119_1_00530.xml,
s-119-1-531,2025-09-29,CLOTURE,pn-342-119,,PROCEDURAL_CATEGORY,,https://www.senate.gov/legislative/LIS/roll_call_votes/vote1191/vote_119_1_00531.xml,
s-119-1-532,2025-09-29,NOMINATION,pn-342-119,,PROCEDURAL_CATEGORY,,https://www.senate.gov/legislative/LIS/roll_call_votes/vote1191/vote_119_1_00532.xml,
s-119-1-533,2025-09-29,CLOTURE,s-2806-119,,PROCEDURAL_CATEGORY,,https://www.senate.gov/legislative/LIS/roll_call_votes/vote1191/vote_119_1_00533.xml,
s-119-1-534,2025-09-30,PASSAGE,s-2882-119,,NO_IMPACT_TAG,,https://www.senate.gov/legislative/LIS/roll_call_votes/vote1191/vote_119_1_00534.xml,
s-119-1-535,2025-09-30,PASSAGE,hr-5371-119,,NO_IMPACT_TAG,,https://www.senate.gov/legislative/LIS/roll_call_votes/vote1191/vote_119_1_00535.xml,
s-119-1-536,2025-10-01,CLOTURE,s-2882-119,,PROCEDURAL_CATEGORY,,https://www.senate.gov/legislative/LIS/roll_call_votes/vote1191/vote_119_1_00536.xml,
s-119-1-537,2025-10-01,CLOTURE,hr-5371-119,,PROCEDURAL_CATEGORY,,https://www.senate.gov/legislative/LIS/roll_call_votes/vote1191/vote_119_1_00537.xml,
s-119-1-538,2025-10-01,CLOTURE,pn-26-10-119,,PROCEDURAL_CATEGORY,,https://www.senate.gov/legislative/LIS/roll_call_votes/vote1191/vote_119_1_00538.xml,
s-119-1-539,2025-10-01,NOMINATION,pn-26-10-119,,PROCEDURAL_CATEGORY,,https://www.senate.gov/legislative/LIS/roll_call_votes/vote1191/vote_119_1_00539.xml,
s-119-1-540,2025-10-01,CLOTURE,sres-412-119,,PROCEDURAL_CATEGORY,,https://www.senate.gov/legislative/LIS/roll_call_votes/vote1191/vote_119_1_00540.xml,
s-119-1-541,2025-10-03,PROCEDURAL,sres-412-119,,PROCEDURAL_CATEGORY,,https://www.senate.gov/legislative/LIS/roll_call_votes/vote1191/vote_119_1_00541.xml,
s-119-1-542,2025-10-03,CLOTURE,s-2882-119,,PROCEDURAL_CATEGORY,,https://www.senate.gov/legislative/LIS/roll_call_votes/vote1191/vote_119_1_00542.xml,
s-119-1-543,2025-10-03,CLOTURE,hr-5371-119,,PROCEDURAL_CATEGORY,,https://www.senate.gov/legislative/LIS/roll_call_votes/vote1191/vote_119_1_00543.xml,
s-119-1-544,2025-10-06,CLOTURE,s-2882-119,,PROCEDURAL_CATEGORY,,https://www.senate.gov/legislative/LIS/roll_call_votes/vote1191/vote_119_1_00544.xml,
s-119-1-545,2025-10-06,CLOTURE,hr-5371-119,,PROCEDURAL_CATEGORY,,https://www.senate.gov/legislative/LIS/roll_call_votes/vote1191/vote_119_1_00545.xml,
s-119-1-546,2025-10-06,CLOTURE,pn-18-119,,PROCEDURAL_CATEGORY,,https://www.senate.gov/legislative/LIS/roll_call_votes/vote1191/vote_119_1_00546.xml,
s-119-1-547,2025-10-07,NOMINATION,pn-18-119,,PROCEDURAL_CATEGORY,,https://www.senate.gov/legislative/LIS/roll_call_votes/vote1191/vote_119_1_00547.xml,
s-119-1-548,2025-10-07,PROCEDURAL,hjres-104-119,,PROCEDURAL_CATEGORY,,https://www.senate.gov/legislative/LIS/roll_call_votes/vote1191/vote_119_1_00548.xml,
s-119-1-549,2025-10-08,PROCEDURAL,hjres-104-119,,PROCEDURAL_CATEGORY,,https://www.senate.gov/legislative/LIS/roll_call_votes/vote1191/vote_119_1_00549.xml,
s-119-1-550,2025-10-08,CLOTURE,s-2882-119,,PROCEDURAL_CATEGORY,,https://www.senate.gov/legislative/LIS/roll_call_votes/vote1191/vote_119_1_00550.xml,
s-119-1-551,2025-10-08,CLOTURE,hr-5371-119,,PROCEDURAL_CATEGORY,,https://www.senate.gov/legislative/LIS/roll_call_votes/vote1191/vote_119_1_00551.xml,
s-119-1-552,2025-10-08,CLOTURE,pn-466-4-119,,PROCEDURAL_CATEGORY,,https://www.senate.gov/legislative/LIS/roll_call_votes/vote1191/vote_119_1_00552.xml,
s-119-1-553,2025-10-08,PROCEDURAL,hjres-105-119,,PROCEDURAL_CATEGORY,,https://www.senate.gov/legislative/LIS/roll_call_votes/vote1191/vote_119_1_00553.xml,
s-119-1-554,2025-10-08,PROCEDURAL,sjres-71-119,,PROCEDURAL_CATEGORY,Democrat,https://www.senate.gov/legislative/LIS/roll_call_votes/vote1191/vote_119_1_00554.xml,
s-119-1-555,2025-10-08,PROCEDURAL,sjres-83-119,,PROCEDURAL_CATEGORY,,https://www.senate.gov/legislative/LIS/roll_call_votes/vote1191/vote_119_1_00555.xml,
s-119-1-556,2025-10-08,PROCEDURAL,hjres-105-119,,PROCEDURAL_CATEGORY,,https://www.senate.gov/legislative/LIS/roll_call_votes/vote1191/vote_119_1_00556.xml,
s-119-1-557,2025-10-09,CLOTURE,s-2882-119,,PROCEDURAL_CATEGORY,,https://www.senate.gov/legislative/LIS/roll_call_votes/vote1191/vote_119_1_00557.xml,
s-119-1-558,2025-10-09,CLOTURE,hr-5371-119,,PROCEDURAL_CATEGORY,,https://www.senate.gov/legislative/LIS/roll_call_votes/vote1191/vote_119_1_00558.xml,
s-119-1-559,2025-10-09,PROCEDURAL,hjres-106-119,,PROCEDURAL_CATEGORY,,https://www.senate.gov/legislative/LIS/roll_call_votes/vote1191/vote_119_1_00559.xml,
s-119-1-560,2025-10-09,PROCEDURAL,hjres-106-119,,PROCEDURAL_CATEGORY,,https://www.senate.gov/legislative/LIS/roll_call_votes/vote1191/vote_119_1_00560.xml,
s-119-1-561,2025-10-09,NOMINATION,pn-466-4-119,,PROCEDURAL_CATEGORY,,https://www.senate.gov/legislative/LIS/roll_call_votes/vote1191/vote_119_1_00561.xml,
s-119-1-562,2025-10-09,AMENDMENT,,,NO_IMPACT_TAG,,https://www.senate.gov/legislative/LIS/roll_call_votes/vote1191/vote_119_1_00562.xml,
s-119-1-563,2025-10-09,AMENDMENT,,,NO_IMPACT_TAG,,https://www.senate.gov/legislative/LIS/roll_call_votes/vote1191/vote_119_1_00563.xml,
s-119-1-564,2025-10-09,AMENDMENT,,,NO_IMPACT_TAG,,https://www.senate.gov/legislative/LIS/roll_call_votes/vote1191/vote_119_1_00564.xml,
s-119-1-565,2025-10-09,AMENDMENT,,,NO_IMPACT_TAG,,https://www.senate.gov/legislative/LIS/roll_call_votes/vote1191/vote_119_1_00565.xml,
s-119-1-566,2025-10-09,AMENDMENT,,,NO_IMPACT_TAG,,https://www.senate.gov/legislative/LIS/roll_call_votes/vote1191/vote_119_1_00566.xml,
s-119-1-567,2025-10-09,AMENDMENT,,,NO_IMPACT_TAG,,https://www.senate.gov/legislative/LIS/roll_call_votes/vote1191/vote_119_1_00567.xml,
s-119-1-568,2025-10-09,AMENDMENT,,,NO_IMPACT_TAG,,https://www.senate.gov/legislative/LIS/roll_call_votes/vote1191/vote_119_1_00568.xml,
s-119-1-569,2025-10-09,AMENDMENT,,,NO_IMPACT_TAG,,https://www.senate.gov/legislative/LIS/roll_call_votes/vote1191/vote_119_1_00569.xml,
s-119-1-570,2025-10-09,PASSAGE,s-2296-119,,NO_IMPACT_TAG,,https://www.senate.gov/legislative/LIS/roll_call_votes/vote1191/vote_119_1_00570.xml,
s-119-1-571,2025-10-14,CLOTURE,hr-5371-119,,PROCEDURAL_CATEGORY,,https://www.senate.gov/legislative/LIS/roll_call_votes/vote1191/vote_119_1_00571.xml,
s-119-1-572,2025-10-15,CLOTURE,hr-5371-119,,PROCEDURAL_CATEGORY,,https://www.senate.gov/legislative/LIS/roll_call_votes/vote1191/vote_119_1_00572.xml,
s-119-1-573,2025-10-16,CLOTURE,hr-5371-119,,PROCEDURAL_CATEGORY,,https://www.senate.gov/legislative/LIS/roll_call_votes/vote1191/vote_119_1_00573.xml,
s-119-1-574,2025-10-16,CLOTURE,pn-466-6-119,,PROCEDURAL_CATEGORY,,https://www.senate.gov/legislative/LIS/roll_call_votes/vote1191/vote_119_1_00574.xml,
s-119-1-575,2025-10-16,CLOTURE,hr-4016-119,,PROCEDURAL_CATEGORY,,https://www.senate.gov/legislative/LIS/roll_call_votes/vote1191/vote_119_1_00575.xml,
s-119-1-576,2025-10-20,CLOTURE,hr-5371-119,,PROCEDURAL_CATEGORY,,https://www.senate.gov/legislative/LIS/roll_call_votes/vote1191/vote_119_1_00576.xml,
s-119-1-577,2025-10-21,NOMINATION,pn-466-6-119,,PROCEDURAL_CATEGORY,,https://www.senate.gov/legislative/LIS/roll_call_votes/vote1191/vote_119_1_00577.xml,
s-119-1-578,2025-10-21,CLOTURE,pn-346-5-119,,PROCEDURAL_CATEGORY,,https://www.senate.gov/legislative/LIS/roll_call_votes/vote1191/vote_119_1_00578.xml,
s-119-1-579,2025-10-21,CLOTURE,pn-400-2-119,,PROCEDURAL_CATEGORY,,https://www.senate.gov/legislative/LIS/roll_call_votes/vote1191/vote_119_1_00579.xml,
s-119-1-580,2025-10-21,NOMINATION,pn-346-5-119,,PROCEDURAL_CATEGORY,,https://www.senate.gov/legislative/LIS/roll_call_votes/vote1191/vote_119_1_00580.xml,
s-119-1-581,2025-10-22,CLOTURE,hr-5371-119,,PROCEDURAL_CATEGORY,,https://www.senate.gov/legislative/LIS/roll_call_votes/vote1191/vote_119_1_00581.xml,
s-119-1-582,2025-10-22,CLOTURE,pn-466-3-119,,PROCEDURAL_CATEGORY,,https://www.senate.gov/legislative/LIS/roll_call_votes/vote1191/vote_119_1_00582.xml,
s-119-1-583,2025-10-22,CLOTURE,pn-368-119,,PROCEDURAL_CATEGORY,,https://www.senate.gov/legislative/LIS/roll_call_votes/vote1191/vote_119_1_00583.xml,
s-119-1-584,2025-10-22,NOMINATION,pn-400-2-119,,PROCEDURAL_CATEGORY,,https://www.senate.gov/legislative/LIS/roll_call_votes/vote1191/vote_119_1_00584.xml,
s-119-1-585,2025-10-23,CLOTURE,s-3012-119,,PROCEDURAL_CATEGORY,,https://www.senate.gov/legislative/LIS/roll_call_votes/vote1191/vote_119_1_00585.xml,
s-119-1-586,2025-10-23,NOMINATION,pn-368-119,,PROCEDURAL_CATEGORY,,https://www.senate.gov/legislative/LIS/roll_call_votes/vote1191/vote_119_1_00586.xml,
s-119-1-587,2025-10-23,CLOTURE,pn-520-5-119,,PROCEDURAL_CATEGORY,,https://www.senate.gov/legislative/LIS/roll_call_votes/vote1191/vote_119_1_00587.xml,
s-119-1-588,2025-10-27,NOMINATION,pn-520-5-119,,PROCEDURAL_CATEGORY,,https://www.senate.gov/legislative/LIS/roll_call_votes/vote1191/vote_119_1_00588.xml,
s-119-1-589,2025-10-27,NOMINATION,pn-466-3-119,,PROCEDURAL_CATEGORY,,https://www.senate.gov/legislative/LIS/roll_call_votes/vote1191/vote_119_1_00589.xml,
s-119-1-590,2025-10-28,CLOTURE,hr-5371-119,,PROCEDURAL_CATEGORY,,https://www.senate.gov/legislative/LIS/roll_call_votes/vote1191/vote_119_1_00590.xml,
s-119-1-591,2025-10-28,CLOTURE,pn-346-6-119,,PROCEDURAL_CATEGORY,,https://www.senate.gov/legislative/LIS/roll_call_votes/vote1191/vote_119_1_00591.xml,
s-119-1-592,2025-10-28,NOMINATION,pn-346-6-119,,PROCEDURAL_CATEGORY,,https://www.senate.gov/legislative/LIS/roll_call_votes/vote1191/vote_119_1_00592.xml,
s-119-1-593,2025-10-28,CLOTURE,pn-466-2-119,,PROCEDURAL_CATEGORY,,https://www.senate.gov/legislative/LIS/roll_call_votes/vote1191/vote_119_1_00593.xml,
s-119-1-594,2025-10-28,PROCEDURAL,sjres-81-119,INPUT_COSTS,PROCEDURAL_CATEGORY,Democrat,https://www.senate.gov/legislative/LIS/roll_call_votes/vote1191/vote_119_1_00594.xml,
s-119-1-595,2025-10-29,PROCEDURAL,sjres-80-119,INPUT_COSTS,PROCEDURAL_CATEGORY,,https://www.senate.gov/legislative/LIS/roll_call_votes/vote1191/vote_119_1_00595.xml,
s-119-1-596,2025-10-29,NOMINATION,pn-466-2-119,,PROCEDURAL_CATEGORY,,https://www.senate.gov/legislative/LIS/roll_call_votes/vote1191/vote_119_1_00596.xml,
s-119-1-597,2025-10-29,PROCEDURAL,sjres-69-119,REGULATORY_BURDEN,PROCEDURAL_CATEGORY,,https://www.senate.gov/legislative/LIS/roll_call_votes/vote1191/vote_119_1_00597.xml,
s-119-1-598,2025-10-29,PROCEDURAL,sjres-77-119,INPUT_COSTS,PROCEDURAL_CATEGORY,Democrat,https://www.senate.gov/legislative/LIS/roll_call_votes/vote1191/vote_119_1_00598.xml,
s-119-1-599,2025-10-30,PROCEDURAL,sjres-80-119,INPUT_COSTS,PROCEDURAL_CATEGORY,,https://www.senate.gov/legislative/LIS/roll_call_votes/vote1191/vote_119_1_00599.xml,
s-119-1-600,2025-10-30,PROCEDURAL,sjres-88-119,INPUT_COSTS,PROCEDURAL_CATEGORY,,https://www.senate.gov/legislative/LIS/roll_call_votes/vote1191/vote_119_1_00600.xml,
s-119-1-601,2025-10-30,CLOTURE,pn-400-1-119,,PROCEDURAL_CATEGORY,,https://www.senate.gov/legislative/LIS/roll_call_votes/vote1191/vote_119_1_00601.xml,
s-119-1-602,2025-11-03,CLOTURE,pn-400-3-119,,PROCEDURAL_CATEGORY,,https://www.senate.gov/legislative/LIS/roll_call_votes/vote1191/vote_119_1_00602.xml,
s-119-1-603,2025-11-04,CLOTURE,hr-5371-119,,PROCEDURAL_CATEGORY,,https://www.senate.gov/legislative/LIS/roll_call_votes/vote1191/vote_119_1_00603.xml,
s-119-1-604,2025-11-04,NOMINATION,pn-400-1-119,,PROCEDURAL_CATEGORY,,https://www.senate.gov/legislative/LIS/roll_call_votes/vote1191/vote_119_1_00604.xml,
s-119-1-605,2025-11-05,NOMINATION,pn-400-3-119,,PROCEDURAL_CATEGORY,,https://www.senate.gov/legislative/LIS/roll_call_votes/vote1191/vote_119_1_00605.xml,
s-119-1-606,2025-11-05,CLOTURE,pn-25-37-119,,PROCEDURAL_CATEGORY,,https://www.senate.gov/legislative/LIS/roll_call_votes/vote1191/vote_119_1_00606.xml,
s-119-1-607,2025-11-05,NOMINATION,pn-25-37-119,,PROCEDURAL_CATEGORY,,https://www.senate.gov/legislative/LIS/roll_call_votes/vote1191/vote_119_1_00607.xml,
s-119-1-608,2025-11-06,PROCEDURAL,sjres-90-119,,PROCEDURAL_CATEGORY,Democrat,https://www.senate.gov/legislative/LIS/roll_call_votes/vote1191/vote_119_1_00608.xml,
s-119-1-609,2025-11-07,CLOTURE,s-3012-119,,PROCEDURAL_CATEGORY,,https://www.senate.gov/legislative/LIS/roll_call_votes/vote1191/vote_119_1_00609.xml,
s-119-1-610,2025-11-09,CLOTURE,hr-5371-119,,PROCEDURAL_CATEGORY,,https://www.senate.gov/legislative/LIS/roll_call_votes/vote1191/vote_119_1_00610.xml,
s-119-1-611,2025-11-10,PROCEDURAL,hr-5371-119,,PROCEDURAL_CATEGORY,,https://www.senate.gov/legislative/LIS/roll_call_votes/vote1191/vote_119_1_00611.xml,
s-119-1-612,2025-11-10,PROCEDURAL,,,PROCEDURAL_CATEGORY,,https://www.senate.gov/legislative/LIS/roll_call_votes/vote1191/vote_119_1_00612.xml,
s-119-1-613,2025-11-10,PROCEDURAL,,,PROCEDURAL_CATEGORY,,https://www.senate.gov/legislative/LIS/roll_call_votes/vote1191/vote_119_1_00613.xml,
s-119-1-614,2025-11-10,PROCEDURAL,,,PROCEDURAL_CATEGORY,,https://www.senate.gov/legislative/LIS/roll_call_votes/vote1191/vote_119_1_00614.xml,
s-119-1-615,2025-11-10,CLOTURE,,,PROCEDURAL_CATEGORY,,https://www.senate.gov/legislative/LIS/roll_call_votes/vote1191/vote_119_1_00615.xml,
s-119-1-616,2025-11-10,AMENDMENT,,,NO_IMPACT_TAG,,https://www.senate.gov/legislative/LIS/roll_call_votes/vote1191/vote_119_1_00616.xml,
s-119-1-617,2025-11-10,CLOTURE,hr-5371-119,,PROCEDURAL_CATEGORY,,https://www.senate.gov/legislative/LIS/roll_call_votes/vote1191/vote_119_1_00617.xml,
s-119-1-618,2025-11-10,PASSAGE,hr-5371-119,,NO_IMPACT_TAG,,https://www.senate.gov/legislative/LIS/roll_call_votes/vote1191/vote_119_1_00618.xml,
h-119-1-283,2025-11-12,PROCEDURAL,hres-873-119,,PROCEDURAL_CATEGORY,,https://clerk.house.gov/evs/2025/roll283.xml,
h-119-1-284,2025-11-12,PASSAGE,hres-873-119,,RULE_RESOLUTION,,https://clerk.house.gov/evs/2025/roll284.xml,
h-119-1-285,2025-11-12,AMENDMENT,hr-5371-119,,NO_IMPACT_TAG,,https://clerk.house.gov/evs/2025/roll285.xml,
h-119-1-286,2025-11-17,SUSPENSION,hr-1608-119,,PROCEDURAL_CATEGORY,,https://clerk.house.gov/evs/2025/roll286.xml,
h-119-1-287,2025-11-17,SUSPENSION,hr-2659-119,,PROCEDURAL_CATEGORY,,https://clerk.house.gov/evs/2025/roll287.xml,
h-119-1-288,2025-11-17,PROCEDURAL,hres-878-119,,PROCEDURAL_CATEGORY,,https://clerk.house.gov/evs/2025/roll288.xml,
h-119-1-289,2025-11-18,SUSPENSION,hr-4405-119,,PROCEDURAL_CATEGORY,,https://clerk.house.gov/evs/2025/roll289.xml,
h-119-1-290,2025-11-18,PROCEDURAL,hres-879-119,,PROCEDURAL_CATEGORY,,https://clerk.house.gov/evs/2025/roll290.xml,
h-119-1-291,2025-11-18,PASSAGE,hres-879-119,,RULE_RESOLUTION,,https://clerk.house.gov/evs/2025/roll291.xml,
h-119-1-292,2025-11-18,PASSAGE,hres-878-119,,NO_IMPACT_TAG,,https://clerk.house.gov/evs/2025/roll292.xml,
h-119-1-293,2025-11-18,PROCEDURAL,hres-888-119,,PROCEDURAL_CATEGORY,,https://clerk.house.gov/evs/2025/roll293.xml,
h-119-1-294,2025-11-18,PASSAGE,hjres-130-119,,NO_IMPACT_TAG,,https://clerk.house.gov/evs/2025/roll294.xml,
h-119-1-295,2025-11-18,PASSAGE,hjres-131-119,INPUT_COSTS,UNADJUDICATED_DIRECTION,,https://clerk.house.gov/evs/2025/roll295.xml,
h-119-1-296,2025-11-18,PASSAGE,sjres-80-119,INPUT_COSTS,UNADJUDICATED_DIRECTION,,https://clerk.house.gov/evs/2025/roll296.xml,
h-119-1-297,2025-11-18,PASSAGE,hres-888-119,,NO_IMPACT_TAG,,https://clerk.house.gov/evs/2025/roll297.xml,
s-119-1-619,2025-11-18,CLOTURE,pn-445-6-119,,PROCEDURAL_CATEGORY,,https://www.senate.gov/legislative/LIS/roll_call_votes/vote1191/vote_119_1_00619.xml,
h-119-1-298,2025-11-19,PASSAGE,hr-5214-119,,NO_IMPACT_TAG,,https://clerk.house.gov/evs/2025/roll298.xml,
h-119-1-299,2025-11-19,PASSAGE,hr-5107-119,,NO_IMPACT_TAG,,https://clerk.house.gov/evs/2025/roll299.xml,
h-119-1-300,2025-11-19,SUSPENSION,hr-4058-119,,PROCEDURAL_CATEGORY,,https://clerk.house.gov/evs/2025/roll300.xml,
h-119-1-301,2025-11-19,SUSPENSION,hr-6019-119,,PROCEDURAL_CATEGORY,,https://clerk.house.gov/evs/2025/roll301.xml,
h-119-1-302,2025-11-19,PROCEDURAL,hres-893-119,,PROCEDURAL_CATEGORY,,https://clerk.house.gov/evs/2025/roll302.xml,
s-119-1-620,2025-11-19,NOMINATION,pn-445-6-119,,PROCEDURAL_CATEGORY,,https://www.senate.gov/legislative/LIS/roll_call_votes/vote1191/vote_119_1_00620.xml,
s-119-1-621,2025-11-19,PROCEDURAL,sjres-89-119,,PROCEDURAL_CATEGORY,,https://www.senate.gov/legislative/LIS/roll_call_votes/vote1191/vote_119_1_00621.xml,
s-119-1-622,2025-11-19,PROCEDURAL,sjres-76-119,INPUT_COSTS,PROCEDURAL_CATEGORY,,https://www.senate.gov/legislative/LIS/roll_call_votes/vote1191/vote_119_1_00622.xml,
s-119-1-622,2025-11-19,PROCEDURAL,sjres-76-119,REGULATORY_BURDEN,PROCEDURAL_CATEGORY,,https://www.senate.gov/legislative/LIS/roll_call_votes/vote1191/vote_119_1_00622.xml,
h-119-1-303,2025-11-20,PASSAGE,hr-3109-119,INPUT_COSTS,UNADJUDICATED_DIRECTION,,https://clerk.house.gov/evs/2025/roll303.xml,
h-119-1-304,2025-11-20,PASSAGE,hr-1949-119,INPUT_COSTS,UNADJUDICATED_DIRECTION,,https://clerk.house.gov/evs/2025/roll304.xml,
s-119-1-623,2025-11-20,PROCEDURAL,hjres-130-119,,PROCEDURAL_CATEGORY,,https://www.senate.gov/legislative/LIS/roll_call_votes/vote1191/vote_119_1_00623.xml,
h-119-1-305,2025-11-21,PASSAGE,hconres-58-119,,NO_IMPACT_TAG,,https://clerk.house.gov/evs/2025/roll305.xml,
h-119-1-306,2025-12-01,SUSPENSION,hr-5348-119,,PROCEDURAL_CATEGORY,,https://clerk.house.gov/evs/2025/roll306.xml,
h-119-1-307,2025-12-01,SUSPENSION,hr-4423-119,,PROCEDURAL_CATEGORY,,https://clerk.house.gov/evs/2025/roll307.xml,
s-119-1-624,2025-12-01,CLOTURE,pn-520-1-119,,PROCEDURAL_CATEGORY,,https://www.senate.gov/legislative/LIS/roll_call_votes/vote1191/vote_119_1_00624.xml,
h-119-1-308,2025-12-02,PROCEDURAL,hres-916-119,,PROCEDURAL_CATEGORY,Republican,https://clerk.house.gov/evs/2025/roll308.xml,
h-119-1-309,2025-12-02,PASSAGE,hres-916-119,,RULE_RESOLUTION,Republican,https://clerk.house.gov/evs/2025/roll309.xml,
s-119-1-625,2025-12-02,NOMINATION,pn-520-1-119,,PROCEDURAL_CATEGORY,,https://www.senate.gov/legislative/LIS/roll_call_votes/vote1191/vote_119_1_00625.xml,
s-119-1-626,2025-12-02,CLOTURE,pn-520-2-119,,PROCEDURAL_CATEGORY,,https://www.senate.gov/legislative/LIS/roll_call_votes/vote1191/vote_119_1_00626.xml,
s-119-1-627,2025-12-02,NOMINATION,pn-520-2-119,,PROCEDURAL_CATEGORY,,https://www.senate.gov/legislative/LIS/roll_call_votes/vote1191/vote_119_1_00627.xml,
h-119-1-310,2025-12-03,PASSAGE,hr-2965-119,,NO_IMPACT_TAG,,https://clerk.house.gov/evs/2025/roll310.xml,
h-119-1-311,2025-12-03,PASSAGE,hr-4305-119,,NO_IMPACT_TAG,,https://clerk.house.gov/evs/2025/roll311.xml,
h-119-1-312,2025-12-03,PASSAGE,hr-1005-119,,NO_IMPACT_TAG,,https://clerk.house.gov/evs/2025/roll312.xml,
s-119-1-628,2025-12-03,CLOTURE,pn-520-3-119,,PROCEDURAL_CATEGORY,,https://www.senate.gov/legislative/LIS/roll_call_votes/vote1191/vote_119_1_00628.xml,
s-119-1-629,2025-12-03,NOMINATION,pn-520-3-119,,PROCEDURAL_CATEGORY,,https://www.senate.gov/legislative/LIS/roll_call_votes/vote1191/vote_119_1_00629.xml,
s-119-1-630,2025-12-03,PROCEDURAL,sjres-91-119,INPUT_COSTS,PROCEDURAL_CATEGORY,,https://www.senate.gov/legislative/LIS/roll_call_votes/vote1191/vote_119_1_00630.xml,
s-119-1-631,2025-12-03,CLOTURE,pn-520-4-119,,PROCEDURAL_CATEGORY,,https://www.senate.gov/legislative/LIS/roll_call_votes/vote1191/vote_119_1_00631.xml,
h-119-1-313,2025-12-04,PASSAGE,hr-1069-119,,NO_IMPACT_TAG,,https://clerk.house.gov/evs/2025/roll313.xml,
h-119-1-314,2025-12-04,PASSAGE,hr-1049-119,,NO_IMPACT_TAG,,https://clerk.house.gov/evs/2025/roll314.xml,
s-119-1-632,2025-12-04,PROCEDURAL,hjres-131-119,INPUT_COSTS,PROCEDURAL_CATEGORY,,https://www.senate.gov/legislative/LIS/roll_call_votes/vote1191/vote_119_1_00632.xml,
s-119-1-633,2025-12-04,CLOTURE,sres-520-119,,PROCEDURAL_CATEGORY,,https://www.senate.gov/legislative/LIS/roll_call_votes/vote1191/vote_119_1_00633.xml,
s-119-1-634,2025-12-04,NOMINATION,pn-520-4-119,,PROCEDURAL_CATEGORY,,https://www.senate.gov/legislative/LIS/roll_call_votes/vote1191/vote_119_1_00634.xml,
s-119-1-635,2025-12-08,CLOTURE,pn-466-1-119,,PROCEDURAL_CATEGORY,,https://www.senate.gov/legislative/LIS/roll_call_votes/vote1191/vote_119_1_00635.xml,
h-119-1-315,2025-12-09,SUSPENSION,s-356-119,,PROCEDURAL_CATEGORY,,https://clerk.house.gov/evs/2025/roll315.xml,
h-119-1-316,2025-12-09,SUSPENSION,hr-1676-119,,PROCEDURAL_CATEGORY,,https://clerk.house.gov/evs/2025/roll316.xml,
s-119-1-636,2025-12-09,NOMINATION,pn-466-1-119,,PROCEDURAL_CATEGORY,,https://www.senate.gov/legislative/LIS/roll_call_votes/vote1191/vote_119_1_00636.xml,
s-119-1-637,2025-12-09,CLOTURE,pn-615-1-119,,PROCEDURAL_CATEGORY,,https://www.senate.gov/legislative/LIS/roll_call_votes/vote1191/vote_119_1_00637.xml,
s-119-1-638,2025-12-09,NOMINATION,pn-615-1-119,,PROCEDURAL_CATEGORY,,https://www.senate.gov/legislative/LIS/roll_call_votes/vote1191/vote_119_1_00638.xml,
s-119-1-639,2025-12-09,CLOTURE,pn-466-5-119,,PROCEDURAL_CATEGORY,,https://www.senate.gov/legislative/LIS/roll_call_votes/vote1191/vote_119_1_00639.xml,
s-119-1-640,2025-12-09,NOMINATION,pn-466-5-119,,PROCEDURAL_CATEGORY,,https://www.senate.gov/legislative/LIS/roll_call_votes/vote1191/vote_119_1_00640.xml,
h-119-1-317,2025-12-10,PROCEDURAL,hres-936-119,,PROCEDURAL_CATEGORY,,https://clerk.house.gov/evs/2025/roll317.xml,
h-119-1-318,2025-12-10,PASSAGE,hres-936-119,,RULE_RESOLUTION,,https://clerk.house.gov/evs/2025/roll318.xml,
h-119-1-319,2025-12-10,PROCEDURAL,s-1071-119,,PROCEDURAL_CATEGORY,,https://clerk.house.gov/evs/2025/roll319.xml,
h-119-1-320,2025-12-10,PASSAGE,s-1071-119,,NO_IMPACT_TAG,,https://clerk.house.gov/evs/2025/roll320.xml,
h-119-1-321,2025-12-10,PROCEDURAL,hres-432-119,,PROCEDURAL_CATEGORY,,https://clerk.house.gov/evs/2025/roll321.xml,
s-119-1-641,2025-12-10,PROCEDURAL,sjres-82-119,,PROCEDURAL_CATEGORY,,https://www.senate.gov/legislative/LIS/roll_call_votes/vote1191/vote_119_1_00641.xml,
s-119-1-642,2025-12-10,CLOTURE,sres-532-119,,PROCEDURAL_CATEGORY,,https://www.senate.gov/legislative/LIS/roll_call_votes/vote1191/vote_119_1_00642.xml,
h-119-1-322,2025-12-11,PROCEDURAL,hres-939-119,,PROCEDURAL_CATEGORY,,https://clerk.house.gov/evs/2025/roll322.xml,
h-119-1-323,2025-12-11,PASSAGE,hr-3628-119,INPUT_COSTS,UNADJUDICATED_DIRECTION,,https://clerk.house.gov/evs/2025/roll323.xml,
h-119-1-325,2025-12-11,AMENDMENT,hr-3383-119,,NO_IMPACT_TAG,,https://clerk.house.gov/evs/2025/roll325.xml,
h-119-1-326,2025-12-11,AMENDMENT,hr-3383-119,,NO_IMPACT_TAG,,https://clerk.house.gov/evs/2025/roll326.xml,
h-119-1-327,2025-12-11,AMENDMENT,hr-3383-119,,NO_IMPACT_TAG,,https://clerk.house.gov/evs/2025/roll327.xml,
h-119-1-328,2025-12-11,PASSAGE,hr-3383-119,,NO_IMPACT_TAG,,https://clerk.house.gov/evs/2025/roll328.xml,
h-119-1-329,2025-12-11,MOTION_TO_RECOMMIT,hr-3898-119,REGULATORY_BURDEN,PROCEDURAL_CATEGORY,,https://clerk.house.gov/evs/2025/roll329.xml,
h-119-1-331,2025-12-11,PASSAGE,hres-432-119,,RULE_RESOLUTION,,https://clerk.house.gov/evs/2025/roll331.xml,
h-119-1-332,2025-12-11,PASSAGE,hr-2550-119,WORKFORCE,UNADJUDICATED_DIRECTION,,https://clerk.house.gov/evs/2025/roll332.xml,
s-119-1-643,2025-12-11,CLOTURE,s-3386-119,,PROCEDURAL_CATEGORY,,https://www.senate.gov/legislative/LIS/roll_call_votes/vote1191/vote_119_1_00643.xml,
s-119-1-644,2025-12-11,CLOTURE,s-3385-119,,PROCEDURAL_CATEGORY,,https://www.senate.gov/legislative/LIS/roll_call_votes/vote1191/vote_119_1_00644.xml,
s-119-1-645,2025-12-11,PROCEDURAL,sres-532-119,,PROCEDURAL_CATEGORY,,https://www.senate.gov/legislative/LIS/roll_call_votes/vote1191/vote_119_1_00645.xml,
s-119-1-646,2025-12-11,PROCEDURAL,s-1071-119,,PROCEDURAL_CATEGORY,,https://www.senate.gov/legislative/LIS/roll_call_votes/vote1191/vote_119_1_00646.xml,
h-119-1-333,2025-12-12,MOTION_TO_RECOMMIT,hr-3668-119,INPUT_COSTS,PROCEDURAL_CATEGORY,,https://clerk.house.gov/evs/2025/roll333.xml,
h-119-1-334,2025-12-12,PASSAGE,hr-3668-119,INPUT_COSTS,UNADJUDICATED_DIRECTION,,https://clerk.house.gov/evs/2025/roll334.xml,
h-119-1-335,2025-12-15,SUSPENSION,s-284-119,,PROCEDURAL_CATEGORY,,https://clerk.house.gov/evs/2025/roll335.xml,
h-119-1-336,2025-12-15,SUSPENSION,hr-3187-119,,PROCEDURAL_CATEGORY,,https://clerk.house.gov/evs/2025/roll336.xml,
s-119-1-647,2025-12-15,CLOTURE,s-1071-119,,PROCEDURAL_CATEGORY,,https://www.senate.gov/legislative/LIS/roll_call_votes/vote1191/vote_119_1_00647.xml,
h-119-1-337,2025-12-16,PROCEDURAL,hres-951-119,,PROCEDURAL_CATEGORY,,https://clerk.house.gov/evs/2025/roll337.xml,
h-119-1-338,2025-12-16,PASSAGE,hres-951-119,,RULE_RESOLUTION,,https://clerk.house.gov/evs/2025/roll338.xml,
h-119-1-339,2025-12-16,MOTION_TO_RECOMMIT,hr-4371-119,,PROCEDURAL_CATEGORY,,https://clerk.house.gov/evs/2025/roll339.xml,
h-119-1-340,2025-12-16,PASSAGE,hr-4371-119,,NO_IMPACT_TAG,,https://clerk.house.gov/evs/2025/roll340.xml,
h-119-1-341,2025-12-16,MOTION_TO_RECOMMIT,hr-3632-119,INPUT_COSTS,PROCEDURAL_CATEGORY,Republican,https://clerk.house.gov/evs/2025/roll341.xml,
h-119-1-342,2025-12-16,PASSAGE,hr-3632-119,INPUT_COSTS,UNADJUDICATED_DIRECTION,Republican,https://clerk.house.gov/evs/2025/roll342.xml,
h-119-1-343,2025-12-17,PROCEDURAL,hres-953-119,HEALTH_COSTS,PROCEDURAL_CATEGORY,Republican,https://clerk.house.gov/evs/2025/roll343.xml,
h-119-1-344,2025-12-17,PASSAGE,hres-953-119,HEALTH_COSTS,RULE_RESOLUTION,Republican,https://clerk.house.gov/evs/2025/roll344.xml,
h-119-1-345,2025-12-17,PASSAGE,hconres-61-119,,NO_IMPACT_TAG,,https://clerk.house.gov/evs/2025/roll345.xml,
h-119-1-346,2025-12-17,PASSAGE,hconres-64-119,,NO_IMPACT_TAG,,https://clerk.house.gov/evs/2025/roll346.xml,
h-119-1-347,2025-12-17,PASSAGE,hr-3616-119,INPUT_COSTS,UNADJUDICATED_DIRECTION,,https://clerk.house.gov/evs/2025/roll347.xml,
h-119-1-348,2025-12-17,MOTION_TO_RECOMMIT,hr-6703-119,HEALTH_COSTS,PROCEDURAL_CATEGORY,,https://clerk.house.gov/evs/2025/roll348.xml,
h-119-1-349,2025-12-17,PASSAGE,hr-6703-119,HEALTH_COSTS,UNADJUDICATED_DIRECTION,,https://clerk.house.gov/evs/2025/roll349.xml,
h-119-1-350,2025-12-17,MOTION_TO_RECOMMIT,hr-3492-119,,PROCEDURAL_CATEGORY,,https://clerk.house.gov/evs/2025/roll350.xml,
h-119-1-351,2025-12-17,PASSAGE,hr-3492-119,,NO_IMPACT_TAG,,https://clerk.house.gov/evs/2025/roll351.xml,
s-119-1-648,2025-12-17,PROCEDURAL,s-1071-119,,PROCEDURAL_CATEGORY,,https://www.senate.gov/legislative/LIS/roll_call_votes/vote1191/vote_119_1_00648.xml,
s-119-1-649,2025-12-17,CLOTURE,pn-650-119,,PROCEDURAL_CATEGORY,,https://www.senate.gov/legislative/LIS/roll_call_votes/vote1191/vote_119_1_00649.xml,
s-119-1-650,2025-12-17,NOMINATION,pn-650-119,,PROCEDURAL_CATEGORY,,https://www.senate.gov/legislative/LIS/roll_call_votes/vote1191/vote_119_1_00650.xml,
s-119-1-651,2025-12-17,CLOTURE,pn-645-2-119,,PROCEDURAL_CATEGORY,,https://www.senate.gov/legislative/LIS/roll_call_votes/vote1191/vote_119_1_00651.xml,
s-119-1-652,2025-12-17,NOMINATION,pn-645-2-119,,PROCEDURAL_CATEGORY,,https://www.senate.gov/legislative/LIS/roll_call_votes/vote1191/vote_119_1_00652.xml,
s-119-1-653,2025-12-17,CLOTURE,pn-416-9-119,,PROCEDURAL_CATEGORY,,https://www.senate.gov/legislative/LIS/roll_call_votes/vote1191/vote_119_1_00653.xml,
h-119-1-352,2025-12-18,AMENDMENT,hr-4776-119,,NO_IMPACT_TAG,,https://clerk.house.gov/evs/2025/roll352.xml,
h-119-1-353,2025-12-18,AMENDMENT,hr-4776-119,,NO_IMPACT_TAG,,https://clerk.house.gov/evs/2025/roll353.xml,
h-119-1-354,2025-12-18,AMENDMENT,hr-4776-119,,NO_IMPACT_TAG,,https://clerk.house.gov/evs/2025/roll354.xml,
h-119-1-355,2025-12-18,MOTION_TO_RECOMMIT,hr-4776-119,REGULATORY_BURDEN,PROCEDURAL_CATEGORY,,https://clerk.house.gov/evs/2025/roll355.xml,
h-119-1-357,2025-12-18,MOTION_TO_RECOMMIT,hr-1366-119,REGULATORY_BURDEN,PROCEDURAL_CATEGORY,,https://clerk.house.gov/evs/2025/roll357.xml,
h-119-1-359,2025-12-18,MOTION_TO_RECOMMIT,hr-845-119,REGULATORY_BURDEN,PROCEDURAL_CATEGORY,,https://clerk.house.gov/evs/2025/roll359.xml,
h-119-1-360,2025-12-18,PASSAGE,hr-845-119,REGULATORY_BURDEN,UNADJUDICATED_DIRECTION,,https://clerk.house.gov/evs/2025/roll360.xml,
h-119-1-361,2025-12-18,MOTION_TO_RECOMMIT,hr-498-119,HEALTH_COSTS,PROCEDURAL_CATEGORY,,https://clerk.house.gov/evs/2025/roll361.xml,
s-119-1-654,2025-12-18,PROCEDURAL,sjres-82-119,,PROCEDURAL_CATEGORY,,https://www.senate.gov/legislative/LIS/roll_call_votes/vote1191/vote_119_1_00654.xml,
s-119-1-655,2025-12-18,NOMINATION,pn-25-29-119,,PROCEDURAL_CATEGORY,,https://www.senate.gov/legislative/LIS/roll_call_votes/vote1191/vote_119_1_00655.xml,
s-119-1-656,2025-12-18,CLOTURE,pn-499-11-119,,PROCEDURAL_CATEGORY,,https://www.senate.gov/legislative/LIS/roll_call_votes/vote1191/vote_119_1_00656.xml,
s-119-1-657,2025-12-18,CLOTURE,pn-12-1-119,,PROCEDURAL_CATEGORY,,https://www.senate.gov/legislative/LIS/roll_call_votes/vote1191/vote_119_1_00657.xml,
s-119-1-658,2025-12-18,CLOTURE,pn-615-2-119,,PROCEDURAL_CATEGORY,,https://www.senate.gov/legislative/LIS/roll_call_votes/vote1191/vote_119_1_00658.xml,
s-119-1-659,2025-12-18,CLOTURE,pn-373-119,,PROCEDURAL_CATEGORY,,https://www.senate.gov/legislative/LIS/roll_call_votes/vote1191/vote_119_1_00659.xml,
s-119-2-1,2026-01-05,NOMINATION,pn-12-1-119,,PROCEDURAL_CATEGORY,,https://www.senate.gov/legislative/LIS/roll_call_votes/vote1192/vote_119_2_00001.xml,
h-119-2-1,2026-01-06,PROCEDURAL,,,PROCEDURAL_CATEGORY,,https://clerk.house.gov/evs/2026/roll001.xml,
s-119-2-2,2026-01-06,NOMINATION,pn-499-11-119,,PROCEDURAL_CATEGORY,,https://www.senate.gov/legislative/LIS/roll_call_votes/vote1192/vote_119_2_00002.xml,
s-119-2-3,2026-01-06,NOMINATION,pn-373-119,,PROCEDURAL_CATEGORY,,https://www.senate.gov/legislative/LIS/roll_call_votes/vote1192/vote_119_2_00003.xml,
h-119-2-2,2026-01-07,PROCEDURAL,hres-977-119,,PROCEDURAL_CATEGORY,,https://clerk.house.gov/evs/2026/roll002.xml,
h-119-2-3,2026-01-07,PASSAGE,hres-977-119,,RULE_RESOLUTION,,https://clerk.house.gov/evs/2026/roll003.xml,
h-119-2-4,2026-01-07,PROCEDURAL,hres-780-119,,PROCEDURAL_CATEGORY,,https://clerk.house.gov/evs/2026/roll004.xml,
s-119-2-4,2026-01-07,PROCEDURAL,sjres-86-119,REGULATORY_BURDEN,PROCEDURAL_CATEGORY,,https://www.senate.gov/legislative/LIS/roll_call_votes/vote1192/vote_119_2_00004.xml,
h-119-2-10,2026-01-08,PASSAGE,hres-780-119,,RULE_RESOLUTION,,https://clerk.house.gov/evs/2026/roll010.xml,
h-119-2-11,2026-01-08,PASSAGE,hr-1834-119,,NO_IMPACT_TAG,,https://clerk.house.gov/evs/2026/roll011.xml,
h-119-2-5,2026-01-08,PROCEDURAL,hr-6938-119,,PROCEDURAL_CATEGORY,,https://clerk.house.gov/evs/2026/roll005.xml,
h-119-2-6,2026-01-08,PROCEDURAL,hr-6938-119,,PROCEDURAL_CATEGORY,,https://clerk.house.gov/evs/2026/roll006.xml,
h-119-2-7,2026-01-08,PASSAGE,hr-6938-119,,NO_IMPACT_TAG,,https://clerk.house.gov/evs/2026/roll007.xml,
h-119-2-8,2026-01-08,PROCEDURAL,hr-504-119,,PROCEDURAL_CATEGORY,,https://clerk.house.gov/evs/2026/roll008.xml,
h-119-2-9,2026-01-08,PROCEDURAL,hr-131-119,,PROCEDURAL_CATEGORY,,https://clerk.house.gov/evs/2026/roll009.xml,
s-119-2-5,2026-01-08,PROCEDURAL,sjres-98-119,,PROCEDURAL_CATEGORY,Democrat,https://www.senate.gov/legislative/LIS/roll_call_votes/vote1192/vote_119_2_00005.xml,
s-119-2-6,2026-01-08,NOMINATION,pn-615-2-119,,PROCEDURAL_CATEGORY,,https://www.senate.gov/legislative/LIS/roll_call_votes/vote1192/vote_119_2_00006.xml,
h-119-2-12,2026-01-09,PASSAGE,hr-5184-119,INPUT_COSTS,UNADJUDICATED_DIRECTION,,https://clerk.house.gov/evs/2026/roll012.xml,
h-119-2-13,2026-01-12,SUSPENSION,hr-2683-119,,PROCEDURAL_CATEGORY,,https://clerk.house.gov/evs/2026/roll013.xml,
h-119-2-14,2026-01-12,SUSPENSION,hr-6500-119,,PROCEDURAL_CATEGORY,,https://clerk.house.gov/evs/2026/roll014.xml,
h-119-2-15,2026-01-12,SUSPENSION,hr-6504-119,,PROCEDURAL_CATEGORY,,https://clerk.house.gov/evs/2026/roll015.xml,
s-119-2-7,2026-01-12,CLOTURE,hr-6938-119,,PROCEDURAL_CATEGORY,,https://www.senate.gov/legislative/LIS/roll_call_votes/vote1192/vote_119_2_00007.xml,
h-119-2-16,2026-01-13,PROCEDURAL,hres-988-119,,PROCEDURAL_CATEGORY,,https://clerk.house.gov/evs/2026/roll016.xml,
h-119-2-17,2026-01-13,PASSAGE,hres-988-119,,RULE_RESOLUTION,,https://clerk.house.gov/evs/2026/roll017.xml,
h-119-2-18,2026-01-13,MOTION_TO_RECOMMIT,hr-2262-119,WORKFORCE,PROCEDURAL_CATEGORY,,https://clerk.house.gov/evs/2026/roll018.xml,
h-119-2-20,2026-01-13,MOTION_TO_RECOMMIT,hr-2270-119,WORKFORCE,PROCEDURAL_CATEGORY,,https://clerk.house.gov/evs/2026/roll020.xml,
h-119-2-21,2026-01-13,MOTION_TO_RECOMMIT,hr-2312-119,WORKFORCE,PROCEDURAL_CATEGORY,,https://clerk.house.gov/evs/2026/roll021.xml,
h-119-2-22,2026-01-13,MOTION_TO_RECOMMIT,hr-4593-119,INPUT_COSTS,PROCEDURAL_CATEGORY,,https://clerk.house.gov/evs/2026/roll022.xml,
h-119-2-23,2026-01-13,PASSAGE,hr-4593-119,INPUT_COSTS,UNADJUDICATED_DIRECTION,,https://clerk.house.gov/evs/2026/roll023.xml,
s-119-2-8,2026-01-13,PROCEDURAL,sjres-84-119,HEALTH_COSTS,PROCEDURAL_CATEGORY,Democrat,https://www.senate.gov/legislative/LIS/roll_call_votes/vote1192/vote_119_2_00008.xml,
h-119-2-24,2026-01-14,PROCEDURAL,hres-992-119,,PROCEDURAL_CATEGORY,,https://clerk.house.gov/evs/2026/roll024.xml,
h-119-2-25,2026-01-14,PASSAGE,hres-992-119,,RULE_RESOLUTION,,https://clerk.house.gov/evs/2026/roll025.xml,
h-119-2-26,2026-01-14,AMENDMENT,hr-7006-119,,NO_IMPACT_TAG,,https://clerk.house.gov/evs/2026/roll026.xml,
h-119-2-27,2026-01-14,AMENDMENT,hr-7006-119,,NO_IMPACT_TAG,,https://clerk.house.gov/evs/2026/roll027.xml,
h-119-2-28,2026-01-14,PASSAGE,hr-7006-119,,NO_IMPACT_TAG,,https://clerk.house.gov/evs/2026/roll028.xml,
s-119-2-9,2026-01-14,PROCEDURAL,sjres-98-119,,PROCEDURAL_CATEGORY,Democrat,https://www.senate.gov/legislative/LIS/roll_call_votes/vote1192/vote_119_2_00009.xml,
h-119-2-29,2026-01-15,AMENDMENT,hr-2988-119,,NO_IMPACT_TAG,,https://clerk.house.gov/evs/2026/roll029.xml,
h-119-2-30,2026-01-15,MOTION_TO_RECOMMIT,hr-2988-119,WORKFORCE,PROCEDURAL_CATEGORY,,https://clerk.house.gov/evs/2026/roll030.xml,
h-119-2-31,2026-01-15,PASSAGE,hr-2988-119,WORKFORCE,UNADJUDICATED_DIRECTION,,https://clerk.house.gov/evs/2026/roll031.xml,
s-119-2-10,2026-01-15,CLOTURE,hr-6938-119,,PROCEDURAL_CATEGORY,,https://www.senate.gov/legislative/LIS/roll_call_votes/vote1192/vote_119_2_00010.xml,
s-119-2-11,2026-01-15,PASSAGE,hr-6938-119,,NO_IMPACT_TAG,,https://www.senate.gov/legislative/LIS/roll_call_votes/vote1192/vote_119_2_00011.xml,
h-119-2-32,2026-01-20,SUSPENSION,hr-5763-119,,PROCEDURAL_CATEGORY,,https://clerk.house.gov/evs/2026/roll032.xml,
h-119-2-33,2026-01-20,SUSPENSION,hr-5764-119,,PROCEDURAL_CATEGORY,,https://clerk.house.gov/evs/2026/roll033.xml,
h-119-2-34,2026-01-21,PROCEDURAL,hres-1009-119,,PROCEDURAL_CATEGORY,,https://clerk.house.gov/evs/2026/roll034.xml,
h-119-2-35,2026-01-21,PASSAGE,hres-1009-119,,RULE_RESOLUTION,,https://clerk.house.gov/evs/2026/roll035.xml,
h-119-2-36,2026-01-21,MOTION_TO_RECOMMIT,hr-6945-119,,PROCEDURAL_CATEGORY,,https://clerk.house.gov/evs/2026/roll036.xml,
h-119-2-37,2026-01-21,PASSAGE,hr-6945-119,,NO_IMPACT_TAG,,https://clerk.house.gov/evs/2026/roll037.xml,
h-119-2-38,2026-01-21,PASSAGE,hjres-140-119,,NO_IMPACT_TAG,,https://clerk.house.gov/evs/2026/roll038.xml,
h-119-2-39,2026-01-22,PROCEDURAL,hres-1014-119,,PROCEDURAL_CATEGORY,,https://clerk.house.gov/evs/2026/roll039.xml,
h-119-2-40,2026-01-22,AMENDMENT,hres-1014-119,,RULE_RESOLUTION,,https://clerk.house.gov/evs/2026/roll040.xml,
h-119-2-41,2026-01-22,PASSAGE,hres-1014-119,,RULE_RESOLUTION,,https://clerk.house.gov/evs/2026/roll041.xml,
h-119-2-42,2026-01-22,PASSAGE,hr-7147-119,,NO_IMPACT_TAG,,https://clerk.house.gov/evs/2026/roll042.xml,
h-119-2-43,2026-01-22,AMENDMENT,hr-7148-119,,NO_IMPACT_TAG,,https://clerk.house.gov/evs/2026/roll043.xml,
h-119-2-44,2026-01-22,AMENDMENT,hr-7148-119,,NO_IMPACT_TAG,,https://clerk.house.gov/evs/2026/roll044.xml,
h-119-2-45,2026-01-22,PASSAGE,hr-7148-119,,NO_IMPACT_TAG,,https://clerk.house.gov/evs/2026/roll045.xml,
h-119-2-46,2026-01-22,MOTION_TO_RECOMMIT,hr-6359-119,,PROCEDURAL_CATEGORY,,https://clerk.house.gov/evs/2026/roll046.xml,
h-119-2-47,2026-01-22,PASSAGE,hr-6359-119,,NO_IMPACT_TAG,,https://clerk.house.gov/evs/2026/roll047.xml,
h-119-2-48,2026-01-22,PASSAGE,hconres-68-119,,NO_IMPACT_TAG,,https://clerk.house.gov/evs/2026/roll048.xml,
s-119-2-12,2026-01-27,CLOTURE,s-3627-119,,PROCEDURAL_CATEGORY,,https://www.senate.gov/legislative/LIS/roll_call_votes/vote1192/vote_119_2_00012.xml,
s-119-2-13,2026-01-29,CLOTURE,hr-7148-119,,PROCEDURAL_CATEGORY,,https://www.senate.gov/legislative/LIS/roll_call_votes/vote1192/vote_119_2_00013.xml,
s-119-2-14,2026-01-30,AMENDMENT,,,NO_IMPACT_TAG,,https://www.senate.gov/legislative/LIS/roll_call_votes/vote1192/vote_119_2_00014.xml,
s-119-2-15,2026-01-30,PROCEDURAL,,,PROCEDURAL_CATEGORY,,https://www.senate.gov/legislative/LIS/roll_call_votes/vote1192/vote_119_2_00015.xml,
s-119-2-16,2026-01-30,PROCEDURAL,,,PROCEDURAL_CATEGORY,,https://www.senate.gov/legislative/LIS/roll_call_votes/vote1192/vote_119_2_00016.xml,
s-119-2-17,2026-01-30,PROCEDURAL,,,PROCEDURAL_CATEGORY,,https://www.senate.gov/legislative/LIS/roll_call_votes/vote1192/vote_119_2_00017.xml,
s-119-2-18,2026-01-30,AMENDMENT,,,NO_IMPACT_TAG,,https://www.senate.gov/legislative/LIS/roll_call_votes/vote1192/vote_119_2_00018.xml,
s-119-2-19,2026-01-30,PROCEDURAL,,,PROCEDURAL_CATEGORY,,https://www.senate.gov/legislative/LIS/roll_call_votes/vote1192/vote_119_2_00019.xml,
s-119-2-20,2026-01-30,PASSAGE,hr-7148-119,,NO_IMPACT_TAG,,https://www.senate.gov/legislative/LIS/roll_call_votes/vote1192/vote_119_2_00020.xml,
h-119-2-49,2026-02-02,SUSPENSION,hr-980-119,,PROCEDURAL_CATEGORY,,https://clerk.house.gov/evs/2026/roll049.xml,
h-119-2-50,2026-02-02,SUSPENSION,hr-3123-119,,PROCEDURAL_CATEGORY,,https://clerk.house.gov/evs/2026/roll050.xml,
s-119-2-21,2026-02-02,CLOTURE,pn-726-5-119,,PROCEDURAL_CATEGORY,,https://www.senate.gov/legislative/LIS/roll_call_votes/vote1192/vote_119_2_00021.xml,
h-119-2-51,2026-02-03,PROCEDURAL,hres-1032-119,,PROCEDURAL_CATEGORY,,https://clerk.house.gov/evs/2026/roll051.xml,
h-119-2-52,2026-02-03,PASSAGE,hres-1032-119,,RULE_RESOLUTION,,https://clerk.house.gov/evs/2026/roll052.xml,
h-119-2-53,2026-02-03,AMENDMENT,hr-7148-119,,NO_IMPACT_TAG,,https://clerk.house.gov/evs/2026/roll053.xml,
s-119-2-22,2026-02-03,NOMINATION,pn-726-5-119,,PROCEDURAL_CATEGORY,,https://www.senate.gov/legislative/LIS/roll_call_votes/vote1192/vote_119_2_00022.xml,
s-119-2-23,2026-02-03,CLOTURE,pn-726-6-119,,PROCEDURAL_CATEGORY,,https://www.senate.gov/legislative/LIS/roll_call_votes/vote1192/vote_119_2_00023.xml,
s-119-2-24,2026-02-03,NOMINATION,pn-726-6-119,,PROCEDURAL_CATEGORY,,https://www.senate.gov/legislative/LIS/roll_call_votes/vote1192/vote_119_2_00024.xml,
s-119-2-25,2026-02-03,CLOTURE,pn-726-12-119,,PROCEDURAL_CATEGORY,,https://www.senate.gov/legislative/LIS/roll_call_votes/vote1192/vote_119_2_00025.xml,
h-119-2-54,2026-02-04,MOTION_TO_RECOMMIT,hr-4090-119,INPUT_COSTS,PROCEDURAL_CATEGORY,,https://clerk.house.gov/evs/2026/roll054.xml,
h-119-2-56,2026-02-04,PASSAGE,hjres-142-119,,NO_IMPACT_TAG,,https://clerk.house.gov/evs/2026/roll056.xml,
s-119-2-26,2026-02-04,NOMINATION,pn-726-12-119,,PROCEDURAL_CATEGORY,,https://www.senate.gov/legislative/LIS/roll_call_votes/vote1192/vote_119_2_00026.xml,
s-119-2-27,2026-02-04,CLOTURE,pn-726-2-119,,PROCEDURAL_CATEGORY,,https://www.senate.gov/legislative/LIS/roll_call_votes/vote1192/vote_119_2_00027.xml,
s-119-2-28,2026-02-04,NOMINATION,pn-726-2-119,,PROCEDURAL_CATEGORY,,https://www.senate.gov/legislative/LIS/roll_call_votes/vote1192/vote_119_2_00028.xml,
s-119-2-29,2026-02-04,CLOTURE,pn-726-9-119,,PROCEDURAL_CATEGORY,,https://www.senate.gov/legislative/LIS/roll_call_votes/vote1192/vote_119_2_00029.xml,
s-119-2-30,2026-02-05,NOMINATION,pn-726-9-119,,PROCEDURAL_CATEGORY,,https://www.senate.gov/legislative/LIS/roll_call_votes/vote1192/vote_119_2_00030.xml,
s-119-2-31,2026-02-05,CLOTURE,pn-726-11-119,,PROCEDURAL_CATEGORY,,https://www.senate.gov/legislative/LIS/roll_call_votes/vote1192/vote_119_2_00031.xml,
s-119-2-32,2026-02-05,NOMINATION,pn-726-11-119,,PROCEDURAL_CATEGORY,,https://www.senate.gov/legislative/LIS/roll_call_votes/vote1192/vote_119_2_00032.xml,
h-119-2-57,2026-02-09,SUSPENSION,hr-6644-119,,PROCEDURAL_CATEGORY,,https://clerk.house.gov/evs/2026/roll057.xml,
h-119-2-58,2026-02-09,SUSPENSION,hr-1531-119,,PROCEDURAL_CATEGORY,,https://clerk.house.gov/evs/2026/roll058.xml,
s-119-2-33,2026-02-09,CLOTURE,pn-726-4-119,,PROCEDURAL_CATEGORY,,https://www.senate.gov/legislative/LIS/roll_call_votes/vote1192/vote_119_2_00033.xml,
h-119-2-59,2026-02-10,PROCEDURAL,hres-1042-119,INPUT_COSTS,PROCEDURAL_CATEGORY,,https://clerk.house.gov/evs/2026/roll059.xml,
h-119-2-60,2026-02-10,PASSAGE,hres-1042-119,INPUT_COSTS,RULE_RESOLUTION,,https://clerk.house.gov/evs/2026/roll060.xml,
s-119-2-34,2026-02-10,NOMINATION,pn-726-4-119,,PROCEDURAL_CATEGORY,,https://www.senate.gov/legislative/LIS/roll_call_votes/vote1192/vote_119_2_00034.xml,
s-119-2-35,2026-02-10,PROCEDURAL,sjres-95-119,TAX_BURDEN,PROCEDURAL_CATEGORY,,https://www.senate.gov/legislative/LIS/roll_call_votes/vote1192/vote_119_2_00035.xml,
h-119-2-61,2026-02-11,PROCEDURAL,hres-1057-119,INPUT_COSTS,PROCEDURAL_CATEGORY,,https://clerk.house.gov/evs/2026/roll061.xml,
h-119-2-62,2026-02-11,PASSAGE,hres-1057-119,INPUT_COSTS,RULE_RESOLUTION,,https://clerk.house.gov/evs/2026/roll062.xml,
h-119-2-63,2026-02-11,MOTION_TO_RECOMMIT,hr-3617-119,INPUT_COSTS,PROCEDURAL_CATEGORY,,https://clerk.house.gov/evs/2026/roll063.xml,
h-119-2-65,2026-02-11,PASSAGE,hjres-72-119,,NO_IMPACT_TAG,,https://clerk.house.gov/evs/2026/roll065.xml,
h-119-2-66,2026-02-11,MOTION_TO_RECOMMIT,hr-261-119,,PROCEDURAL_CATEGORY,,https://clerk.house.gov/evs/2026/roll066.xml,
h-119-2-67,2026-02-11,PASSAGE,hr-261-119,,NO_IMPACT_TAG,,https://clerk.house.gov/evs/2026/roll067.xml,
h-119-2-68,2026-02-11,PROCEDURAL,s-1383-119,,PROCEDURAL_CATEGORY,,https://clerk.house.gov/evs/2026/roll068.xml,
h-119-2-69,2026-02-11,PASSAGE,s-1383-119,,NO_IMPACT_TAG,,https://clerk.house.gov/evs/2026/roll069.xml,
s-119-2-36,2026-02-11,PROCEDURAL,hjres-142-119,,PROCEDURAL_CATEGORY,,https://www.senate.gov/legislative/LIS/roll_call_votes/vote1192/vote_119_2_00036.xml,
h-119-2-70,2026-02-12,PASSAGE,hr-2189-119,,NO_IMPACT_TAG,,https://clerk.house.gov/evs/2026/roll070.xml,
s-119-2-37,2026-02-12,PROCEDURAL,hjres-142-119,,PROCEDURAL_CATEGORY,,https://www.senate.gov/legislative/LIS/roll_call_votes/vote1192/vote_119_2_00037.xml,
s-119-2-38,2026-02-12,CLOTURE,hr-7147-119,,PROCEDURAL_CATEGORY,,https://www.senate.gov/legislative/LIS/roll_call_votes/vote1192/vote_119_2_00038.xml,
h-119-2-71,2026-02-24,SUSPENSION,hr-6329-119,,PROCEDURAL_CATEGORY,,https://clerk.house.gov/evs/2026/roll071.xml,
h-119-2-72,2026-02-24,SUSPENSION,s-2503-119,,PROCEDURAL_CATEGORY,,https://clerk.house.gov/evs/2026/roll072.xml,
h-119-2-73,2026-02-24,PROCEDURAL,hres-1075-119,,PROCEDURAL_CATEGORY,Republican,https://clerk.house.gov/evs/2026/roll073.xml,
h-119-2-74,2026-02-24,PASSAGE,hres-1075-119,,RULE_RESOLUTION,Republican,https://clerk.house.gov/evs/2026/roll074.xml,
h-119-2-75,2026-02-24,MOTION_TO_RECOMMIT,hr-4626-119,INPUT_COSTS,PROCEDURAL_CATEGORY,,https://clerk.house.gov/evs/2026/roll075.xml,
h-119-2-76,2026-02-24,PASSAGE,hr-4626-119,INPUT_COSTS,UNADJUDICATED_DIRECTION,,https://clerk.house.gov/evs/2026/roll076.xml,
s-119-2-39,2026-02-24,CLOTURE,hr-7147-119,,PROCEDURAL_CATEGORY,,https://www.senate.gov/legislative/LIS/roll_call_votes/vote1192/vote_119_2_00039.xml,
h-119-2-77,2026-02-25,MOTION_TO_RECOMMIT,hr-4758-119,INPUT_COSTS,PROCEDURAL_CATEGORY,,https://clerk.house.gov/evs/2026/roll077.xml,
h-119-2-78,2026-02-25,PASSAGE,hr-4758-119,INPUT_COSTS,UNADJUDICATED_DIRECTION,,https://clerk.house.gov/evs/2026/roll078.xml,
s-119-2-40,2026-02-25,CLOTURE,pn-730-19-119,,PROCEDURAL_CATEGORY,,https://www.senate.gov/legislative/LIS/roll_call_votes/vote1192/vote_119_2_00040.xml,
s-119-2-41,2026-02-25,NOMINATION,pn-730-19-119,,PROCEDURAL_CATEGORY,,https://www.senate.gov/legislative/LIS/roll_call_votes/vote1192/vote_119_2_00041.xml,
s-119-2-42,2026-02-26,CLOTURE,pn-730-46-119,,PROCEDURAL_CATEGORY,,https://www.senate.gov/legislative/LIS/roll_call_votes/vote1192/vote_119_2_00042.xml,
s-119-2-43,2026-02-26,NOMINATION,pn-730-46-119,,PROCEDURAL_CATEGORY,,https://www.senate.gov/legislative/LIS/roll_call_votes/vote1192/vote_119_2_00043.xml,
s-119-2-44,2026-03-02,CLOTURE,hr-6644-119,,PROCEDURAL_CATEGORY,,https://www.senate.gov/legislative/LIS/roll_call_votes/vote1192/vote_119_2_00044.xml,
h-119-2-79,2026-03-04,PROCEDURAL,hres-1095-119,,PROCEDURAL_CATEGORY,,https://clerk.house.gov/evs/2026/roll079.xml,
h-119-2-80,2026-03-04,PASSAGE,hres-1095-119,,RULE_RESOLUTION,,https://clerk.house.gov/evs/2026/roll080.xml,
h-119-2-81,2026-03-04,SUSPENSION,s-723-119,,PROCEDURAL_CATEGORY,,https://clerk.house.gov/evs/2026/roll081.xml,
h-119-2-82,2026-03-04,SUSPENSION,hr-6472-119,,PROCEDURAL_CATEGORY,,https://clerk.house.gov/evs/2026/roll082.xml,
h-119-2-83,2026-03-04,PROCEDURAL,hres-1100-119,,PROCEDURAL_CATEGORY,,https://clerk.house.gov/evs/2026/roll083.xml,
s-119-2-45,2026-03-04,PROCEDURAL,hr-6644-119,,PROCEDURAL_CATEGORY,,https://www.senate.gov/legislative/LIS/roll_call_votes/vote1192/vote_119_2_00045.xml,
s-119-2-46,2026-03-04,PROCEDURAL,sjres-104-119,,PROCEDURAL_CATEGORY,Democrat,https://www.senate.gov/legislative/LIS/roll_call_votes/vote1192/vote_119_2_00046.xml,
h-119-2-84,2026-03-05,SUSPENSION,hres-1099-119,,PROCEDURAL_CATEGORY,,https://clerk.house.gov/evs/2026/roll084.xml,
h-119-2-85,2026-03-05,PASSAGE,hconres-38-119,,NO_IMPACT_TAG,,https://clerk.house.gov/evs/2026/roll085.xml,
h-119-2-86,2026-03-05,MOTION_TO_RECOMMIT,hr-7744-119,,PROCEDURAL_CATEGORY,,https://clerk.house.gov/evs/2026/roll086.xml,
h-119-2-87,2026-03-05,PASSAGE,hr-7744-119,,NO_IMPACT_TAG,,https://clerk.house.gov/evs/2026/roll087.xml,
s-119-2-47,2026-03-05,CLOTURE,hr-7147-119,,PROCEDURAL_CATEGORY,,https://www.senate.gov/legislative/LIS/roll_call_votes/vote1192/vote_119_2_00047.xml,
s-119-2-48,2026-03-09,CLOTURE,pn-711-119,,PROCEDURAL_CATEGORY,,https://www.senate.gov/legislative/LIS/roll_call_votes/vote1192/vote_119_2_00048.xml,
s-119-2-49,2026-03-10,NOMINATION,pn-711-119,,PROCEDURAL_CATEGORY,,https://www.senate.gov/legislative/LIS/roll_call_votes/vote1192/vote_119_2_00049.xml,
s-119-2-50,2026-03-10,CLOTURE,,,PROCEDURAL_CATEGORY,,https://www.senate.gov/legislative/LIS/roll_call_votes/vote1192/vote_119_2_00050.xml,
s-119-2-51,2026-03-11,AMENDMENT,,,NO_IMPACT_TAG,,https://www.senate.gov/legislative/LIS/roll_call_votes/vote1192/vote_119_2_00051.xml,
s-119-2-52,2026-03-11,CLOTURE,hr-6644-119,,PROCEDURAL_CATEGORY,,https://www.senate.gov/legislative/LIS/roll_call_votes/vote1192/vote_119_2_00052.xml,
s-119-2-53,2026-03-12,PASSAGE,hr-6644-119,,NO_IMPACT_TAG,,https://www.senate.gov/legislative/LIS/roll_call_votes/vote1192/vote_119_2_00053.xml,
s-119-2-54,2026-03-12,CLOTURE,hr-7147-119,,PROCEDURAL_CATEGORY,,https://www.senate.gov/legislative/LIS/roll_call_votes/vote1192/vote_119_2_00054.xml,
h-119-2-88,2026-03-17,SUSPENSION,hr-4294-119,,PROCEDURAL_CATEGORY,,https://clerk.house.gov/evs/2026/roll088.xml,
h-119-2-89,2026-03-17,SUSPENSION,s-3971-119,,PROCEDURAL_CATEGORY,,https://clerk.house.gov/evs/2026/roll089.xml,
h-119-2-90,2026-03-17,PROCEDURAL,hres-1115-119,,PROCEDURAL_CATEGORY,,https://clerk.house.gov/evs/2026/roll090.xml,
h-119-2-91,2026-03-17,PASSAGE,hres-1115-119,,RULE_RESOLUTION,,https://clerk.house.gov/evs/2026/roll091.xml,
s-119-2-55,2026-03-17,CLOTURE,pn-787-4-119,,PROCEDURAL_CATEGORY,,https://www.senate.gov/legislative/LIS/roll_call_votes/vote1192/vote_119_2_00055.xml,
s-119-2-56,2026-03-17,NOMINATION,pn-787-4-119,,PROCEDURAL_CATEGORY,,https://www.senate.gov/legislative/LIS/roll_call_votes/vote1192/vote_119_2_00056.xml,
s-119-2-57,2026-03-17,PROCEDURAL,s-1383-119,,PROCEDURAL_CATEGORY,,https://www.senate.gov/legislative/LIS/roll_call_votes/vote1192/vote_119_2_00057.xml,
h-119-2-92,2026-03-18,MOTION_TO_RECOMMIT,hr-556-119,,PROCEDURAL_CATEGORY,Republican,https://clerk.house.gov/evs/2026/roll092.xml,
h-119-2-93,2026-03-18,PASSAGE,hr-556-119,,NO_IMPACT_TAG,Republican,https://clerk.house.gov/evs/2026/roll093.xml,
h-119-2-94,2026-03-18,PASSAGE,hr-1958-119,,NO_IMPACT_TAG,,https://clerk.house.gov/evs/2026/roll094.xml,
h-119-2-95,2026-03-18,SUSPENSION,hjres-139-119,,PROCEDURAL_CATEGORY,,https://clerk.house.gov/evs/2026/roll095.xml,
s-119-2-58,2026-03-18,PROCEDURAL,sjres-118-119,,PROCEDURAL_CATEGORY,,https://www.senate.gov/legislative/LIS/roll_call_votes/vote1192/vote_119_2_00058.xml,
h-119-2-96,2026-03-19,PASSAGE,hr-4638-119,,NO_IMPACT_TAG,,https://clerk.house.gov/evs/2026/roll096.xml,
s-119-2-59,2026-03-20,CLOTURE,hr-7147-119,,PROCEDURAL_CATEGORY,,https://www.senate.gov/legislative/LIS/roll_call_votes/vote1192/vote_119_2_00059.xml,
s-119-2-60,2026-03-21,CLOTURE,,,PROCEDURAL_CATEGORY,,https://www.senate.gov/legislative/LIS/roll_call_votes/vote1192/vote_119_2_00060.xml,
s-119-2-61,2026-03-21,CLOTURE,s-1383-119,,PROCEDURAL_CATEGORY,,https://www.senate.gov/legislative/LIS/roll_call_votes/vote1192/vote_119_2_00061.xml,
s-119-2-62,2026-03-22,CLOTURE,pn-858-119,,PROCEDURAL_CATEGORY,,https://www.senate.gov/legislative/LIS/roll_call_votes/vote1192/vote_119_2_00062.xml,
s-119-2-63,2026-03-23,NOMINATION,pn-858-119,,PROCEDURAL_CATEGORY,,https://www.senate.gov/legislative/LIS/roll_call_votes/vote1192/vote_119_2_00063.xml,
s-119-2-64,2026-03-23,CLOTURE,pn-786-9-119,,PROCEDURAL_CATEGORY,,https://www.senate.gov/legislative/LIS/roll_call_votes/vote1192/vote_119_2_00064.xml,
h-119-2-97,2026-03-24,SUSPENSION,hr-6422-119,REGULATORY_BURDEN,PROCEDURAL_CATEGORY,,https://clerk.house.gov/evs/2026/roll097.xml,
s-119-2-65,2026-03-24,NOMINATION,pn-786-9-119,,PROCEDURAL_CATEGORY,,https://www.senate.gov/legislative/LIS/roll_call_votes/vote1192/vote_119_2_00065.xml,
s-119-2-66,2026-03-24,PROCEDURAL,pn-697-119,,PROCEDURAL_CATEGORY,,https://www.senate.gov/legislative/LIS/roll_call_votes/vote1192/vote_119_2_00066.xml,
s-119-2-67,2026-03-24,PROCEDURAL,s-1383-119,,PROCEDURAL_CATEGORY,,https://www.senate.gov/legislative/LIS/roll_call_votes/vote1192/vote_119_2_00067.xml,
s-119-2-68,2026-03-24,PROCEDURAL,s-1383-119,,PROCEDURAL_CATEGORY,,https://www.senate.gov/legislative/LIS/roll_call_votes/vote1192/vote_119_2_00068.xml,
s-119-2-69,2026-03-24,PROCEDURAL,sjres-116-119,,PROCEDURAL_CATEGORY,,https://www.senate.gov/legislative/LIS/roll_call_votes/vote1192/vote_119_2_00069.xml,
h-119-2-100,2026-03-25,MOTION_TO_RECOMMIT,hr-5103-119,,PROCEDURAL_CATEGORY,Republican,https://clerk.house.gov/evs/2026/roll100.xml,
h-119-2-101,2026-03-25,PASSAGE,hr-5103-119,,NO_IMPACT_TAG,Republican,https://clerk.house.gov/evs/2026/roll101.xml,
h-119-2-98,2026-03-25,PROCEDURAL,hres-1131-119,,PROCEDURAL_CATEGORY,,https://clerk.house.gov/evs/2026/roll098.xml,
h-119-2-99,2026-03-25,PASSAGE,hres-1131-119,,RULE_RESOLUTION,,https://clerk.house.gov/evs/2026/roll099.xml,
s-119-2-70,2026-03-25,PROCEDURAL,sjres-107-119,TAX_BURDEN,PROCEDURAL_CATEGORY,,https://www.senate.gov/legislative/LIS/roll_call_votes/vote1192/vote_119_2_00070.xml,
s-119-2-71,2026-03-25,CLOTURE,hr-7147-119,,PROCEDURAL_CATEGORY,,https://www.senate.gov/legislative/LIS/roll_call_votes/vote1192/vote_119_2_00071.xml,
s-119-2-72,2026-03-25,PROCEDURAL,sjres-103-119,,PROCEDURAL_CATEGORY,,https://www.senate.gov/legislative/LIS/roll_call_votes/vote1192/vote_119_2_00072.xml,
h-119-2-102,2026-03-26,PASSAGE,hres-1128-119,,NO_IMPACT_TAG,,https://clerk.house.gov/evs/2026/roll102.xml,
h-119-2-103,2026-03-26,MOTION_TO_RECOMMIT,hr-8029-119,,PROCEDURAL_CATEGORY,,https://clerk.house.gov/evs/2026/roll103.xml,
h-119-2-104,2026-03-26,PASSAGE,hr-8029-119,,NO_IMPACT_TAG,,https://clerk.house.gov/evs/2026/roll104.xml,
s-119-2-73,2026-03-26,CLOTURE,,,PROCEDURAL_CATEGORY,,https://www.senate.gov/legislative/LIS/roll_call_votes/vote1192/vote_119_2_00073.xml,
s-119-2-74,2026-03-26,CLOTURE,hr-7147-119,,PROCEDURAL_CATEGORY,,https://www.senate.gov/legislative/LIS/roll_call_votes/vote1192/vote_119_2_00074.xml,
h-119-2-105,2026-03-27,PASSAGE,hr-7084-119,,NO_IMPACT_TAG,,https://clerk.house.gov/evs/2026/roll105.xml,
h-119-2-106,2026-03-27,PROCEDURAL,,,PROCEDURAL_CATEGORY,,https://clerk.house.gov/evs/2026/roll106.xml,
h-119-2-107,2026-03-27,PROCEDURAL,hres-1142-119,,PROCEDURAL_CATEGORY,,https://clerk.house.gov/evs/2026/roll107.xml,
h-119-2-108,2026-03-27,PASSAGE,hres-1142-119,,NO_IMPACT_TAG,,https://clerk.house.gov/evs/2026/roll108.xml,
s-119-2-75,2026-04-13,CLOTURE,pn-787-3-119,,PROCEDURAL_CATEGORY,,https://www.senate.gov/legislative/LIS/roll_call_votes/vote1192/vote_119_2_00075.xml,
h-119-2-109,2026-04-14,SUSPENSION,hr-1011-119,,PROCEDURAL_CATEGORY,,https://clerk.house.gov/evs/2026/roll109.xml,
h-119-2-110,2026-04-14,SUSPENSION,hr-7613-119,,PROCEDURAL_CATEGORY,,https://clerk.house.gov/evs/2026/roll110.xml,
s-119-2-76,2026-04-14,NOMINATION,pn-787-3-119,,PROCEDURAL_CATEGORY,,https://www.senate.gov/legislative/LIS/roll_call_votes/vote1192/vote_119_2_00076.xml,
s-119-2-77,2026-04-14,CLOTURE,pn-787-5-119,,PROCEDURAL_CATEGORY,,https://www.senate.gov/legislative/LIS/roll_call_votes/vote1192/vote_119_2_00077.xml,
s-119-2-78,2026-04-14,NOMINATION,pn-787-5-119,,PROCEDURAL_CATEGORY,,https://www.senate.gov/legislative/LIS/roll_call_votes/vote1192/vote_119_2_00078.xml,
h-119-2-111,2026-04-15,PROCEDURAL,hres-1174-119,,PROCEDURAL_CATEGORY,,https://clerk.house.gov/evs/2026/roll111.xml,
h-119-2-112,2026-04-15,PASSAGE,hres-1174-119,,RULE_RESOLUTION,,https://clerk.house.gov/evs/2026/roll112.xml,
h-119-2-113,2026-04-15,PROCEDURAL,hres-965-119,,PROCEDURAL_CATEGORY,,https://clerk.house.gov/evs/2026/roll113.xml,
s-119-2-79,2026-04-15,PROCEDURAL,sjres-123-119,,PROCEDURAL_CATEGORY,,https://www.senate.gov/legislative/LIS/roll_call_votes/vote1192/vote_119_2_00079.xml,
s-119-2-80,2026-04-15,PROCEDURAL,sjres-32-119,,PROCEDURAL_CATEGORY,,https://www.senate.gov/legislative/LIS/roll_call_votes/vote1192/vote_119_2_00080.xml,
s-119-2-81,2026-04-15,PROCEDURAL,sjres-138-119,,PROCEDURAL_CATEGORY,,https://www.senate.gov/legislative/LIS/roll_call_votes/vote1192/vote_119_2_00081.xml,
s-119-2-82,2026-04-15,PROCEDURAL,hjres-140-119,,PROCEDURAL_CATEGORY,,https://www.senate.gov/legislative/LIS/roll_call_votes/vote1192/vote_119_2_00082.xml,
s-119-2-83,2026-04-15,PROCEDURAL,hjres-140-119,,PROCEDURAL_CATEGORY,,https://www.senate.gov/legislative/LIS/roll_call_votes/vote1192/vote_119_2_00083.xml,
h-119-2-114,2026-04-16,PASSAGE,hconres-40-119,,NO_IMPACT_TAG,,https://clerk.house.gov/evs/2026/roll114.xml,
h-119-2-115,2026-04-16,MOTION_TO_RECOMMIT,hr-6409-119,REGULATORY_BURDEN,PROCEDURAL_CATEGORY,,https://clerk.house.gov/evs/2026/roll115.xml,
h-119-2-117,2026-04-16,MOTION_TO_RECOMMIT,hr-6398-119,REGULATORY_BURDEN,PROCEDURAL_CATEGORY,,https://clerk.house.gov/evs/2026/roll117.xml,
h-119-2-119,2026-04-16,PASSAGE,hres-965-119,,RULE_RESOLUTION,,https://clerk.house.gov/evs/2026/roll119.xml,
h-119-2-120,2026-04-16,PASSAGE,hr-1689-119,,NO_IMPACT_TAG,,https://clerk.house.gov/evs/2026/roll120.xml,
h-119-2-121,2026-04-16,PASSAGE,hres-1156-119,TAX_BURDEN,UNADJUDICATED_DIRECTION,,https://clerk.house.gov/evs/2026/roll121.xml,
s-119-2-84,2026-04-16,PROCEDURAL,hjres-140-119,,PROCEDURAL_CATEGORY,,https://www.senate.gov/legislative/LIS/roll_call_votes/vote1192/vote_119_2_00084.xml,
s-119-2-85,2026-04-16,CLOTURE,pn-787-1-119,,PROCEDURAL_CATEGORY,,https://www.senate.gov/legislative/LIS/roll_call_votes/vote1192/vote_119_2_00085.xml,
h-119-2-122,2026-04-17,PROCEDURAL,hres-1175-119,,PROCEDURAL_CATEGORY,,https://clerk.house.gov/evs/2026/roll122.xml,
h-119-2-123,2026-04-17,AMENDMENT,hres-1175-119,,RULE_RESOLUTION,,https://clerk.house.gov/evs/2026/roll123.xml,
h-119-2-124,2026-04-17,PASSAGE,hres-1175-119,,RULE_RESOLUTION,,https://clerk.house.gov/evs/2026/roll124.xml,
h-119-2-125,2026-04-20,SUSPENSION,hr-1681-119,,PROCEDURAL_CATEGORY,,https://clerk.house.gov/evs/2026/roll125.xml,
h-119-2-126,2026-04-20,SUSPENSION,hr-5200-119,,PROCEDURAL_CATEGORY,,https://clerk.house.gov/evs/2026/roll126.xml,
s-119-2-86,2026-04-20,NOMINATION,pn-787-1-119,,PROCEDURAL_CATEGORY,,https://www.senate.gov/legislative/LIS/roll_call_votes/vote1192/vote_119_2_00086.xml,
h-119-2-127,2026-04-21,SUSPENSION,hr-5201-119,,PROCEDURAL_CATEGORY,,https://clerk.house.gov/evs/2026/roll127.xml,
h-119-2-128,2026-04-21,SUSPENSION,hr-2493-119,HEALTH_COSTS,PROCEDURAL_CATEGORY,,https://clerk.house.gov/evs/2026/roll128.xml,
h-119-2-129,2026-04-21,SUSPENSION,s-1020-119,INPUT_COSTS,PROCEDURAL_CATEGORY,,https://clerk.house.gov/evs/2026/roll129.xml,
s-119-2-87,2026-04-21,PROCEDURAL,sconres-33-119,,PROCEDURAL_CATEGORY,,https://www.senate.gov/legislative/LIS/roll_call_votes/vote1192/vote_119_2_00087.xml,
h-119-2-130,2026-04-22,PROCEDURAL,hres-1189-119,,PROCEDURAL_CATEGORY,,https://clerk.house.gov/evs/2026/roll130.xml,
h-119-2-131,2026-04-22,PASSAGE,hres-1189-119,,RULE_RESOLUTION,,https://clerk.house.gov/evs/2026/roll131.xml,
h-119-2-132,2026-04-22,PASSAGE,hres-1182-119,,NO_IMPACT_TAG,,https://clerk.house.gov/evs/2026/roll132.xml,
h-119-2-133,2026-04-22,MOTION_TO_RECOMMIT,hr-4690-119,INPUT_COSTS,PROCEDURAL_CATEGORY,,https://clerk.house.gov/evs/2026/roll133.xml,
h-119-2-134,2026-04-22,PASSAGE,hr-4690-119,INPUT_COSTS,UNADJUDICATED_DIRECTION,,https://clerk.house.gov/evs/2026/roll134.xml,
h-119-2-135,2026-04-22,MOTION_TO_RECOMMIT,hr-6387-119,REGULATORY_BURDEN,PROCEDURAL_CATEGORY,,https://clerk.house.gov/evs/2026/roll135.xml,
s-119-2-88,2026-04-22,PROCEDURAL,sjres-114-119,,PROCEDURAL_CATEGORY,,https://www.senate.gov/legislative/LIS/roll_call_votes/vote1192/vote_119_2_00088.xml,
s-119-2-89,2026-04-22,PROCEDURAL,,,PROCEDURAL_CATEGORY,,https://www.senate.gov/legislative/LIS/roll_call_votes/vote1192/vote_119_2_00089.xml,
s-119-2-90,2026-04-22,PROCEDURAL,,,PROCEDURAL_CATEGORY,,https://www.senate.gov/legislative/LIS/roll_call_votes/vote1192/vote_119_2_00090.xml,
s-119-2-91,2026-04-22,PROCEDURAL,,,PROCEDURAL_CATEGORY,,https://www.senate.gov/legislative/LIS/roll_call_votes/vote1192/vote_119_2_00091.xml,
s-119-2-92,2026-04-22,AMENDMENT,,,NO_IMPACT_TAG,,https://www.senate.gov/legislative/LIS/roll_call_votes/vote1192/vote_119_2_00092.xml,
s-119-2-93,2026-04-22,PROCEDURAL,,,PROCEDURAL_CATEGORY,,https://www.senate.gov/legislative/LIS/roll_call_votes/vote1192/vote_119_2_00093.xml,
s-119-2-94,2026-04-22,PROCEDURAL,,,PROCEDURAL_CATEGORY,,https://www.senate.gov/legislative/LIS/roll_call_votes/vote1192/vote_119_2_00094.xml,
s-119-2-95,2026-04-22,PROCEDURAL,,,PROCEDURAL_CATEGORY,,https://www.senate.gov/legislative/LIS/roll_call_votes/vote1192/vote_119_2_00095.xml,
h-119-2-137,2026-04-23,PASSAGE,hr-5587-119,INPUT_COSTS,UNADJUDICATED_DIRECTION,,https://clerk.house.gov/evs/2026/roll137.xml,
s-119-2-100,2026-04-23,AMENDMENT,,,NO_IMPACT_TAG,,https://www.senate.gov/legislative/LIS/roll_call_votes/vote1192/vote_119_2_00100.xml,
s-119-2-101,2026-04-23,PROCEDURAL,,,PROCEDURAL_CATEGORY,,https://www.senate.gov/legislative/LIS/roll_call_votes/vote1192/vote_119_2_00101.xml,
s-119-2-102,2026-04-23,PROCEDURAL,,,PROCEDURAL_CATEGORY,,https://www.senate.gov/legislative/LIS/roll_call_votes/vote1192/vote_119_2_00102.xml,
s-119-2-103,2026-04-23,AMENDMENT,,,NO_IMPACT_TAG,,https://www.senate.gov/legislative/LIS/roll_call_votes/vote1192/vote_119_2_00103.xml,
s-119-2-104,2026-04-23,AMENDMENT,,,NO_IMPACT_TAG,,https://www.senate.gov/legislative/LIS/roll_call_votes/vote1192/vote_119_2_00104.xml,
s-119-2-105,2026-04-23,PROCEDURAL,sconres-33-119,,PROCEDURAL_CATEGORY,,https://www.senate.gov/legislative/LIS/roll_call_votes/vote1192/vote_119_2_00105.xml,
s-119-2-96,2026-04-23,PROCEDURAL,,,PROCEDURAL_CATEGORY,,https://www.senate.gov/legislative/LIS/roll_call_votes/vote1192/vote_119_2_00096.xml,
s-119-2-97,2026-04-23,PROCEDURAL,,,PROCEDURAL_CATEGORY,,https://www.senate.gov/legislative/LIS/roll_call_votes/vote1192/vote_119_2_00097.xml,
s-119-2-98,2026-04-23,PROCEDURAL,,,PROCEDURAL_CATEGORY,,https://www.senate.gov/legislative/LIS/roll_call_votes/vote1192/vote_119_2_00098.xml,
s-119-2-99,2026-04-23,AMENDMENT,,,NO_IMPACT_TAG,,https://www.senate.gov/legislative/LIS/roll_call_votes/vote1192/vote_119_2_00099.xml,
h-119-2-138,2026-04-27,SUSPENSION,hr-7959-119,TAX_BURDEN,PROCEDURAL_CATEGORY,,https://clerk.house.gov/evs/2026/roll138.xml,
h-119-2-139,2026-04-27,SUSPENSION,hr-227-119,,PROCEDURAL_CATEGORY,,https://clerk.house.gov/evs/2026/roll139.xml,
s-119-2-106,2026-04-27,CLOTURE,pn-730-14-119,,PROCEDURAL_CATEGORY,,https://www.senate.gov/legislative/LIS/roll_call_votes/vote1192/vote_119_2_00106.xml,
s-119-2-107,2026-04-28,PROCEDURAL,sres-690-119,,PROCEDURAL_CATEGORY,,https://www.senate.gov/legislative/LIS/roll_call_votes/vote1192/vote_119_2_00107.xml,
s-119-2-108,2026-04-28,PROCEDURAL,sjres-124-119,,PROCEDURAL_CATEGORY,Democrat,https://www.senate.gov/legislative/LIS/roll_call_votes/vote1192/vote_119_2_00108.xml,
h-119-2-140,2026-04-29,PROCEDURAL,hres-1224-119,,PROCEDURAL_CATEGORY,,https://clerk.house.gov/evs/2026/roll140.xml,
h-119-2-141,2026-04-29,PASSAGE,hres-1224-119,,RULE_RESOLUTION,,https://clerk.house.gov/evs/2026/roll141.xml,
h-119-2-142,2026-04-29,PASSAGE,s-1318-119,,NO_IMPACT_TAG,,https://clerk.house.gov/evs/2026/roll142.xml,
h-119-2-143,2026-04-29,PASSAGE,sconres-33-119,,NO_IMPACT_TAG,,https://clerk.house.gov/evs/2026/roll143.xml,
s-119-2-109,2026-04-29,NOMINATION,pn-730-14-119,,PROCEDURAL_CATEGORY,,https://www.senate.gov/legislative/LIS/roll_call_votes/vote1192/vote_119_2_00109.xml,
s-119-2-110,2026-04-29,PROCEDURAL,sjres-139-119,REGULATORY_BURDEN,PROCEDURAL_CATEGORY,,https://www.senate.gov/legislative/LIS/roll_call_votes/vote1192/vote_119_2_00110.xml,
s-119-2-111,2026-04-29,PROCEDURAL,sjres-99-119,WORKFORCE,PROCEDURAL_CATEGORY,,https://www.senate.gov/legislative/LIS/roll_call_votes/vote1192/vote_119_2_00111.xml,
h-119-2-144,2026-04-30,AMENDMENT,hr-7567-119,,NO_IMPACT_TAG,,https://clerk.house.gov/evs/2026/roll144.xml,
h-119-2-145,2026-04-30,AMENDMENT,hr-7567-119,,NO_IMPACT_TAG,,https://clerk.house.gov/evs/2026/roll145.xml,
h-119-2-146,2026-04-30,AMENDMENT,hr-7567-119,,NO_IMPACT_TAG,,https://clerk.house.gov/evs/2026/roll146.xml,
h-119-2-147,2026-04-30,AMENDMENT,hr-7567-119,,NO_IMPACT_TAG,,https://clerk.house.gov/evs/2026/roll147.xml,
h-119-2-148,2026-04-30,AMENDMENT,hr-7567-119,,NO_IMPACT_TAG,,https://clerk.house.gov/evs/2026/roll148.xml,
h-119-2-149,2026-04-30,AMENDMENT,hr-7567-119,,NO_IMPACT_TAG,,https://clerk.house.gov/evs/2026/roll149.xml,
h-119-2-150,2026-04-30,AMENDMENT,hr-7567-119,,NO_IMPACT_TAG,,https://clerk.house.gov/evs/2026/roll150.xml,
h-119-2-151,2026-04-30,AMENDMENT,hr-7567-119,,NO_IMPACT_TAG,,https://clerk.house.gov/evs/2026/roll151.xml,
h-119-2-152,2026-04-30,AMENDMENT,hr-7567-119,,NO_IMPACT_TAG,,https://clerk.house.gov/evs/2026/roll152.xml,
h-119-2-153,2026-04-30,MOTION_TO_RECOMMIT,hr-7567-119,,PROCEDURAL_CATEGORY,,https://clerk.house.gov/evs/2026/roll153.xml,
h-119-2-154,2026-04-30,PASSAGE,hr-7567-119,,NO_IMPACT_TAG,,https://clerk.house.gov/evs/2026/roll154.xml,
h-119-2-155,2026-04-30,SUSPENSION,s-4465-119,,PROCEDURAL_CATEGORY,,https://clerk.house.gov/evs/2026/roll155.xml,
s-119-2-112,2026-04-30,CLOTURE,sres-690-119,,PROCEDURAL_CATEGORY,,https://www.senate.gov/legislative/LIS/roll_call_votes/vote1192/vote_119_2_00112.xml,
s-119-2-113,2026-04-30,PROCEDURAL,sjres-184-119,,PROCEDURAL_CATEGORY,,https://www.senate.gov/legislative/LIS/roll_call_votes/vote1192/vote_119_2_00113.xml,
s-119-2-114,2026-05-11,PROCEDURAL,sres-690-119,,PROCEDURAL_CATEGORY,,https://www.senate.gov/legislative/LIS/roll_call_votes/vote1192/vote_119_2_00114.xml,
s-119-2-115,2026-05-11,CLOTURE,pn-855-2-119,,PROCEDURAL_CATEGORY,,https://www.senate.gov/legislative/LIS/roll_call_votes/vote1192/vote_119_2_00115.xml,
h-119-2-156,2026-05-12,SUSPENSION,hr-2071-119,,PROCEDURAL_CATEGORY,,https://clerk.house.gov/evs/2026/roll156.xml,
h-119-2-157,2026-05-12,SUSPENSION,hr-2853-119,,PROCEDURAL_CATEGORY,,https://clerk.house.gov/evs/2026/roll157.xml,
s-119-2-116,2026-05-12,NOMINATION,pn-855-2-119,,PROCEDURAL_CATEGORY,,https://www.senate.gov/legislative/LIS/roll_call_votes/vote1192/vote_119_2_00116.xml,
s-119-2-117,2026-05-12,CLOTURE,pn-855-1-119,,PROCEDURAL_CATEGORY,,https://www.senate.gov/legislative/LIS/roll_call_votes/vote1192/vote_119_2_00117.xml,
h-119-2-158,2026-05-13,PROCEDURAL,hres-1275-119,,PROCEDURAL_CATEGORY,Republican,https://clerk.house.gov/evs/2026/roll158.xml,
h-119-2-159,2026-05-13,PASSAGE,hres-1275-119,,RULE_RESOLUTION,Republican,https://clerk.house.gov/evs/2026/roll159.xml,
h-119-2-160,2026-05-13,PROCEDURAL,hres-1274-119,,PROCEDURAL_CATEGORY,,https://clerk.house.gov/evs/2026/roll160.xml,
h-119-2-161,2026-05-13,PASSAGE,hres-1274-119,,NO_IMPACT_TAG,,https://clerk.house.gov/evs/2026/roll161.xml,
h-119-2-162,2026-05-13,SUSPENSION,hres-1252-119,,PROCEDURAL_CATEGORY,,https://clerk.house.gov/evs/2026/roll162.xml,
h-119-2-163,2026-05-13,MOTION_TO_RECOMMIT,hr-1346-119,REGULATORY_BURDEN,PROCEDURAL_CATEGORY,,https://clerk.house.gov/evs/2026/roll163.xml,
h-119-2-165,2026-05-13,PASSAGE,hconres-96-119,,NO_IMPACT_TAG,,https://clerk.house.gov/evs/2026/roll165.xml,
h-119-2-166,2026-05-13,SUSPENSION,hres-1251-119,,PROCEDURAL_CATEGORY,,https://clerk.house.gov/evs/2026/roll166.xml,
h-119-2-167,2026-05-13,SUSPENSION,hres-1259-119,,PROCEDURAL_CATEGORY,,https://clerk.house.gov/evs/2026/roll167.xml,
s-119-2-118,2026-05-13,PROCEDURAL,sjres-163-119,,PROCEDURAL_CATEGORY,,https://www.senate.gov/legislative/LIS/roll_call_votes/vote1192/vote_119_2_00118.xml,
s-119-2-119,2026-05-13,CLOTURE,sres-526-119,,PROCEDURAL_CATEGORY,,https://www.senate.gov/legislative/LIS/roll_call_votes/vote1192/vote_119_2_00119.xml,
s-119-2-120,2026-05-13,NOMINATION,pn-855-1-119,,PROCEDURAL_CATEGORY,,https://www.senate.gov/legislative/LIS/roll_call_votes/vote1192/vote_119_2_00120.xml,
s-119-2-121,2026-05-13,PROCEDURAL,sjres-132-119,,PROCEDURAL_CATEGORY,,https://www.senate.gov/legislative/LIS/roll_call_votes/vote1192/vote_119_2_00121.xml,
s-119-2-122,2026-05-13,PROCEDURAL,sjres-141-119,,PROCEDURAL_CATEGORY,,https://www.senate.gov/legislative/LIS/roll_call_votes/vote1192/vote_119_2_00122.xml,
s-119-2-123,2026-05-13,PROCEDURAL,sjres-130-119,,PROCEDURAL_CATEGORY,,https://www.senate.gov/legislative/LIS/roll_call_votes/vote1192/vote_119_2_00123.xml,
h-119-2-168,2026-05-14,MOTION_TO_RECOMMIT,hr-6260-119,,PROCEDURAL_CATEGORY,,https://clerk.house.gov/evs/2026/roll168.xml,
h-119-2-169,2026-05-14,PASSAGE,hr-6260-119,,NO_IMPACT_TAG,,https://clerk.house.gov/evs/2026/roll169.xml,
h-119-2-170,2026-05-14,PASSAGE,hconres-75-119,,NO_IMPACT_TAG,,https://clerk.house.gov/evs/2026/roll170.xml,
h-119-2-171,2026-05-14,PASSAGE,hr-5625-119,,NO_IMPACT_TAG,,https://clerk.house.gov/evs/2026/roll171.xml,
h-119-2-172,2026-05-14,MOTION_TO_RECOMMIT,hr-8365-119,,PROCEDURAL_CATEGORY,,https://clerk.house.gov/evs/2026/roll172.xml,
h-119-2-173,2026-05-14,PASSAGE,hr-8365-119,,NO_IMPACT_TAG,,https://clerk.house.gov/evs/2026/roll173.xml,
s-119-2-124,2026-05-14,CLOTURE,pn-806-1-119,,PROCEDURAL_CATEGORY,,https://www.senate.gov/legislative/LIS/roll_call_votes/vote1192/vote_119_2_00124.xml,
h-119-2-174,2026-05-15,AMENDMENT,hr-8469-119,,NO_IMPACT_TAG,,https://clerk.house.gov/evs/2026/roll174.xml,
h-119-2-175,2026-05-15,PASSAGE,hr-8469-119,,NO_IMPACT_TAG,,https://clerk.house.gov/evs/2026/roll175.xml,
s-119-2-125,2026-05-18,NOMINATION,pn-806-1-119,,PROCEDURAL_CATEGORY,,https://www.senate.gov/legislative/LIS/roll_call_votes/vote1192/vote_119_2_00125.xml,
s-119-2-126,2026-05-19,CLOTURE,pn-851-1-119,,PROCEDURAL_CATEGORY,,https://www.senate.gov/legislative/LIS/roll_call_votes/vote1192/vote_119_2_00126.xml,
s-119-2-127,2026-05-19,NOMINATION,pn-851-1-119,,PROCEDURAL_CATEGORY,,https://www.senate.gov/legislative/LIS/roll_call_votes/vote1192/vote_119_2_00127.xml,
s-119-2-128,2026-05-19,CLOTURE,pn-851-6-119,,PROCEDURAL_CATEGORY,,https://www.senate.gov/legislative/LIS/roll_call_votes/vote1192/vote_119_2_00128.xml,
s-119-2-129,2026-05-19,PROCEDURAL,sjres-185-119,,PROCEDURAL_CATEGORY,Democrat,https://www.senate.gov/legislative/LIS/roll_call_votes/vote1192/vote_119_2_00129.xml,
h-119-2-176,2026-05-20,SUSPENSION,hres-1299-119,,PROCEDURAL_CATEGORY,,https://clerk.house.gov/evs/2026/roll176.xml,
h-119-2-177,2026-05-20,SUSPENSION,hr-3234-119,,PROCEDURAL_CATEGORY,,https://clerk.house.gov/evs/2026/roll177.xml,
h-119-2-178,2026-05-20,SUSPENSION,hr-4544-119,,PROCEDURAL_CATEGORY,,https://clerk.house.gov/evs/2026/roll178.xml,
h-119-2-179,2026-05-20,SUSPENSION,hr-5317-119,,PROCEDURAL_CATEGORY,,https://clerk.house.gov/evs/2026/roll179.xml,
h-119-2-180,2026-05-20,SUSPENSION,s-2393-119,,PROCEDURAL_CATEGORY,,https://clerk.house.gov/evs/2026/roll180.xml,
h-119-2-181,2026-05-20,SUSPENSION,s-1003-119,,PROCEDURAL_CATEGORY,,https://clerk.house.gov/evs/2026/roll181.xml,
h-119-2-182,2026-05-20,SUSPENSION,hr-1993-119,,PROCEDURAL_CATEGORY,,https://clerk.house.gov/evs/2026/roll182.xml,
h-119-2-183,2026-05-20,MOTION_TO_RECOMMIT,hr-2616-119,,PROCEDURAL_CATEGORY,,https://clerk.house.gov/evs/2026/roll183.xml,
h-119-2-184,2026-05-20,PASSAGE,hr-2616-119,,NO_IMPACT_TAG,,https://clerk.house.gov/evs/2026/roll184.xml,
h-119-2-185,2026-05-20,PROCEDURAL,hres-1300-119,,PROCEDURAL_CATEGORY,,https://clerk.house.gov/evs/2026/roll185.xml,
h-119-2-186,2026-05-20,PASSAGE,hres-1300-119,,RULE_RESOLUTION,,https://clerk.house.gov/evs/2026/roll186.xml,
s-119-2-130,2026-05-20,NOMINATION,pn-851-6-119,,PROCEDURAL_CATEGORY,,https://www.senate.gov/legislative/LIS/roll_call_votes/vote1192/vote_119_2_00130.xml,
h-119-2-187,2026-05-21,MOTION_TO_RECOMMIT,hr-1329-119,,PROCEDURAL_CATEGORY,,https://clerk.house.gov/evs/2026/roll187.xml,
h-119-2-188,2026-05-21,PASSAGE,hr-1329-119,,NO_IMPACT_TAG,,https://clerk.house.gov/evs/2026/roll188.xml,
h-119-2-189,2026-05-21,MOTION_TO_RECOMMIT,hr-1041-119,,PROCEDURAL_CATEGORY,,https://clerk.house.gov/evs/2026/roll189.xml,
h-119-2-190,2026-05-21,PASSAGE,hr-1041-119,,NO_IMPACT_TAG,,https://clerk.house.gov/evs/2026/roll190.xml,
h-119-2-191,2026-05-21,PASSAGE,hr-6047-119,,NO_IMPACT_TAG,,https://clerk.house.gov/evs/2026/roll191.xml,
s-119-2-131,2026-06-01,CLOTURE,pn-851-3-119,,PROCEDURAL_CATEGORY,,https://www.senate.gov/legislative/LIS/roll_call_votes/vote1192/vote_119_2_00131.xml,
s-119-2-132,2026-06-02,NOMINATION,pn-851-3-119,,PROCEDURAL_CATEGORY,,https://www.senate.gov/legislative/LIS/roll_call_votes/vote1192/vote_119_2_00132.xml,
s-119-2-133,2026-06-02,CLOTURE,pn-851-2-119,,PROCEDURAL_CATEGORY,,https://www.senate.gov/legislative/LIS/roll_call_votes/vote1192/vote_119_2_00133.xml,
s-119-2-134,2026-06-02,NOMINATION,pn-851-2-119,,PROCEDURAL_CATEGORY,,https://www.senate.gov/legislative/LIS/roll_call_votes/vote1192/vote_119_2_00134.xml,
h-119-2-192,2026-06-03,SUSPENSION,hr-7618-119,,PROCEDURAL_CATEGORY,Republican,https://clerk.house.gov/evs/2026/roll192.xml,
h-119-2-193,2026-06-03,SUSPENSION,s-254-119,,PROCEDURAL_CATEGORY,,https://clerk.house.gov/evs/2026/roll193.xml,
h-119-2-194,2026-06-03,PROCEDURAL,hres-1333-119,WORKFORCE,PROCEDURAL_CATEGORY,,https://clerk.house.gov/evs/2026/roll194.xml,
h-119-2-195,2026-06-03,PASSAGE,hres-1333-119,WORKFORCE,RULE_RESOLUTION,,https://clerk.house.gov/evs/2026/roll195.xml,
h-119-2-196,2026-06-03,SUSPENSION,hr-2860-119,REGULATORY_BURDEN,PROCEDURAL_CATEGORY,,https://clerk.house.gov/evs/2026/roll196.xml,
h-119-2-197,2026-06-03,MOTION_TO_RECOMMIT,hr-7726-119,WORKFORCE,PROCEDURAL_CATEGORY,,https://clerk.house.gov/evs/2026/roll197.xml,
h-119-2-198,2026-06-03,PASSAGE,hr-7726-119,WORKFORCE,UNADJUDICATED_DIRECTION,,https://clerk.house.gov/evs/2026/roll198.xml,
h-119-2-199,2026-06-03,PASSAGE,hconres-86-119,,NO_IMPACT_TAG,,https://clerk.house.gov/evs/2026/roll199.xml,
h-119-2-200,2026-06-03,PROCEDURAL,hres-518-119,,PROCEDURAL_CATEGORY,,https://clerk.house.gov/evs/2026/roll200.xml,
s-119-2-135,2026-06-03,PROCEDURAL,sjres-188-119,REGULATORY_BURDEN,PROCEDURAL_CATEGORY,,https://www.senate.gov/legislative/LIS/roll_call_votes/vote1192/vote_119_2_00135.xml,
s-119-2-136,2026-06-03,PROCEDURAL,s-2-119,,PROCEDURAL_CATEGORY,,https://www.senate.gov/legislative/LIS/roll_call_votes/vote1192/vote_119_2_00136.xml,
h-119-2-201,2026-06-04,PASSAGE,hconres-84-119,,NO_IMPACT_TAG,,https://clerk.house.gov/evs/2026/roll201.xml,
h-119-2-202,2026-06-04,PROCEDURAL,hres-1336-119,,PROCEDURAL_CATEGORY,,https://clerk.house.gov/evs/2026/roll202.xml,
h-119-2-203,2026-06-04,PASSAGE,hres-1336-119,,NO_IMPACT_TAG,,https://clerk.house.gov/evs/2026/roll203.xml,
h-119-2-204,2026-06-04,MOTION_TO_RECOMMIT,hr-8646-119,,PROCEDURAL_CATEGORY,,https://clerk.house.gov/evs/2026/roll204.xml,
h-119-2-205,2026-06-04,PASSAGE,hr-8646-119,,NO_IMPACT_TAG,,https://clerk.house.gov/evs/2026/roll205.xml,
h-119-2-206,2026-06-04,PASSAGE,hres-518-119,,RULE_RESOLUTION,,https://clerk.house.gov/evs/2026/roll206.xml,
h-119-2-207,2026-06-04,PASSAGE,hr-2913-119,,NO_IMPACT_TAG,,https://clerk.house.gov/evs/2026/roll207.xml,
s-119-2-137,2026-06-04,PROCEDURAL,s-2-119,,PROCEDURAL_CATEGORY,,https://www.senate.gov/legislative/LIS/roll_call_votes/vote1192/vote_119_2_00137.xml,
s-119-2-138,2026-06-04,PROCEDURAL,,,PROCEDURAL_CATEGORY,,https://www.senate.gov/legislative/LIS/roll_call_votes/vote1192/vote_119_2_00138.xml,
s-119-2-139,2026-06-04,PROCEDURAL,,,PROCEDURAL_CATEGORY,,https://www.senate.gov/legislative/LIS/roll_call_votes/vote1192/vote_119_2_00139.xml,
s-119-2-140,2026-06-04,PROCEDURAL,,,PROCEDURAL_CATEGORY,,https://www.senate.gov/legislative/LIS/roll_call_votes/vote1192/vote_119_2_00140.xml,
s-119-2-141,2026-06-04,PROCEDURAL,s-2-119,,PROCEDURAL_CATEGORY,,https://www.senate.gov/legislative/LIS/roll_call_votes/vote1192/vote_119_2_00141.xml,
s-119-2-142,2026-06-04,PROCEDURAL,,,PROCEDURAL_CATEGORY,,https://www.senate.gov/legislative/LIS/roll_call_votes/vote1192/vote_119_2_00142.xml,
s-119-2-143,2026-06-04,PROCEDURAL,,,PROCEDURAL_CATEGORY,,https://www.senate.gov/legislative/LIS/roll_call_votes/vote1192/vote_119_2_00143.xml,
s-119-2-144,2026-06-04,PROCEDURAL,,,PROCEDURAL_CATEGORY,,https://www.senate.gov/legislative/LIS/roll_call_votes/vote1192/vote_119_2_00144.xml,
s-119-2-145,2026-06-04,PROCEDURAL,,,PROCEDURAL_CATEGORY,,https://www.senate.gov/legislative/LIS/roll_call_votes/vote1192/vote_119_2_00145.xml,
s-119-2-146,2026-06-04,PROCEDURAL,,,PROCEDURAL_CATEGORY,,https://www.senate.gov/legislative/LIS/roll_call_votes/vote1192/vote_119_2_00146.xml,
s-119-2-147,2026-06-04,PROCEDURAL,s-2-119,,PROCEDURAL_CATEGORY,,https://www.senate.gov/legislative/LIS/roll_call_votes/vote1192/vote_119_2_00147.xml,
s-119-2-148,2026-06-04,PROCEDURAL,,,PROCEDURAL_CATEGORY,,https://www.senate.gov/legislative/LIS/roll_call_votes/vote1192/vote_119_2_00148.xml,
s-119-2-149,2026-06-04,PROCEDURAL,,,PROCEDURAL_CATEGORY,,https://www.senate.gov/legislative/LIS/roll_call_votes/vote1192/vote_119_2_00149.xml,
s-119-2-150,2026-06-04,PROCEDURAL,,,PROCEDURAL_CATEGORY,,https://www.senate.gov/legislative/LIS/roll_call_votes/vote1192/vote_119_2_00150.xml,
s-119-2-151,2026-06-05,PROCEDURAL,,,PROCEDURAL_CATEGORY,,https://www.senate.gov/legislative/LIS/roll_call_votes/vote1192/vote_119_2_00151.xml,
s-119-2-152,2026-06-05,PROCEDURAL,,,PROCEDURAL_CATEGORY,,https://www.senate.gov/legislative/LIS/roll_call_votes/vote1192/vote_119_2_00152.xml,
s-119-2-153,2026-06-05,PROCEDURAL,s-2-119,,PROCEDURAL_CATEGORY,,https://www.senate.gov/legislative/LIS/roll_call_votes/vote1192/vote_119_2_00153.xml,
s-119-2-154,2026-06-05,AMENDMENT,,,NO_IMPACT_TAG,,https://www.senate.gov/legislative/LIS/roll_call_votes/vote1192/vote_119_2_00154.xml,
s-119-2-155,2026-06-05,AMENDMENT,,,NO_IMPACT_TAG,,https://www.senate.gov/legislative/LIS/roll_call_votes/vote1192/vote_119_2_00155.xml,
s-119-2-156,2026-06-05,AMENDMENT,,,NO_IMPACT_TAG,,https://www.senate.gov/legislative/LIS/roll_call_votes/vote1192/vote_119_2_00156.xml,
s-119-2-157,2026-06-05,AMENDMENT,,,NO_IMPACT_TAG,,https://www.senate.gov/legislative/LIS/roll_call_votes/vote1192/vote_119_2_00157.xml,
s-119-2-158,2026-06-05,PROCEDURAL,,,PROCEDURAL_CATEGORY,,https://www.senate.gov/legislative/LIS/roll_call_votes/vote1192/vote_119_2_00158.xml,
s-119-2-159,2026-06-05,PROCEDURAL,,,PROCEDURAL_CATEGORY,,https://www.senate.gov/legislative/LIS/roll_call_votes/vote1192/vote_119_2_00159.xml,
s-119-2-160,2026-06-05,AMENDMENT,,,NO_IMPACT_TAG,,https://www.senate.gov/legislative/LIS/roll_call_votes/vote1192/vote_119_2_00160.xml,
s-119-2-161,2026-06-05,PROCEDURAL,,,PROCEDURAL_CATEGORY,,https://www.senate.gov/legislative/LIS/roll_call_votes/vote1192/vote_119_2_00161.xml,
s-119-2-162,2026-06-05,PROCEDURAL,,,PROCEDURAL_CATEGORY,,https://www.senate.gov/legislative/LIS/roll_call_votes/vote1192/vote_119_2_00162.xml,
s-119-2-163,2026-06-05,PASSAGE,s-2-119,,NO_IMPACT_TAG,,https://www.senate.gov/legislative/LIS/roll_call_votes/vote1192/vote_119_2_00163.xml,
s-119-2-164,2026-06-05,PROCEDURAL,s-1318-119,,PROCEDURAL_CATEGORY,,https://www.senate.gov/legislative/LIS/roll_call_votes/vote1192/vote_119_2_00164.xml,
h-119-2-208,2026-06-08,SUSPENSION,hr-8466-119,,PROCEDURAL_CATEGORY,,https://clerk.house.gov/evs/2026/roll208.xml,
h-119-2-209,2026-06-08,SUSPENSION,hr-8428-119,,PROCEDURAL_CATEGORY,,https://clerk.house.gov/evs/2026/roll209.xml,
s-119-2-165,2026-06-08,CLOTURE,pn-851-4-119,,PROCEDURAL_CATEGORY,,https://www.senate.gov/legislative/LIS/roll_call_votes/vote1192/vote_119_2_00165.xml,
h-119-2-210,2026-06-09,PROCEDURAL,hres-1345-119,,PROCEDURAL_CATEGORY,,https://clerk.house.gov/evs/2026/roll210.xml,
h-119-2-211,2026-06-09,PASSAGE,hres-1345-119,,RULE_RESOLUTION,,https://clerk.house.gov/evs/2026/roll211.xml,
h-119-2-212,2026-06-09,PROCEDURAL,hres-1140-119,,PROCEDURAL_CATEGORY,,https://clerk.house.gov/evs/2026/roll212.xml,
h-119-2-213,2026-06-09,PROCEDURAL,s-2-119,,PROCEDURAL_CATEGORY,,https://clerk.house.gov/evs/2026/roll213.xml,
h-119-2-214,2026-06-09,PASSAGE,s-2-119,,NO_IMPACT_TAG,,https://clerk.house.gov/evs/2026/roll214.xml,
h-119-2-215,2026-06-09,PASSAGE,hres-1140-119,,RULE_RESOLUTION,,https://clerk.house.gov/evs/2026/roll215.xml,
s-119-2-166,2026-06-09,NOMINATION,pn-851-4-119,,PROCEDURAL_CATEGORY,,https://www.senate.gov/legislative/LIS/roll_call_votes/vote1192/vote_119_2_00166.xml,
h-119-2-217,2026-06-10,PASSAGE,hr-7892-119,,NO_IMPACT_TAG,,https://clerk.house.gov/evs/2026/roll217.xml,
h-119-2-218,2026-06-10,PASSAGE,hr-8312-119,,NO_IMPACT_TAG,,https://clerk.house.gov/evs/2026/roll218.xml,
h-119-2-219,2026-06-10,MOTION_TO_RECOMMIT,hr-8464-119,,PROCEDURAL_CATEGORY,,https://clerk.house.gov/evs/2026/roll219.xml,
h-119-2-220,2026-06-10,PASSAGE,hr-8464-119,,NO_IMPACT_TAG,,https://clerk.house.gov/evs/2026/roll220.xml,
s-119-2-167,2026-06-10,CLOTURE,pn-851-5-119,,PROCEDURAL_CATEGORY,,https://www.senate.gov/legislative/LIS/roll_call_votes/vote1192/vote_119_2_00167.xml,
s-119-2-168,2026-06-10,NOMINATION,pn-851-5-119,,PROCEDURAL_CATEGORY,,https://www.senate.gov/legislative/LIS/roll_call_votes/vote1192/vote_119_2_00168.xml,
s-119-2-169,2026-06-10,CLOTURE,pn-901-4-119,,PROCEDURAL_CATEGORY,,https://www.senate.gov/legislative/LIS/roll_call_votes/vote1192/vote_119_2_00169.xml,
h-119-2-221,2026-06-11,SUSPENSION,hr-9238-119,,PROCEDURAL_CATEGORY,,https://clerk.house.gov/evs/2026/roll221.xml,
h-119-2-222,2026-06-11,PASSAGE,hres-1335-119,,NO_IMPACT_TAG,,https://clerk.house.gov/evs/2026/roll222.xml,
s-119-2-170,2026-06-11,NOMINATION,pn-901-4-119,,PROCEDURAL_CATEGORY,,https://www.senate.gov/legislative/LIS/roll_call_votes/vote1192/vote_119_2_00170.xml,
s-119-2-171,2026-06-11,CLOTURE,pn-851-7-119,,PROCEDURAL_CATEGORY,,https://www.senate.gov/legislative/LIS/roll_call_votes/vote1192/vote_119_2_00171.xml,
s-119-2-172,2026-06-15,NOMINATION,pn-851-7-119,,PROCEDURAL_CATEGORY,,https://www.senate.gov/legislative/LIS/roll_call_votes/vote1192/vote_119_2_00172.xml,
s-119-2-173,2026-06-16,PROCEDURAL,sjres-190-119,WORKFORCE,PROCEDURAL_CATEGORY,Democrat,https://www.senate.gov/legislative/LIS/roll_call_votes/vote1192/vote_119_2_00173.xml,
s-119-2-174,2026-06-16,PROCEDURAL,sjres-172-119,,PROCEDURAL_CATEGORY,,https://www.senate.gov/legislative/LIS/roll_call_votes/vote1192/vote_119_2_00174.xml,
s-119-2-175,2026-06-16,PROCEDURAL,hr-6644-119,,PROCEDURAL_CATEGORY,,https://www.senate.gov/legislative/LIS/roll_call_votes/vote1192/vote_119_2_00175.xml,
s-119-2-176,2026-06-17,CLOTURE,pn-901-8-119,,PROCEDURAL_CATEGORY,,https://www.senate.gov/legislative/LIS/roll_call_votes/vote1192/vote_119_2_00176.xml,
s-119-2-177,2026-06-17,NOMINATION,pn-901-8-119,,PROCEDURAL_CATEGORY,,https://www.senate.gov/legislative/LIS/roll_call_votes/vote1192/vote_119_2_00177.xml,
s-119-2-178,2026-06-17,CLOTURE,pn-730-33-119,,PROCEDURAL_CATEGORY,,https://www.senate.gov/legislative/LIS/roll_call_votes/vote1192/vote_119_2_00178.xml,
s-119-2-179,2026-06-17,PROCEDURAL,sres-616-119,,PROCEDURAL_CATEGORY,,https://www.senate.gov/legislative/LIS/roll_call_votes/vote1192/vote_119_2_00179.xml,
s-119-2-180,2026-06-18,CLOTURE,hr-6644-119,,PROCEDURAL_CATEGORY,,https://www.senate.gov/legislative/LIS/roll_call_votes/vote1192/vote_119_2_00180.xml,
s-119-2-181,2026-06-18,NOMINATION,pn-730-33-119,,PROCEDURAL_CATEGORY,,https://www.senate.gov/legislative/LIS/roll_call_votes/vote1192/vote_119_2_00181.xml,
s-119-2-182,2026-06-22,PROCEDURAL,hr-6644-119,,PROCEDURAL_CATEGORY,,https://www.senate.gov/legislative/LIS/roll_call_votes/vote1192/vote_119_2_00182.xml,
h-119-2-223,2026-06-23,SUSPENSION,s-629-119,,PROCEDURAL_CATEGORY,,https://clerk.house.gov/evs/2026/roll223.xml,
h-119-2-224,2026-06-23,SUSPENSION,hr-6644-119,,PROCEDURAL_CATEGORY,,https://clerk.house.gov/evs/2026/roll224.xml,
s-119-2-183,2026-06-23,NOMINATION,pn-859-3-119,,PROCEDURAL_CATEGORY,,https://www.senate.gov/legislative/LIS/roll_call_votes/vote1192/vote_119_2_00183.xml,
s-119-2-184,2026-06-23,PROCEDURAL,hconres-86-119,,PROCEDURAL_CATEGORY,,https://www.senate.gov/legislative/LIS/roll_call_votes/vote1192/vote_119_2_00184.xml,
h-119-2-225,2026-06-24,SUSPENSION,hr-7401-119,ACCESS_TO_CAPITAL,PROCEDURAL_CATEGORY,,https://clerk.house.gov/evs/2026/roll225.xml,
h-119-2-226,2026-06-24,SUSPENSION,hr-915-119,,PROCEDURAL_CATEGORY,,https://clerk.house.gov/evs/2026/roll226.xml,
s-119-2-185,2026-06-24,CLOTURE,pn-930-7-119,,PROCEDURAL_CATEGORY,,https://www.senate.gov/legislative/LIS/roll_call_votes/vote1192/vote_119_2_00185.xml,
s-119-2-186,2026-06-24,NOMINATION,pn-930-7-119,,PROCEDURAL_CATEGORY,,https://www.senate.gov/legislative/LIS/roll_call_votes/vote1192/vote_119_2_00186.xml,
s-119-2-187,2026-06-24,CLOTURE,pn-930-2-119,,PROCEDURAL_CATEGORY,,https://www.senate.gov/legislative/LIS/roll_call_votes/vote1192/vote_119_2_00187.xml,
s-119-2-188,2026-06-24,NOMINATION,pn-930-2-119,,PROCEDURAL_CATEGORY,,https://www.senate.gov/legislative/LIS/roll_call_votes/vote1192/vote_119_2_00188.xml,
s-119-2-189,2026-06-24,CLOTURE,pn-930-3-119,,PROCEDURAL_CATEGORY,,https://www.senate.gov/legislative/LIS/roll_call_votes/vote1192/vote_119_2_00189.xml,
s-119-2-190,2026-06-24,PROCEDURAL,sjres-196-119,,PROCEDURAL_CATEGORY,,https://www.senate.gov/legislative/LIS/roll_call_votes/vote1192/vote_119_2_00190.xml,
s-119-2-191,2026-06-24,CLOTURE,pn-938-2-119,,PROCEDURAL_CATEGORY,,https://www.senate.gov/legislative/LIS/roll_call_votes/vote1192/vote_119_2_00191.xml,
s-119-2-192,2026-06-24,PROCEDURAL,sjres-185-119,,PROCEDURAL_CATEGORY,Democrat,https://www.senate.gov/legislative/LIS/roll_call_votes/vote1192/vote_119_2_00192.xml,
h-119-2-227,2026-06-25,SUSPENSION,hr-2478-119,,PROCEDURAL_CATEGORY,,https://clerk.house.gov/evs/2026/roll227.xml,
h-119-2-228,2026-06-29,SUSPENSION,hr-7757-119,,PROCEDURAL_CATEGORY,,https://clerk.house.gov/evs/2026/roll228.xml,
h-119-2-229,2026-06-29,SUSPENSION,hr-7128-119,,PROCEDURAL_CATEGORY,,https://clerk.house.gov/evs/2026/roll229.xml,
h-119-2-230,2026-06-30,PROCEDURAL,hres-1398-119,,PROCEDURAL_CATEGORY,,https://clerk.house.gov/evs/2026/roll230.xml,
h-119-2-231,2026-06-30,PASSAGE,hres-1398-119,,RULE_RESOLUTION,,https://clerk.house.gov/evs/2026/roll231.xml,
h-119-2-232,2026-06-30,PASSAGE,hconres-108-119,,NO_IMPACT_TAG,,https://clerk.house.gov/evs/2026/roll232.xml,
h-119-2-233,2026-06-30,PASSAGE,hres-1399-119,,NO_IMPACT_TAG,,https://clerk.house.gov/evs/2026/roll233.xml,
h-119-2-234,2026-07-13,SUSPENSION,hr-3106-119,,PROCEDURAL_CATEGORY,,https://clerk.house.gov/evs/2026/roll234.xml,
h-119-2-235,2026-07-13,SUSPENSION,hr-8897-119,,PROCEDURAL_CATEGORY,,https://clerk.house.gov/evs/2026/roll235.xml,
s-119-2-193,2026-07-13,NOMINATION,pn-930-3-119,,PROCEDURAL_CATEGORY,,https://www.senate.gov/legislative/LIS/roll_call_votes/vote1192/vote_119_2_00193.xml,
h-119-2-236,2026-07-14,PROCEDURAL,hres-1423-119,,PROCEDURAL_CATEGORY,,https://clerk.house.gov/evs/2026/roll236.xml,
h-119-2-237,2026-07-14,PASSAGE,hres-1423-119,,RULE_RESOLUTION,,https://clerk.house.gov/evs/2026/roll237.xml,
h-119-2-238,2026-07-14,PASSAGE,hr-139-119,,NO_IMPACT_TAG,,https://clerk.house.gov/evs/2026/roll238.xml,
h-119-2-239,2026-07-14,MOTION_TO_RECOMMIT,hr-1181-119,,PROCEDURAL_CATEGORY,,https://clerk.house.gov/evs/2026/roll239.xml,
h-119-2-240,2026-07-14,PASSAGE,hr-1181-119,,NO_IMPACT_TAG,,https://clerk.house.gov/evs/2026/roll240.xml,
s-119-2-194,2026-07-14,NOMINATION,pn-938-2-119,,PROCEDURAL_CATEGORY,,https://www.senate.gov/legislative/LIS/roll_call_votes/vote1192/vote_119_2_00194.xml,
s-119-2-195,2026-07-14,CLOTURE,s-4784-119,,PROCEDURAL_CATEGORY,,https://www.senate.gov/legislative/LIS/roll_call_votes/vote1192/vote_119_2_00195.xml,
h-119-2-241,2026-07-15,AMENDMENT,hr-8595-119,,NO_IMPACT_TAG,,https://clerk.house.gov/evs/2026/roll241.xml,
h-119-2-242,2026-07-15,AMENDMENT,hr-8595-119,,NO_IMPACT_TAG,,https://clerk.house.gov/evs/2026/roll242.xml,
h-119-2-243,2026-07-15,AMENDMENT,hr-8595-119,,NO_IMPACT_TAG,,https://clerk.house.gov/evs/2026/roll243.xml,
h-119-2-244,2026-07-15,AMENDMENT,hr-8595-119,,NO_IMPACT_TAG,,https://clerk.house.gov/evs/2026/roll244.xml,
h-119-2-245,2026-07-15,AMENDMENT,hr-8595-119,,NO_IMPACT_TAG,,https://clerk.house.gov/evs/2026/roll245.xml,
h-119-2-246,2026-07-15,MOTION_TO_RECOMMIT,hr-8595-119,,PROCEDURAL_CATEGORY,,https://clerk.house.gov/evs/2026/roll246.xml,
h-119-2-247,2026-07-15,PASSAGE,hr-8595-119,,NO_IMPACT_TAG,,https://clerk.house.gov/evs/2026/roll247.xml,
s-119-2-196,2026-07-15,CLOTURE,pn-930-4-119,,PROCEDURAL_CATEGORY,,https://www.senate.gov/legislative/LIS/roll_call_votes/vote1192/vote_119_2_00196.xml,
s-119-2-197,2026-07-15,NOMINATION,pn-930-4-119,,PROCEDURAL_CATEGORY,,https://www.senate.gov/legislative/LIS/roll_call_votes/vote1192/vote_119_2_00197.xml,
h-119-2-248,2026-07-16,SUSPENSION,hr-5362-119,,PROCEDURAL_CATEGORY,,https://clerk.house.gov/evs/2026/roll248.xml,
h-119-2-249,2026-07-16,MOTION_TO_RECOMMIT,hr-9237-119,,PROCEDURAL_CATEGORY,,https://clerk.house.gov/evs/2026/roll249.xml,
s-119-2-198,2026-07-16,CLOTURE,pn-851-8-119,,PROCEDURAL_CATEGORY,,https://www.senate.gov/legislative/LIS/roll_call_votes/vote1192/vote_119_2_00198.xml,
s-119-2-199,2026-07-16,PROCEDURAL,sjres-198-119,HEALTH_COSTS,PROCEDURAL_CATEGORY,,https://www.senate.gov/legislative/LIS/roll_call_votes/vote1192/vote_119_2_00199.xml,
h-119-2-250,2026-07-20,SUSPENSION,hr-4541-119,HEALTH_COSTS,PROCEDURAL_CATEGORY,,https://clerk.house.gov/evs/2026/roll250.xml,
h-119-2-251,2026-07-20,SUSPENSION,hr-8823-119,,PROCEDURAL_CATEGORY,,https://clerk.house.gov/evs/2026/roll251.xml,
s-119-2-200,2026-07-20,CLOTURE,pn-938-1-119,,PROCEDURAL_CATEGORY,,https://www.senate.gov/legislative/LIS/roll_call_votes/vote1192/vote_119_2_00200.xml,
h-119-2-252,2026-07-21,SUSPENSION,hr-1118-119,,PROCEDURAL_CATEGORY,,https://clerk.house.gov/evs/2026/roll252.xml,
h-119-2-253,2026-07-21,PROCEDURAL,hres-1438-119,,PROCEDURAL_CATEGORY,,https://clerk.house.gov/evs/2026/roll253.xml,
h-119-2-254,2026-07-21,PASSAGE,hres-1438-119,,RULE_RESOLUTION,,https://clerk.house.gov/evs/2026/roll254.xml,
h-119-2-255,2026-07-21,AMENDMENT,hr-8800-119,,NO_IMPACT_TAG,,https://clerk.house.gov/evs/2026/roll255.xml,
h-119-2-256,2026-07-21,AMENDMENT,hr-8800-119,,NO_IMPACT_TAG,,https://clerk.house.gov/evs/2026/roll256.xml,
h-119-2-257,2026-07-21,AMENDMENT,hr-8800-119,,NO_IMPACT_TAG,,https://clerk.house.gov/evs/2026/roll257.xml,
h-119-2-258,2026-07-21,AMENDMENT,hr-8800-119,,NO_IMPACT_TAG,,https://clerk.house.gov/evs/2026/roll258.xml,
h-119-2-259,2026-07-21,AMENDMENT,hr-8800-119,,NO_IMPACT_TAG,,https://clerk.house.gov/evs/2026/roll259.xml,
h-119-2-260,2026-07-21,AMENDMENT,hr-8800-119,,NO_IMPACT_TAG,,https://clerk.house.gov/evs/2026/roll260.xml,
h-119-2-261,2026-07-21,AMENDMENT,hr-8800-119,,NO_IMPACT_TAG,,https://clerk.house.gov/evs/2026/roll261.xml,
h-119-2-262,2026-07-21,AMENDMENT,hr-8800-119,,NO_IMPACT_TAG,,https://clerk.house.gov/evs/2026/roll262.xml,
h-119-2-263,2026-07-21,AMENDMENT,hr-8800-119,,NO_IMPACT_TAG,,https://clerk.house.gov/evs/2026/roll263.xml,
h-119-2-264,2026-07-21,AMENDMENT,hr-8800-119,,NO_IMPACT_TAG,,https://clerk.house.gov/evs/2026/roll264.xml,
h-119-2-265,2026-07-21,AMENDMENT,hr-8800-119,,NO_IMPACT_TAG,,https://clerk.house.gov/evs/2026/roll265.xml,
h-119-2-266,2026-07-21,AMENDMENT,hr-8800-119,,NO_IMPACT_TAG,,https://clerk.house.gov/evs/2026/roll266.xml,
h-119-2-267,2026-07-21,AMENDMENT,hr-8800-119,,NO_IMPACT_TAG,,https://clerk.house.gov/evs/2026/roll267.xml,
h-119-2-268,2026-07-21,AMENDMENT,hr-8800-119,,NO_IMPACT_TAG,,https://clerk.house.gov/evs/2026/roll268.xml,
h-119-2-269,2026-07-21,AMENDMENT,hr-8800-119,,NO_IMPACT_TAG,,https://clerk.house.gov/evs/2026/roll269.xml,
h-119-2-270,2026-07-21,MOTION_TO_RECOMMIT,hr-6955-119,,PROCEDURAL_CATEGORY,,https://clerk.house.gov/evs/2026/roll270.xml,
h-119-2-271,2026-07-21,PASSAGE,hr-6955-119,,NO_IMPACT_TAG,,https://clerk.house.gov/evs/2026/roll271.xml,
h-119-2-272,2026-07-21,PASSAGE,hr-9770-119,,NO_IMPACT_TAG,,https://clerk.house.gov/evs/2026/roll272.xml,
s-119-2-201,2026-07-21,NOMINATION,pn-851-8-119,,PROCEDURAL_CATEGORY,,https://www.senate.gov/legislative/LIS/roll_call_votes/vote1192/vote_119_2_00201.xml,
h-119-2-273,2026-07-22,AMENDMENT,hr-8800-119,,NO_IMPACT_TAG,,https://clerk.house.gov/evs/2026/roll273.xml,
h-119-2-274,2026-07-22,AMENDMENT,hr-8800-119,,NO_IMPACT_TAG,,https://clerk.house.gov/evs/2026/roll274.xml,
h-119-2-275,2026-07-22,AMENDMENT,hr-8800-119,,NO_IMPACT_TAG,,https://clerk.house.gov/evs/2026/roll275.xml,
h-119-2-276,2026-07-22,AMENDMENT,hr-8800-119,,NO_IMPACT_TAG,,https://clerk.house.gov/evs/2026/roll276.xml,
h-119-2-277,2026-07-22,MOTION_TO_RECOMMIT,hr-8800-119,,PROCEDURAL_CATEGORY,,https://clerk.house.gov/evs/2026/roll277.xml,
h-119-2-278,2026-07-22,PASSAGE,hr-8800-119,,NO_IMPACT_TAG,,https://clerk.house.gov/evs/2026/roll278.xml,
h-119-2-279,2026-07-22,MOTION_TO_RECOMMIT,hr-7008-119,,PROCEDURAL_CATEGORY,,https://clerk.house.gov/evs/2026/roll279.xml,
h-119-2-280,2026-07-22,PASSAGE,hr-7008-119,,NO_IMPACT_TAG,,https://clerk.house.gov/evs/2026/roll280.xml,
h-119-2-281,2026-07-22,PASSAGE,hconres-113-119,,NO_IMPACT_TAG,,https://clerk.house.gov/evs/2026/roll281.xml,
s-119-2-202,2026-07-22,NOMINATION,pn-938-1-119,,PROCEDURAL_CATEGORY,,https://www.senate.gov/legislative/LIS/roll_call_votes/vote1192/vote_119_2_00202.xml,
s-119-2-203,2026-07-22,CLOTURE,pn-999-3-119,,PROCEDURAL_CATEGORY,,https://www.senate.gov/legislative/LIS/roll_call_votes/vote1192/vote_119_2_00203.xml,
s-119-2-204,2026-07-22,NOMINATION,pn-999-3-119,,PROCEDURAL_CATEGORY,,https://www.senate.gov/legislative/LIS/roll_call_votes/vote1192/vote_119_2_00204.xml,
s-119-2-205,2026-07-22,CLOTURE,pn-999-5-119,,PROCEDURAL_CATEGORY,,https://www.senate.gov/legislative/LIS/roll_call_votes/vote1192/vote_119_2_00205.xml,
s-119-2-206,2026-07-22,CLOTURE,pn-999-6-119,,PROCEDURAL_CATEGORY,,https://www.senate.gov/legislative/LIS/roll_call_votes/vote1192/vote_119_2_00206.xml,
h-119-2-282,2026-07-23,PASSAGE,hconres-89-119,,NO_IMPACT_TAG,,https://clerk.house.gov/evs/2026/roll282.xml,
h-119-2-283,2026-07-23,PASSAGE,hr-8884-119,,NO_IMPACT_TAG,,https://clerk.house.gov/evs/2026/roll283.xml,
s-119-2-207,2026-07-23,PROCEDURAL,sjres-180-119,,PROCEDURAL_CATEGORY,,https://www.senate.gov/legislative/LIS/roll_call_votes/vote1192/vote_119_2_00207.xml,
s-119-2-208,2026-07-23,NOMINATION,pn-999-6-119,,PROCEDURAL_CATEGORY,,https://www.senate.gov/legislative/LIS/roll_call_votes/vote1192/vote_119_2_00208.xml,
s-119-2-209,2026-07-23,NOMINATION,pn-999-5-119,,PROCEDURAL_CATEGORY,,https://www.senate.gov/legislative/LIS/roll_call_votes/vote1192/vote_119_2_00209.xml,
s-119-2-210,2026-07-27,CLOTURE,pn-1092-119,,PROCEDURAL_CATEGORY,,https://www.senate.gov/legislative/LIS/roll_call_votes/vote1192/vote_119_2_00210.xml,
s-119-2-211,2026-07-28,NOMINATION,pn-1092-119,,PROCEDURAL_CATEGORY,,https://www.senate.gov/legislative/LIS/roll_call_votes/vote1192/vote_119_2_00211.xml,
s-119-2-212,2026-07-28,CLOTURE,hr-5334-119,,PROCEDURAL_CATEGORY,,https://www.senate.gov/legislative/LIS/roll_call_votes/vote1192/vote_119_2_00212.xml,
s-119-2-213,2026-07-29,PROCEDURAL,hr-5334-119,TAX_BURDEN,PROCEDURAL_CATEGORY,,https://www.senate.gov/legislative/LIS/roll_call_votes/vote1192/vote_119_2_00213.xml,
s-119-2-214,2026-07-29,CLOTURE,sres-817-119,,PROCEDURAL_CATEGORY,,https://www.senate.gov/legislative/LIS/roll_call_votes/vote1192/vote_119_2_00214.xml,
s-119-2-215,2026-07-30,PROCEDURAL,sjres-199-119,WORKFORCE,PROCEDURAL_CATEGORY,,https://www.senate.gov/legislative/LIS/roll_call_votes/vote1192/vote_119_2_00215.xml,
s-119-2-216,2026-07-30,PROCEDURAL,sjres-181-119,,PROCEDURAL_CATEGORY,,https://www.senate.gov/legislative/LIS/roll_call_votes/vote1192/vote_119_2_00216.xml,
s-119-2-217,2026-07-30,PROCEDURAL,sres-817-119,,PROCEDURAL_CATEGORY,,https://www.senate.gov/legislative/LIS/roll_call_votes/vote1192/vote_119_2_00217.xml,
s-119-2-218,2026-08-03,CLOTURE,hr-6500-119,,PROCEDURAL_CATEGORY,,https://www.senate.gov/legislative/LIS/roll_call_votes/vote1192/vote_119_2_00218.xml,
